# UFO_PACK.glb LOD_3 mesh, extracted
v -2.247153 4.622944 4.683498
v -2.106725 4.611543 4.748079
v -2.046891 4.691807 4.694953
v -2.408099 4.177197 5.044057
v -2.479027 4.190341 5.004394
v 0.000000 4.137375 6.005111
v -2.192636 4.679198 4.651093
v 0.000000 4.705731 5.464879
v 0.000000 4.639474 5.527857
v 0.000000 4.191558 5.953609
v -2.471465 4.217368 4.981691
v -2.408404 4.222822 5.000710
v -2.405324 4.453815 4.783076
v -2.313875 4.448229 4.823406
v 2.247154 4.622944 4.683498
v 2.106725 4.611543 4.748079
v 2.046892 4.691807 4.694953
v 2.408100 4.177197 5.044057
v 2.479027 4.190341 5.004394
v 2.192636 4.679198 4.651093
v 2.471466 4.217368 4.981691
v 2.408404 4.222822 5.000710
v 2.405325 4.453815 4.783076
v 2.313875 4.448228 4.823406
v -2.243938 4.614994 4.675104
v -2.243938 4.614994 4.675104
v -2.103511 4.603590 4.739687
v -2.043679 4.683851 4.686563
v -2.043679 4.683851 4.686563
v -2.404882 4.169242 5.035669
v -2.404882 4.169242 5.035669
v -2.475807 4.182390 4.996002
v -2.475807 4.182390 4.996002
v 0.000000 4.129114 5.996407
v 0.000000 4.129114 5.996407
v -2.189422 4.671247 4.642699
v -2.189422 4.671247 4.642699
v 0.000000 4.697472 5.456173
v 0.000000 4.697472 5.456173
v 0.000000 4.631215 5.519152
v 0.000000 4.183297 5.944905
v -2.468247 4.209417 4.973299
v -2.468247 4.209417 4.973299
v -2.405186 4.214869 4.992319
v -2.402108 4.445865 4.774683
v -2.402108 4.445865 4.774683
v -2.310659 4.440279 4.815012
v 2.243939 4.614994 4.675104
v 2.243939 4.614994 4.675104
v 2.103511 4.603590 4.739687
v 2.043679 4.683851 4.686563
v 2.043679 4.683851 4.686563
v 2.404882 4.169242 5.035669
v 2.404882 4.169242 5.035669
v 2.475808 4.182390 4.996002
v 2.475808 4.182390 4.996002
v 2.189422 4.671247 4.642699
v 2.189422 4.671247 4.642699
v 2.468248 4.209417 4.973299
v 2.468248 4.209417 4.973299
v 2.405187 4.214869 4.992319
v 2.402108 4.445865 4.774683
v 2.402108 4.445865 4.774683
v 2.310659 4.440279 4.815012
v -2.351857 1.880624 -16.661442
v -2.351857 1.880624 -16.661442
v -1.531487 1.880625 -16.756733
v -1.531487 1.880625 -16.756733
v -2.345289 1.830138 -16.614914
v -2.345289 1.830138 -16.614914
v -1.576608 1.825553 -17.250425
v -1.576608 1.825553 -17.250425
v -2.186528 1.832121 -16.383270
v -2.186528 1.832121 -16.383270
v -1.590238 1.832121 -16.452538
v -1.590238 1.832121 -16.452538
v -2.235577 2.153768 -16.776730
v -1.632251 2.153768 -16.846809
v -1.527209 1.830138 -16.709942
v -1.527209 1.830138 -16.709942
v -2.421147 1.825552 -17.152323
v -2.421147 1.825552 -17.152323
v -2.183934 1.846296 -16.360765
v -1.587602 1.846296 -16.430035
v -2.346240 1.841322 -16.621655
v -1.527704 1.839051 -16.715343
v -2.351856 1.880624 16.661442
v -2.351856 1.880624 16.661442
v -1.531486 1.880625 16.756733
v -1.531486 1.880625 16.756733
v -2.345288 1.830138 16.614914
v -2.345288 1.830138 16.614914
v -1.576607 1.825553 17.250425
v -1.576607 1.825553 17.250425
v -2.186527 1.832121 16.383270
v -2.186527 1.832121 16.383270
v -1.590236 1.832121 16.452538
v -1.590236 1.832121 16.452538
v -2.235575 2.153768 16.776730
v -1.632250 2.153768 16.846809
v -1.527208 1.830138 16.709942
v -1.527208 1.830138 16.709942
v -2.421145 1.825552 17.152323
v -2.421145 1.825552 17.152323
v -2.183933 1.846296 16.360765
v -1.587600 1.846296 16.430035
v -2.346239 1.841322 16.621655
v -1.527702 1.839051 16.715343
v 2.351856 1.880624 -16.661442
v 2.351856 1.880624 -16.661442
v 1.531486 1.880625 -16.756733
v 1.531486 1.880625 -16.756733
v 2.345288 1.830138 -16.614914
v 2.345288 1.830138 -16.614914
v 1.576607 1.825553 -17.250425
v 1.576607 1.825553 -17.250425
v 2.186527 1.832121 -16.383270
v 2.186527 1.832121 -16.383270
v 1.590236 1.832121 -16.452538
v 1.590236 1.832121 -16.452538
v 2.235575 2.153768 -16.776730
v 1.632250 2.153768 -16.846809
v 1.527208 1.830138 -16.709942
v 1.527208 1.830138 -16.709942
v 2.421145 1.825552 -17.152323
v 2.421145 1.825552 -17.152323
v 2.183933 1.846296 -16.360765
v 1.587600 1.846296 -16.430035
v 2.346239 1.841322 -16.621655
v 1.527702 1.839051 -16.715343
v 2.351857 1.880624 16.661442
v 2.351857 1.880624 16.661442
v 1.531487 1.880625 16.756733
v 1.531487 1.880625 16.756733
v 2.345289 1.830138 16.614914
v 2.345289 1.830138 16.614914
v 1.576608 1.825553 17.250425
v 1.576608 1.825553 17.250425
v 2.186528 1.832121 16.383270
v 2.186528 1.832121 16.383270
v 1.590238 1.832121 16.452538
v 1.590238 1.832121 16.452538
v 2.235577 2.153768 16.776730
v 1.632251 2.153768 16.846809
v 1.527209 1.830138 16.709942
v 1.527209 1.830138 16.709942
v 2.421147 1.825552 17.152323
v 2.421147 1.825552 17.152323
v 2.183934 1.846296 16.360765
v 1.587602 1.846296 16.430035
v 2.346240 1.841322 16.621655
v 1.527704 1.839051 16.715343
v -16.661442 1.880624 2.351858
v -16.661442 1.880624 2.351858
v -16.756733 1.880625 1.531488
v -16.756733 1.880625 1.531488
v -16.614914 1.830138 2.345290
v -16.614914 1.830138 2.345290
v -17.250425 1.825553 1.576609
v -17.250425 1.825553 1.576609
v -16.383270 1.832121 2.186529
v -16.383270 1.832121 2.186529
v -16.452538 1.832121 1.590239
v -16.452538 1.832121 1.590239
v -16.776730 2.153768 2.235578
v -16.846809 2.153768 1.632252
v -16.709942 1.830138 1.527210
v -16.709942 1.830138 1.527210
v -17.152323 1.825552 2.421147
v -17.152323 1.825552 2.421147
v -16.360765 1.846296 2.183935
v -16.430035 1.846296 1.587603
v -16.661442 1.880624 -2.351858
v -16.661442 1.880624 -2.351858
v -16.756733 1.880625 -1.531488
v -16.756733 1.880625 -1.531488
v -16.614914 1.830138 -2.345290
v -16.614914 1.830138 -2.345290
v -17.250425 1.825553 -1.576609
v -17.250425 1.825553 -1.576609
v -16.383270 1.832121 -2.186529
v -16.383270 1.832121 -2.186529
v -16.452538 1.832121 -1.590239
v -16.452538 1.832121 -1.590239
v -16.776730 2.153768 -2.235578
v -16.846809 2.153768 -1.632252
v -16.709942 1.830138 -1.527210
v -16.709942 1.830138 -1.527210
v -17.152323 1.825552 -2.421148
v -17.152323 1.825552 -2.421148
v -16.360765 1.846296 -2.183935
v -16.430035 1.846296 -1.587603
v -16.621655 1.841322 -2.346241
v -16.715343 1.839051 -1.527705
v 16.689558 1.880624 2.351857
v 16.689558 1.880624 2.351857
v 16.784849 1.880625 1.531487
v 16.784849 1.880625 1.531487
v 16.643030 1.830138 2.345288
v 16.643030 1.830138 2.345288
v 17.278542 1.825553 1.576607
v 17.278542 1.825553 1.576607
v 16.411386 1.832121 2.186528
v 16.411386 1.832121 2.186528
v 16.480654 1.832121 1.590237
v 16.480654 1.832121 1.590237
v 16.804846 2.153768 2.235576
v 16.874926 2.153768 1.632250
v 16.738058 1.830138 1.527208
v 16.738058 1.830138 1.527208
v 17.180439 1.825552 2.421146
v 17.180439 1.825552 2.421146
v 16.388882 1.846296 2.183934
v 16.458151 1.846296 1.587601
v 16.649771 1.841322 2.346240
v 16.743460 1.839051 1.527703
v 16.689558 1.880624 -2.351860
v 16.689558 1.880624 -2.351860
v 16.784849 1.880625 -1.531490
v 16.784849 1.880625 -1.531490
v 16.643030 1.830138 -2.345291
v 16.643030 1.830138 -2.345291
v 17.278542 1.825553 -1.576610
v 17.278542 1.825553 -1.576610
v 16.411386 1.832121 -2.186531
v 16.411386 1.832121 -2.186531
v 16.480654 1.832121 -1.590240
v 16.480654 1.832121 -1.590240
v 16.804846 2.153768 -2.235579
v 16.874926 2.153768 -1.632254
v 16.738058 1.830138 -1.527212
v 16.738058 1.830138 -1.527212
v 17.180439 1.825552 -2.421149
v 17.180439 1.825552 -2.421149
v 16.388882 1.846296 -2.183937
v 16.458151 1.846296 -1.587604
v 16.649771 1.841322 -2.346243
v 16.743460 1.839051 -1.527706
v -14.468082 1.880624 8.591244
v -14.468082 1.880624 8.591244
v -14.585510 1.908251 8.660972
v -14.585510 1.908251 8.660972
v -14.872171 1.880625 7.870965
v -14.872171 1.880625 7.870965
v -14.427681 1.830138 8.567251
v -14.427681 1.830138 8.567251
v -15.310340 1.825553 8.102862
v -15.310340 1.825553 8.102862
v -14.275114 1.832121 8.331482
v -14.275114 1.832121 8.331482
v -14.568830 1.832121 7.807946
v -14.568830 1.832121 7.807946
v -14.619278 2.153768 8.528375
v -14.916457 2.153768 7.998660
v -14.830643 1.830138 7.848985
v -14.830643 1.830138 7.848985
v -14.894343 1.825552 8.844358
v -14.894343 1.825552 8.844358
v -14.992881 1.908251 7.934848
v -14.992881 1.908251 7.934848
v -14.255346 1.846296 8.320416
v -14.549082 1.846296 7.796841
v -14.835437 1.839051 7.851523
v -14.468082 1.880624 -8.591244
v -14.468082 1.880624 -8.591244
v -14.872170 1.880625 -7.870966
v -14.872170 1.880625 -7.870966
v -14.427681 1.830138 -8.567252
v -14.427681 1.830138 -8.567252
v -15.310339 1.825553 -8.102863
v -15.310339 1.825553 -8.102863
v -14.275114 1.832121 -8.331482
v -14.275114 1.832121 -8.331482
v -14.568832 1.832121 -7.807946
v -14.568832 1.832121 -7.807946
v -14.619278 2.153768 -8.528375
v -14.916456 2.153768 -7.998660
v -14.830643 1.830138 -7.848986
v -14.830643 1.830138 -7.848986
v -14.894344 1.825552 -8.844359
v -14.894344 1.825552 -8.844359
v -14.255347 1.846296 -8.320416
v -14.549082 1.846296 -7.796842
v -14.433535 1.841322 -8.570727
v -14.835438 1.839051 -7.851524
v 14.496199 1.880624 8.591241
v 14.496199 1.880624 8.591241
v 14.900288 1.880625 7.870964
v 14.900288 1.880625 7.870964
v 14.455797 1.830138 8.567250
v 14.455797 1.830138 8.567250
v 15.338457 1.825553 8.102860
v 15.338457 1.825553 8.102860
v 14.303230 1.832121 8.331479
v 14.303230 1.832121 8.331479
v 14.596949 1.832121 7.807944
v 14.596949 1.832121 7.807944
v 14.647396 2.153768 8.528373
v 14.944574 2.153768 7.998658
v 14.858760 1.830138 7.848983
v 14.858760 1.830138 7.848983
v 14.922461 1.825552 8.844357
v 14.922461 1.825552 8.844357
v 14.283463 1.846296 8.320414
v 14.577199 1.846296 7.796839
v 14.461651 1.841322 8.570724
v 14.863554 1.839051 7.851522
v 14.496199 1.880624 -8.591247
v 14.496199 1.880624 -8.591247
v 14.900285 1.880625 -7.870967
v 14.900285 1.880625 -7.870967
v 14.455797 1.830138 -8.567253
v 14.455797 1.830138 -8.567253
v 15.338456 1.825553 -8.102864
v 15.338456 1.825553 -8.102864
v 14.303230 1.832121 -8.331485
v 14.303230 1.832121 -8.331485
v 14.596948 1.832121 -7.807947
v 14.596948 1.832121 -7.807947
v 14.647395 2.153768 -8.528377
v 14.944572 2.153768 -7.998662
v 14.858757 1.830138 -7.848986
v 14.858757 1.830138 -7.848986
v 14.922460 1.825552 -8.844360
v 14.922460 1.825552 -8.844360
v 14.283463 1.846296 -8.320417
v 14.577197 1.846296 -7.796843
v 14.461650 1.841322 -8.570729
v 14.863554 1.839051 -7.851525
v -0.103251 3.289676 8.298082
v -0.820909 1.868585 15.267735
v -0.820909 1.868585 15.267735
v -0.426717 3.286588 8.292920
v -0.426717 3.286588 8.292920
v -0.409015 3.278933 8.525543
v -0.574156 2.571705 13.705001
v -0.091579 3.378139 8.489338
v -0.225493 2.660635 13.767872
v -0.281869 2.575800 13.751730
v -0.189435 1.866337 15.367408
v -0.189435 1.866337 15.367408
v -0.101845 3.321226 8.197019
v -0.101845 3.321226 8.197019
v -0.121663 3.290652 8.473580
v 0.131368 3.289676 8.298082
v 0.849026 1.868585 15.267735
v 0.849026 1.868585 15.267735
v 0.454834 3.286588 8.292920
v 0.454834 3.286588 8.292920
v 0.437132 3.278933 8.525543
v 0.602273 2.571705 13.705001
v 0.119696 3.378139 8.489338
v 0.253610 2.660635 13.767872
v 0.309987 2.575800 13.751730
v 0.217552 1.866337 15.367408
v 0.217552 1.866337 15.367408
v 0.129962 3.321226 8.197019
v 0.129962 3.321226 8.197019
v 0.149780 3.290652 8.473580
v -0.194792 2.696677 11.924953
v -0.702956 2.599446 11.898884
v -1.085313 2.142415 12.206000
v -1.085313 2.142415 12.206000
v -0.248821 2.608657 11.915421
v -0.162339 2.142415 12.248975
v 0.222909 2.696677 11.924953
v 0.731074 2.599446 11.898884
v 1.113430 2.142415 12.206000
v 1.113430 2.142415 12.206000
v 0.276938 2.608657 11.915421
v 0.190456 2.142415 12.248975
v -0.820910 1.868585 -15.267736
v -0.820910 1.868585 -15.267736
v -0.426718 3.286588 -8.292922
v -0.426718 3.286588 -8.292922
v -0.409015 3.278933 -8.525545
v -0.574157 2.571705 -13.705003
v -0.091579 3.378139 -8.489340
v -0.225494 2.660635 -13.767874
v -0.281870 2.575800 -13.751732
v -0.189436 1.866337 -15.367410
v -0.189436 1.866337 -15.367410
v -0.101845 3.321226 -8.197021
v -0.101845 3.321226 -8.197021
v -0.121664 3.290652 -8.473582
v 0.849025 1.868585 -15.267736
v 0.849025 1.868585 -15.267736
v 0.454833 3.286588 -8.292922
v 0.454833 3.286588 -8.292922
v 0.437131 3.278933 -8.525545
v 0.602272 2.571705 -13.705003
v 0.119695 3.378139 -8.489340
v 0.253609 2.660635 -13.767874
v 0.309985 2.575800 -13.751732
v 0.217551 1.866337 -15.367410
v 0.217551 1.866337 -15.367410
v 0.129961 3.321226 -8.197021
v 0.129961 3.321226 -8.197021
v 0.149779 3.290652 -8.473582
v -0.194793 2.696677 -11.924954
v -0.702957 2.599446 -11.898886
v -1.085314 2.142415 -12.206002
v -1.085314 2.142415 -12.206002
v -0.248822 2.608657 -11.915423
v -0.162340 2.142415 -12.248977
v 0.222908 2.696677 -11.924954
v 0.731072 2.599446 -11.898886
v 1.113429 2.142415 -12.206002
v 1.113429 2.142415 -12.206002
v 0.276937 2.608657 -11.915423
v 0.190455 2.142415 -12.248977
v 1.938933 2.199643 12.140762
v 2.123742 1.974178 14.445035
v 1.743195 2.919267 9.473271
v 3.475957 2.199643 11.794850
v 4.296133 1.974178 13.956132
v 2.510051 2.919267 9.300689
v 1.918173 2.133770 12.144226
v 1.918173 2.133770 12.144226
v 2.105163 1.886055 14.603363
v 2.105163 1.886055 14.603363
v 1.739002 2.909039 9.455346
v 1.739002 2.909039 9.455346
v 2.096661 2.520773 12.113827
v 2.096661 2.520773 12.113827
v 2.244098 2.404483 13.645544
v 1.798436 2.946922 9.637969
v 1.798436 2.946922 9.637969
v 3.496200 2.133770 11.789087
v 3.496200 2.133770 11.789087
v 4.380750 1.886055 14.091237
v 4.380750 1.886055 14.091237
v 2.506161 2.909039 9.282695
v 2.506161 2.909039 9.282695
v 3.321897 2.520773 11.838083
v 3.844874 2.404483 13.285286
v 3.844874 2.404483 13.285286
v 2.530694 2.946922 9.473173
v -3.466407 2.133770 11.789582
v -3.466407 2.133770 11.789582
v -4.350630 1.886055 14.091857
v -4.350630 1.886055 14.091857
v -2.476725 2.909039 9.283049
v -2.476725 2.909039 9.283049
v -3.292098 2.520773 11.838554
v -3.292098 2.520773 11.838554
v -3.814868 2.404483 13.285830
v -3.814868 2.404483 13.285830
v -2.501231 2.946922 9.473530
v -1.888330 2.133770 12.144497
v -1.888330 2.133770 12.144497
v -2.074970 1.886055 14.603661
v -2.074970 1.886055 14.603661
v -1.709541 2.909039 9.455591
v -1.709541 2.909039 9.455591
v -2.066822 2.520773 12.114122
v -2.066822 2.520773 12.114122
v -2.214041 2.404483 13.645862
v -1.768949 2.946922 9.638223
v -1.768949 2.946922 9.638223
v -8.106896 2.199643 -9.227861
v -9.763396 1.974178 -10.840261
v -6.177673 2.919267 -7.375315
v -6.859931 2.199643 -10.190761
v -8.000966 1.974178 -12.201198
v -5.555534 2.919267 -7.855729
v -8.122808 2.133770 -9.214085
v -8.122808 2.133770 -9.214085
v -9.897171 1.886055 -10.926965
v -9.897171 1.886055 -10.926965
v -6.166545 2.909039 -7.360651
v -6.166545 2.909039 -7.360651
v -7.985528 2.520773 -9.332134
v -7.985528 2.520773 -9.332134
v -9.070962 2.404483 -10.422878
v -9.070962 2.404483 -10.422878
v -6.269256 2.946922 -7.522928
v -6.269256 2.946922 -7.522928
v -6.842578 2.133770 -10.202671
v -6.842578 2.133770 -10.202671
v -8.051021 1.886055 -12.352551
v -8.051021 1.886055 -12.352551
v -5.544159 2.909039 -7.841253
v -5.544159 2.909039 -7.841253
v -6.991510 2.520773 -10.099708
v -7.772278 2.404483 -11.425716
v -7.772278 2.404483 -11.425716
v -5.675185 2.946922 -7.981666
v 6.872143 2.133770 -10.201695
v 6.872143 2.133770 -10.201695
v 8.080889 1.886055 -12.351405
v 8.080889 1.886055 -12.351405
v 5.573390 2.909039 -7.840464
v 5.573390 2.909039 -7.840464
v 7.021061 2.520773 -10.098712
v 7.802016 2.404483 -11.424610
v 7.802016 2.404483 -11.424610
v 5.704434 2.946922 -7.980858
v 8.152234 2.133770 -9.212927
v 8.152234 2.133770 -9.212927
v 9.926838 1.886055 -10.925556
v 9.926838 1.886055 -10.925556
v 6.195706 2.909039 -7.359774
v 6.195706 2.909039 -7.359774
v 8.014968 2.520773 -9.330997
v 8.014968 2.520773 -9.330997
v 9.100560 2.404483 -10.421588
v 9.100560 2.404483 -10.421588
v 6.298440 2.946922 -7.522037
v -0.019528 -2.061081 -7.458051
v 7.458051 -2.061080 -0.019526
v 7.458051 -2.061080 -0.019526
v 0.019526 -2.061073 7.458054
v -7.458053 -2.061074 0.019529
v -7.458053 -2.061074 0.019529
v -0.051530 -1.214175 -19.680676
v -0.051530 -0.255538 -19.680676
v 19.680676 -1.214171 -0.051530
v 19.680676 -1.214171 -0.051530
v 19.680676 -0.255535 -0.051530
v 19.680676 -0.255535 -0.051530
v 0.051530 -1.214154 19.680676
v 0.051530 -0.255517 19.680676
v -19.680676 -1.214157 0.051531
v -19.680676 -1.214157 0.051531
v -19.680676 -0.255520 0.051530
v -19.680676 -0.255520 0.051530
v -0.046420 1.471377 -17.729481
v 17.729481 1.471380 -0.046423
v 17.729481 1.471380 -0.046423
v 0.046421 1.471396 17.729481
v -17.729481 1.471393 0.046421
v -17.729481 1.471393 0.046421
v -0.032167 2.136466 -12.285846
v 12.285845 2.136468 -0.032170
v 12.285845 2.136468 -0.032170
v 0.032169 2.136480 12.285843
v -12.285843 2.136477 0.032167
v -12.285843 2.136477 0.032167
v -0.022424 3.199980 -8.564867
v 8.564866 3.199981 -0.022427
v 8.564866 3.199981 -0.022427
v 0.022427 3.199990 8.564863
v -8.564863 3.199988 0.022424
v -8.564863 3.199988 0.022424
v -0.019380 3.389140 -7.402133
v -0.019804 3.509317 -7.564116
v 7.402133 3.389142 -0.019383
v 7.402133 3.389142 -0.019383
v 7.564116 3.509319 -0.019807
v 7.564116 3.509319 -0.019807
v 0.019382 3.389148 7.402129
v 0.019806 3.509326 7.564113
v -7.402130 3.389147 0.019379
v -7.402130 3.389147 0.019379
v -7.564113 3.509325 0.019803
v -7.564113 3.509325 0.019803
v -0.034045 1.830844 -16.051027
v -0.034539 1.830844 -16.239876
v 16.089386 1.830847 -0.011807
v 16.089386 1.830847 -0.011807
v 16.278233 1.830847 -0.012303
v 16.278233 1.830847 -0.012303
v 0.050167 1.830862 16.111626
v 0.050663 1.830862 16.300472
v -16.073269 1.830859 0.072404
v -16.073269 1.830859 0.072404
v -16.262115 1.830859 0.072899
v -16.262115 1.830859 0.072899
v -0.022414 -2.121930 -8.560349
v 8.560350 -2.121928 -0.022412
v 8.560350 -2.121928 -0.022412
v 0.022412 -2.121921 8.560352
v -8.560352 -2.121922 0.022415
v -8.560352 -2.121922 0.022415
v -15.246000 -1.214166 -12.445406
v -15.246000 -0.255529 -12.445407
v -12.525072 -1.214168 -15.180617
v -12.525073 -0.255531 -15.180619
v -9.322816 -1.214170 -17.332447
v -9.322815 -0.255534 -17.332447
v -5.762287 -1.214172 -18.818199
v -5.762288 -0.255536 -18.818201
v -0.052394 -0.847648 -20.010345
v -0.052394 -0.847648 -20.010345
v 5.663665 -1.214177 -18.848116
v 5.663665 -0.255540 -18.848118
v 9.231924 -1.214177 -17.381029
v 9.231925 -0.255540 -17.381031
v 12.445407 -1.214177 -15.246000
v 12.445408 -0.255540 -15.246002
v 15.180617 -1.214177 -12.525071
v 15.180619 -0.255540 -12.525073
v 17.332447 -1.214176 -9.322816
v 17.332447 -0.255539 -9.322815
v 18.818199 -1.214174 -5.762287
v 18.818199 -0.255538 -5.762288
v 20.010345 -0.847645 -0.052394
v 20.010345 -0.847645 -0.052394
v 20.010345 -0.847645 -0.052394
v 20.010345 -0.847645 -0.052394
v 18.848114 -1.214168 5.663666
v 18.848114 -0.255531 5.663664
v 17.381027 -1.214166 9.231925
v 17.381027 -0.255529 9.231925
v 15.245999 -1.214163 12.445408
v 15.246000 -0.255527 12.445407
v 12.525071 -1.214160 15.180617
v 12.525072 -0.255524 15.180619
v 9.322816 -1.214159 17.332447
v 9.322814 -0.255522 17.332447
v 5.762286 -1.214156 18.818201
v 5.762288 -0.255519 18.818201
v 0.052394 -0.847627 20.010345
v 0.052394 -0.847627 20.010345
v -5.663665 -1.214152 18.848116
v -5.663664 -0.255515 18.848116
v -9.231925 -1.214151 17.381031
v -9.231925 -0.255515 17.381031
v -12.445408 -1.214151 15.246002
v -12.445407 -0.255515 15.246000
v -15.180617 -1.214152 12.525071
v -15.180617 -0.255515 12.525071
v -17.332447 -1.214153 9.322816
v -17.332447 -0.255517 9.322815
v -18.818203 -1.214154 5.762289
v -18.818203 -0.255517 5.762288
v -20.010345 -0.847631 0.052394
v -20.010345 -0.847631 0.052394
v -20.010345 -0.847631 0.052394
v -20.010345 -0.847631 0.052394
v -18.848118 -1.214161 -5.663665
v -18.848118 -0.255524 -5.663664
v -17.381031 -1.214163 -9.231923
v -17.381031 -0.255527 -9.231925
v -13.734471 1.471386 -11.211537
v -11.283304 1.471384 -13.675573
v -8.398526 1.471381 -15.614065
v -5.190998 1.471380 -16.952515
v 5.102154 1.471376 -16.979465
v 8.316649 1.471375 -15.657831
v 11.211537 1.471375 -13.734473
v 13.675572 1.471376 -11.283304
v 15.614065 1.471377 -8.398528
v 16.952515 1.471378 -5.191000
v 16.979465 1.471384 5.102154
v 15.657829 1.471386 8.316648
v 13.734472 1.471388 11.211536
v 11.283305 1.471390 13.675572
v 8.398526 1.471392 15.614063
v 5.190998 1.471394 16.952515
v -5.102154 1.471398 16.979465
v -8.316648 1.471398 15.657827
v -11.211535 1.471398 13.734468
v -13.675572 1.471398 11.283303
v -15.614063 1.471397 8.398525
v -16.952515 1.471396 5.190998
v -16.979465 1.471390 -5.102155
v -15.657828 1.471388 -8.316648
v -9.517456 2.136472 -7.769163
v -7.818892 2.136471 -9.476645
v -5.819852 2.136469 -10.819943
v -3.597160 2.136468 -11.747438
v 3.535596 2.136465 -11.766112
v 5.763116 2.136465 -10.850270
v 7.769161 2.136465 -9.517457
v 9.476643 2.136465 -7.818893
v 10.819942 2.136466 -5.819854
v 11.747437 2.136467 -3.597162
v 11.766113 2.136471 3.535595
v 10.850270 2.136472 5.763113
v 9.517458 2.136474 7.769160
v 7.818894 2.136475 9.476642
v 5.819854 2.136477 10.819941
v 3.597162 2.136478 11.747437
v -3.535594 2.136481 11.766111
v -5.763114 2.136481 10.850268
v -7.769160 2.136481 9.517455
v -9.476642 2.136481 7.818892
v -10.819942 2.136480 5.819853
v -11.747437 2.136479 3.597160
v -11.766111 2.136475 -3.535597
v -10.850268 2.136474 -5.763116
v -0.044201 1.823294 -16.958191
v 16.959148 1.823297 -0.043647
v 16.959148 1.823297 -0.043647
v 0.044606 1.823312 16.959705
v -16.958748 1.823309 0.045161
v -16.958748 1.823309 0.045161
v -5.777518 -2.061078 -4.716223
v -4.746416 -2.061079 -5.752740
v -3.532909 -2.061080 -6.568182
v -2.183636 -2.061080 -7.131212
v 2.146263 -2.061082 -7.142550
v 3.498466 -2.061082 -6.586593
v 4.716224 -2.061082 -5.777516
v 5.752741 -2.061082 -4.746414
v 6.568183 -2.061082 -3.532908
v 7.131213 -2.061081 -2.183635
v 7.142550 -2.061079 2.146265
v 6.586593 -2.061078 3.498468
v 5.777517 -2.061077 4.716225
v 4.746414 -2.061076 5.752743
v 3.532908 -2.061075 6.568184
v 2.183635 -2.061074 7.131214
v -2.146264 -2.061072 7.142551
v -3.498467 -2.061072 6.586595
v -4.716225 -2.061072 5.777518
v -5.752742 -2.061072 4.746416
v -6.568184 -2.061073 3.532910
v -7.131214 -2.061073 2.183637
v -7.142551 -2.061076 -2.146262
v -6.586594 -2.061077 -3.498465
v -0.020218 -2.164650 -7.721693
v 7.721692 -2.164649 -0.020216
v 7.721692 -2.164649 -0.020216
v 0.020217 -2.164641 7.721694
v -7.721694 -2.164643 0.020219
v -7.721694 -2.164643 0.020219
v -7.564076 3.199985 -4.017658
v -8.202540 3.199986 -2.464781
v -8.189522 3.199989 2.507697
v -7.542934 3.199990 4.057209
v -6.606477 3.199990 5.450805
v -5.416134 3.199990 6.634929
v -4.017655 3.199990 7.564076
v -2.464778 3.199990 8.202540
v 2.507700 3.199988 8.189521
v 4.057212 3.199987 7.542934
v 5.450808 3.199986 6.606476
v 6.634932 3.199985 5.416134
v 7.564078 3.199984 4.017654
v 8.202543 3.199983 2.464778
v 8.189524 3.199980 -2.507701
v 7.542937 3.199980 -4.057212
v 6.606479 3.199980 -5.450808
v 5.416137 3.199979 -6.634933
v 4.017658 3.199979 -7.564079
v 2.464781 3.199980 -8.202544
v -2.507698 3.199981 -8.189525
v -4.057210 3.199982 -7.542938
v -5.450805 3.199983 -6.606480
v -6.634930 3.199984 -5.416138
v -5.859679 3.509321 -4.783296
v -5.734197 3.389143 -4.680863
v -4.813913 3.509320 -5.834554
v -4.710824 3.389143 -5.709608
v -3.583150 3.509320 -6.661592
v -3.506418 3.389142 -6.518938
v -2.214689 3.509319 -7.232630
v -2.167261 3.389141 -7.077745
v -0.019542 3.476845 -7.464355
v 2.176787 3.509317 -7.244128
v 2.130172 3.389139 -7.088998
v 3.548220 3.509317 -6.680265
v 3.472236 3.389139 -6.537209
v 4.783296 3.509317 -5.859683
v 4.680863 3.389139 -5.734200
v 5.834553 3.509317 -4.813917
v 5.709608 3.389139 -4.710828
v 6.661592 3.509317 -3.583153
v 6.518936 3.389140 -3.506421
v 7.232630 3.509318 -2.214692
v 7.077745 3.389141 -2.167264
v 7.464355 3.476846 -0.019545
v 7.464355 3.476846 -0.019545
v 7.244127 3.509320 2.176784
v 7.088997 3.389143 2.130169
v 6.680264 3.509322 3.548217
v 6.537209 3.389143 3.472233
v 5.859682 3.509322 4.783293
v 5.734199 3.389144 4.680860
v 4.813916 3.509323 5.834550
v 4.710826 3.389145 5.709604
v 3.583152 3.509325 6.661589
v 3.506420 3.389146 6.518934
v 2.214692 3.509325 7.232626
v 2.167263 3.389147 7.077742
v 0.019544 3.476853 7.464351
v -2.176785 3.509327 7.244124
v -2.130169 3.389149 7.088994
v -3.548217 3.509327 6.680261
v -3.472233 3.389149 6.537205
v -4.783293 3.509327 5.859679
v -4.680860 3.389149 5.734195
v -5.834551 3.509327 4.813913
v -5.709606 3.389149 4.710824
v -6.661590 3.509326 3.583149
v -6.518934 3.389148 3.506417
v -7.232627 3.509326 2.214688
v -7.077743 3.389148 2.167261
v -7.464352 3.476852 0.019542
v -7.464352 3.476852 0.019542
v -7.244125 3.509323 -2.176788
v -7.088995 3.389145 -2.130172
v -6.680261 3.509322 -3.548220
v -6.537206 3.389144 -3.472237
v -0.019316 3.165396 -7.377647
v 7.377648 3.165398 -0.019318
v 7.377648 3.165398 -0.019318
v 0.019318 3.165405 7.377645
v -7.377645 3.165403 0.019315
v -7.377645 3.165403 0.019315
v 0.046460 1.848454 15.915092
v 15.901752 1.848439 -0.023444
v 15.901752 1.848439 -0.023444
v -0.032999 1.769933 -16.108686
v 16.152798 1.769936 -0.007426
v 16.152798 1.769936 -0.007426
v 0.051540 1.769950 16.178375
v -16.134258 1.769948 0.077114
v -16.134258 1.769948 0.077114
v -14.360978 1.830854 -7.601810
v -15.573830 1.830856 -4.651899
v -15.549097 1.830861 4.794030
v -14.320814 1.830863 7.737545
v -12.541879 1.830863 10.384876
v -10.280658 1.830864 12.634292
v -7.624047 1.830864 14.399339
v -4.674136 1.830863 15.612189
v 4.771790 1.830860 15.587458
v 7.715308 1.830858 14.359175
v 10.362640 1.830856 12.580239
v 12.612052 1.830854 10.319018
v 14.377100 1.830852 7.662406
v 15.589952 1.830850 4.712496
v 15.565220 1.830845 -4.733430
v 14.336937 1.830844 -7.676947
v 12.558002 1.830843 -10.324280
v 10.296781 1.830842 -12.573692
v 7.640171 1.830842 -14.338742
v 4.690259 1.830843 -15.551592
v -4.755669 1.830846 -15.526859
v -7.699183 1.830848 -14.298575
v -10.346518 1.830850 -12.519642
v -12.595930 1.830852 -10.258421
v -12.449635 1.830852 -10.138999
v -10.226334 1.830850 -12.373977
v -7.609727 1.830848 -14.132263
v -4.700376 1.830846 -15.346289
v 4.635912 1.830843 -15.370735
v 7.551584 1.830843 -14.171960
v 10.177360 1.830843 -12.427399
v 12.412334 1.830843 -10.204097
v 14.170622 1.830844 -7.587490
v 15.384648 1.830845 -4.678137
v 15.409093 1.830850 4.658150
v 14.210319 1.830852 7.573821
v 12.465757 1.830854 10.199596
v 10.242455 1.830856 12.434572
v 7.625849 1.830858 14.192860
v 4.716498 1.830860 15.406885
v -4.619791 1.830863 15.431332
v -7.535460 1.830863 14.232555
v -10.161236 1.830863 12.487994
v -12.396214 1.830863 10.264692
v -14.154501 1.830862 7.648088
v -15.368526 1.830861 4.738736
v -15.392972 1.830856 -4.597553
v -14.194196 1.830854 -7.513223
v -15.892077 1.848451 0.059803
v -15.892077 1.848451 0.059803
v -0.036785 1.848436 -15.878736
v -7.521006 -2.099185 -3.914725
v -8.198219 -2.121923 -2.463480
v -8.185207 -2.121921 2.506379
v -7.538961 -2.121921 4.055074
v -6.602997 -2.121920 5.447936
v -5.413282 -2.121920 6.631435
v -4.015540 -2.121920 7.560092
v -2.463481 -2.121920 8.198220
v 2.506377 -2.121922 8.185208
v 4.055072 -2.121922 7.538962
v 5.447934 -2.121923 6.602997
v 6.631433 -2.121924 5.413283
v 7.560090 -2.121926 4.015540
v 8.198218 -2.121927 2.463482
v 8.185205 -2.121930 -2.506377
v 7.538960 -2.121930 -4.055072
v 6.602995 -2.121931 -5.447933
v 5.413280 -2.121931 -6.631433
v 4.015538 -2.121931 -7.560090
v 2.463480 -2.121930 -8.198218
v -2.506379 -2.121929 -8.185205
v -4.055073 -2.121928 -7.538960
v -5.447936 -2.121927 -6.602995
v -6.631435 -2.121926 -5.413281
v -7.384637 -1.693583 0.019336
v -7.384637 -1.693583 0.019336
v -7.384637 -1.693583 0.019336
v -7.384637 -1.693583 0.019336
v 0.019334 -1.693582 7.384638
v 0.019334 -1.693582 7.384638
v 7.384636 -1.693589 -0.019334
v 7.384636 -1.693589 -0.019334
v 7.384636 -1.693589 -0.019334
v 7.384636 -1.693589 -0.019334
v -0.019335 -1.693590 -7.384636
v -0.019335 -1.693590 -7.384636
v -0.044870 -1.803385 -17.136391
v 17.532562 -1.790548 -0.045905
v 17.532562 -1.790548 -0.045905
v 17.136391 -1.803382 -0.044868
v 17.136391 -1.803382 -0.044868
v -0.045446 -1.735459 -17.356508
v 17.356506 -1.735456 -0.045446
v 17.356506 -1.735456 -0.045446
v 0.045445 -1.735440 17.356510
v -17.356510 -1.735443 0.045448
v -17.356510 -1.735443 0.045448
v -17.532562 -1.790536 0.045906
v -17.532562 -1.790536 0.045906
v -17.136391 -1.803370 0.044870
v -17.136391 -1.803370 0.044870
v -0.045905 -1.790552 -17.532562
v 0.044869 -1.803366 17.136391
v 0.045905 -1.790533 17.532562
v -15.501387 -0.847639 -12.653879
v -15.501387 -0.847639 -12.653879
v -12.734877 -0.847641 -15.434904
v -12.734877 -0.847641 -15.434904
v -9.478980 -0.847644 -17.622782
v -9.478980 -0.847644 -17.622782
v -5.858813 -0.847646 -19.133421
v -5.858813 -0.847646 -19.133421
v 5.758537 -0.847650 -19.163839
v 5.758537 -0.847650 -19.163839
v 9.386567 -0.847651 -17.672176
v 9.386567 -0.847651 -17.672176
v 12.653880 -0.847651 -15.501386
v 12.653880 -0.847651 -15.501386
v 15.434905 -0.847650 -12.734877
v 15.434905 -0.847650 -12.734877
v 17.622780 -0.847649 -9.478980
v 17.622780 -0.847649 -9.478980
v 19.133423 -0.847648 -5.858812
v 19.133423 -0.847648 -5.858812
v 19.163837 -0.847641 5.758537
v 19.163837 -0.847641 5.758537
v 17.672176 -0.847639 9.386569
v 17.672176 -0.847639 9.386569
v 15.501386 -0.847636 12.653880
v 15.501386 -0.847636 12.653880
v 12.734876 -0.847634 15.434905
v 12.734876 -0.847634 15.434905
v 9.478980 -0.847631 17.622784
v 9.478980 -0.847631 17.622784
v 5.858812 -0.847629 19.133423
v 5.858812 -0.847629 19.133423
v -5.758537 -0.847625 19.163839
v -5.758537 -0.847625 19.163839
v -9.386567 -0.847625 17.672176
v -9.386567 -0.847625 17.672176
v -12.653880 -0.847625 15.501386
v -12.653880 -0.847625 15.501386
v -15.434905 -0.847625 12.734877
v -15.434905 -0.847625 12.734877
v -17.622784 -0.847626 9.478980
v -17.622784 -0.847626 9.478980
v -19.133423 -0.847628 5.858812
v -19.133423 -0.847628 5.858812
v -19.163841 -0.847634 -5.758536
v -19.163841 -0.847634 -5.758536
v -17.672180 -0.847636 -9.386568
v -17.672180 -0.847636 -9.386568
v -13.137360 1.823301 -10.723519
v -16.411465 -1.803372 -4.931475
v -10.792722 1.823299 -13.080467
v -8.033320 1.823297 -14.934711
v -15.134040 -1.803374 -8.038437
v -4.965192 1.823296 -16.214993
v -11.157983 -1.790545 -13.523679
v 16.790874 -1.790545 5.045486
v 4.880614 1.823292 -16.240772
v -16.764229 -1.790533 5.133344
v 7.955403 1.823292 -14.976573
v 4.931475 -1.803386 -16.411461
v 10.724479 1.823292 -13.136806
v -13.581927 -1.790543 -11.087012
v 13.081426 1.823292 -10.792168
v 8.038435 -1.803387 -15.134037
v 14.935669 1.823293 -8.032765
v 16.215950 1.823294 -4.964637
v -15.440643 -1.790532 8.305248
v 10.836483 -1.803387 -13.275019
v 13.218093 -1.803386 -10.905850
v 16.241730 1.823299 4.881168
v 14.977531 1.823302 7.955958
v -13.523683 -1.790531 11.157985
v 13.137764 1.823304 10.725032
v 15.091738 -1.803385 -8.117576
v 10.793126 1.823306 13.081980
v 16.385410 -1.803384 -5.017348
v 8.033724 1.823308 14.936224
v 16.764225 -1.790551 -5.133341
v 4.965595 1.823309 16.216505
v -11.087013 -1.790531 13.581926
v -4.880209 1.823313 16.242283
v 15.440641 -1.790552 -8.305245
v -7.954999 1.823314 14.978086
v -8.224277 -1.790531 15.483922
v -10.724073 1.823313 13.138318
v 16.411461 -1.803379 4.931477
v -13.081020 1.823313 10.793680
v 15.134039 -1.803377 8.038439
v -14.935266 1.823312 8.034279
v 13.523679 -1.790553 -11.157981
v -16.215546 1.823311 4.966151
v -5.045488 -1.790531 16.790880
v 13.275020 -1.803374 10.836486
v 10.905851 -1.803372 13.218094
v -16.241325 1.823306 -4.879655
v 11.087011 -1.790554 -13.581924
v -14.977127 1.823304 -7.954444
v -5.715228 3.165401 -4.665380
v -7.065546 3.165402 -2.123126
v -7.054332 3.165405 2.160093
v -6.497371 3.165405 3.494819
v -5.690719 3.165406 4.695241
v -4.665377 3.165406 5.715228
v -3.460748 3.165406 6.515582
v -2.123123 3.165406 7.065546
v 2.160095 3.165404 7.054330
v 3.494821 3.165403 6.497370
v 4.695244 3.165402 5.690719
v 5.715230 3.165401 4.665376
v 6.515585 3.165400 3.460748
v 7.065548 3.165400 2.123123
v 7.054334 3.165397 -2.160095
v 6.497373 3.165396 -3.494822
v 5.690722 3.165396 -4.695245
v 4.665380 3.165396 -5.715232
v 3.460751 3.165396 -6.515585
v 2.123126 3.165396 -7.065549
v -2.160093 3.165398 -7.054334
v -3.494819 3.165398 -6.497374
v -4.695242 3.165400 -5.690722
v -6.515583 3.165402 -3.460752
v -5.782397 3.476849 -4.720210
v -4.750422 3.476848 -5.757602
v -3.535892 3.476846 -6.573735
v -2.185479 3.476846 -7.137240
v 2.148078 3.476844 -7.148587
v 3.501423 3.476844 -6.592160
v 4.720210 3.476844 -5.782401
v 5.757602 3.476844 -4.750426
v 6.573733 3.476845 -3.535895
v 7.137239 3.476846 -2.185483
v 7.148586 3.476848 2.148075
v 6.592159 3.476848 3.501420
v 5.782399 3.476850 4.720207
v 4.750425 3.476851 5.757599
v 3.535895 3.476851 6.573730
v 2.185482 3.476852 7.137237
v -2.148076 3.476854 7.148583
v -3.501420 3.476854 6.592155
v -4.720206 3.476854 5.782396
v -5.757600 3.476854 4.750422
v -6.573731 3.476854 3.535892
v -7.137237 3.476853 2.185479
v -7.148583 3.476851 -2.148079
v -6.592157 3.476850 -3.501424
v -4.569946 1.848455 15.242601
v 4.659279 1.848452 15.218435
v 7.535269 1.848450 14.018331
v 10.121868 1.848448 12.280209
v 12.319675 1.848446 10.070861
v 14.044231 1.848444 7.475195
v 15.229259 1.848442 4.592960
v 15.205091 1.848437 -4.636264
v 14.004990 1.848436 -7.512254
v -14.247922 1.769943 -7.537857
v -15.451334 1.769945 -4.610909
v -15.426792 1.769950 4.761491
v -14.208073 1.769951 7.682098
v -12.442985 1.769952 10.308825
v -10.199362 1.769952 12.540726
v -7.563430 1.769952 14.292035
v -4.636482 1.769952 15.495449
v 4.735918 1.769948 15.470906
v 7.656526 1.769947 14.252186
v 10.283251 1.769945 12.487099
v 12.515152 1.769943 10.243476
v 14.266462 1.769941 7.607544
v 15.469874 1.769938 4.680595
v 15.445334 1.769934 -4.691806
v 14.226613 1.769932 -7.612411
v 12.461525 1.769932 -10.239136
v 10.217903 1.769931 -12.471039
v 7.581972 1.769931 -14.222350
v 4.655022 1.769932 -15.425760
v -4.717379 1.769935 -15.401220
v -7.637984 1.769937 -14.182499
v -10.264710 1.769938 -12.417412
v -12.496613 1.769941 -10.173788
v -7.452179 1.848455 14.057571
v -10.047844 1.848455 12.333016
v -12.257193 1.848455 10.135211
v -13.995315 1.848454 7.548611
v -12.310001 1.848444 -10.034503
v -15.195420 1.848453 4.672622
v -10.112195 1.848442 -12.243851
v -7.525594 1.848440 -13.981973
v -4.649606 1.848439 -15.182077
v -15.219585 1.848448 -4.556603
v -14.034556 1.848446 -7.438838
v 4.579619 1.848435 -15.206244
v 7.461854 1.848434 -14.021214
v 10.057519 1.848435 -12.296659
v 12.266866 1.848435 -10.098853
v -6.921983 -2.133924 -3.587860
v -7.395041 -2.164644 -2.222132
v -7.383303 -2.164642 2.260829
v -6.800369 -2.164641 3.657799
v -5.956101 -2.164641 4.914202
v -4.882943 -2.164640 5.981753
v -3.622138 -2.164640 6.819430
v -2.222135 -2.164641 7.395041
v 2.260826 -2.164642 7.383303
v 3.657796 -2.164643 6.800370
v 4.914199 -2.164644 5.956101
v 5.981751 -2.164645 4.882943
v 6.819428 -2.164646 3.622138
v 7.395039 -2.164647 2.222135
v 7.383301 -2.164649 -2.260826
v 6.800367 -2.164650 -3.657796
v 5.956100 -2.164650 -4.914199
v 4.882941 -2.164651 -5.981751
v 3.622136 -2.164651 -6.819428
v 2.222133 -2.164650 -7.395039
v -2.260828 -2.164649 -7.383300
v -3.657798 -2.164648 -6.800367
v -4.914201 -2.164647 -5.956099
v -5.981753 -2.164646 -4.882941
v -7.072242 -1.693584 -2.125135
v -7.072242 -1.693584 -2.125135
v -7.061017 -1.693583 2.162142
v -7.061017 -1.693583 2.162142
v -6.503529 -1.693582 3.498132
v -6.503529 -1.693582 3.498132
v -5.696113 -1.693581 4.699693
v -5.696113 -1.693581 4.699693
v -4.669799 -1.693581 5.720646
v -4.669799 -1.693581 5.720646
v -3.464029 -1.693581 6.521758
v -3.464029 -1.693581 6.521758
v -2.125137 -1.693582 7.072242
v -2.125137 -1.693582 7.072242
v 2.162140 -1.693583 7.061017
v 2.162140 -1.693583 7.061017
v 3.498131 -1.693583 6.503529
v 3.498131 -1.693583 6.503529
v 4.699691 -1.693584 5.696114
v 4.699691 -1.693584 5.696114
v 5.720644 -1.693585 4.669799
v 5.720644 -1.693585 4.669799
v 6.521756 -1.693586 3.464030
v 6.521756 -1.693586 3.464030
v 7.072240 -1.693587 2.125137
v 7.072240 -1.693587 2.125137
v 7.061016 -1.693590 -2.162140
v 7.061016 -1.693590 -2.162140
v 6.503528 -1.693590 -3.498132
v 6.503528 -1.693590 -3.498132
v 5.696112 -1.693591 -4.699690
v 5.696112 -1.693591 -4.699690
v 4.669798 -1.693591 -5.720644
v 4.669798 -1.693591 -5.720644
v 3.464028 -1.693591 -6.521755
v 3.464028 -1.693591 -6.521755
v 2.125135 -1.693591 -7.072240
v 2.125135 -1.693591 -7.072240
v -2.162142 -1.693589 -7.061014
v -2.162142 -1.693589 -7.061014
v -3.498132 -1.693588 -6.503527
v -3.498132 -1.693588 -6.503527
v -4.699693 -1.693587 -5.696112
v -4.699693 -1.693587 -5.696112
v -5.720646 -1.693586 -4.669797
v -5.720646 -1.693586 -4.669797
v -6.521758 -1.693585 -3.464028
v -6.521758 -1.693585 -3.464028
v -13.445540 -1.735451 -10.975680
v -11.045941 -1.735453 -13.387881
v -8.221848 -1.735455 -15.285592
v -5.081798 -1.735456 -16.595884
v 4.994820 -1.735460 -16.622269
v 8.141689 -1.735461 -15.328435
v 10.975677 -1.735461 -13.445538
v 13.387879 -1.735460 -11.045937
v 15.285592 -1.735459 -8.221847
v 16.595886 -1.735458 -5.081795
v 16.622269 -1.735453 4.994823
v 15.328436 -1.735451 8.141692
v 13.445539 -1.735448 10.975681
v 11.045940 -1.735446 13.387883
v 8.221848 -1.735444 15.285594
v 5.081796 -1.735442 16.595888
v -4.994821 -1.735439 16.622272
v -8.141692 -1.735438 15.328438
v -10.975682 -1.735438 13.445542
v -13.387883 -1.735439 11.045941
v -15.285593 -1.735439 8.221848
v -16.595890 -1.735441 5.081796
v -16.622272 -1.735446 -4.994820
v -15.328437 -1.735448 -8.141691
v 15.483919 -1.790543 8.224277
v -5.017350 -1.803382 -16.385412
v -8.305247 -1.790547 -15.440641
v -8.117577 -1.803381 -15.091737
v 13.581926 -1.790541 11.087014
v -10.905852 -1.803379 -13.218093
v -5.133342 -1.790549 -16.764225
v -16.385414 -1.803367 5.017349
v -13.275023 -1.803377 -10.836485
v -15.091740 -1.803366 8.117578
v -16.790878 -1.790539 -5.045484
v 11.157982 -1.790539 13.523680
v -13.218095 -1.803365 10.905854
v -10.836487 -1.803364 13.275023
v -15.483920 -1.790541 -8.224275
v 8.305245 -1.790537 15.440642
v -8.038438 -1.803364 15.134040
v -4.931477 -1.803365 16.411465
v 5.133341 -1.790534 16.764225
v 5.045485 -1.790553 -16.790876
v 8.224275 -1.790553 -15.483918
v 5.017348 -1.803369 16.385414
v 8.117576 -1.803370 15.091738
v -9.959010 1.635613 -14.607829
v -0.164941 1.635607 -17.678894
v -0.164941 1.635607 -17.678894
v 6.613036 1.635606 -16.396290
v 9.684726 1.635606 -14.791101
v -9.478481 1.880629 -13.902992
v -0.156982 1.880624 -16.825876
v -0.156982 1.880624 -16.825876
v 6.293952 1.880622 -15.605157
v 9.217430 1.880622 -14.077418
v -9.928215 1.491648 -14.562660
v -9.928215 1.491648 -14.562660
v -0.164429 1.491642 -17.624231
v -0.164429 1.491642 -17.624231
v -0.164429 1.491642 -17.624231
v -0.164429 1.491642 -17.624231
v 6.592588 1.491641 -16.345592
v 6.592588 1.491641 -16.345592
v 9.654780 1.491640 -14.745368
v 9.654780 1.491640 -14.745368
v -13.770554 1.635616 -11.087829
v -14.298047 1.635617 -10.398799
v -11.994607 1.635614 -12.988398
v -7.707784 1.635611 -15.910979
v -5.289729 1.635610 -16.869701
v -2.757184 1.635609 -17.463306
v 2.430878 1.635607 -17.511711
v 1.568683 1.635607 -17.609865
v 4.974054 1.635606 -16.965462
v 8.947279 1.635606 -15.248455
v -9.555411 1.908255 -14.015834
v -0.158256 1.908250 -16.962440
v -0.158256 1.908250 -16.962440
v 6.345037 1.908249 -15.731816
v 9.292243 1.908248 -14.191679
v 8.515566 1.880622 -14.512707
v 4.734054 1.880623 -16.146870
v 2.313585 1.880623 -16.666759
v 1.492992 1.880623 -16.760178
v -2.624148 1.880625 -16.620691
v -5.034495 1.880626 -16.055729
v -7.335879 1.880627 -15.143264
v -11.415861 1.880630 -12.361701
v -13.106113 1.880632 -10.552833
v -13.608155 1.880632 -9.897049
v -13.727974 1.491651 -11.053544
v -13.727974 1.491651 -11.053544
v -14.253838 1.491651 -10.366646
v -14.253838 1.491651 -10.366646
v -11.957521 1.491649 -12.948237
v -11.957521 1.491649 -12.948237
v -7.683949 1.491646 -15.861780
v -7.683949 1.491646 -15.861780
v -5.273374 1.491644 -16.817541
v -5.273374 1.491644 -16.817541
v -2.748661 1.491643 -17.409309
v -2.748661 1.491643 -17.409309
v 2.423360 1.491642 -17.457565
v 2.423360 1.491642 -17.457565
v 1.563832 1.491642 -17.555412
v 1.563832 1.491642 -17.555412
v 4.958675 1.491641 -16.913004
v 4.958675 1.491641 -16.913004
v 8.919615 1.491641 -15.201307
v 8.919615 1.491641 -15.201307
v -13.718604 1.908259 -9.977377
v -13.212490 1.908258 -10.638486
v -11.508515 1.908257 -12.462031
v -7.395418 1.908254 -15.266172
v -5.075358 1.908252 -16.186043
v -2.645448 1.908251 -16.755590
v 1.505111 1.908250 -16.896210
v 2.332362 1.908249 -16.802032
v 4.772477 1.908249 -16.277922
v 8.584682 1.908248 -14.630499
v -16.396290 1.635615 -6.613034
v -16.270050 1.635607 6.917804
v -9.684726 1.635606 14.791101
v -15.605157 1.880631 -6.293951
v -15.485008 1.880624 6.584017
v -9.217430 1.880622 14.077418
v -16.345592 1.491650 -6.592587
v -16.345592 1.491650 -6.592587
v -16.219742 1.491642 6.896415
v -16.219742 1.491642 6.896415
v -9.654780 1.491640 14.745368
v -9.654780 1.491640 14.745368
v -15.669086 1.635616 -8.188275
v -15.248456 1.635617 -8.947278
v -17.189121 1.635613 -4.135609
v -17.665657 1.635611 -0.702713
v -17.609867 1.635612 -1.568682
v -17.577530 1.635610 1.896974
v -17.108967 1.635609 4.455606
v -15.078864 1.635607 9.230228
v -13.561281 1.635606 11.342830
v -11.750186 1.635606 13.209934
v -15.731814 1.908257 -6.345035
v -15.610691 1.908250 6.637455
v -9.292243 1.908248 14.191679
v -11.183230 1.880622 12.572545
v -12.906942 1.880623 10.795532
v -14.351299 1.880623 8.784862
v -16.283447 1.880625 4.240621
v -16.729404 1.880626 1.805444
v -16.813278 1.880627 -0.668807
v -16.760178 1.880628 -1.492991
v -16.359737 1.880629 -3.936063
v -14.913040 1.880632 -7.793185
v -14.512706 1.880632 -8.515564
v -15.620635 1.491651 -8.162957
v -15.620635 1.491651 -8.162957
v -15.201307 1.491651 -8.919613
v -15.201307 1.491651 -8.919613
v -17.135971 1.491648 -4.122821
v -17.135971 1.491648 -4.122821
v -17.611031 1.491646 -0.700540
v -17.611031 1.491646 -0.700540
v -17.555416 1.491646 -1.563831
v -17.555416 1.491646 -1.563831
v -17.523182 1.491644 1.891108
v -17.523182 1.491644 1.891108
v -17.056065 1.491643 4.441828
v -17.056065 1.491643 4.441828
v -15.032238 1.491642 9.201687
v -15.032238 1.491642 9.201687
v -13.519348 1.491641 11.307757
v -13.519348 1.491641 11.307757
v -11.713854 1.491641 13.169089
v -11.713854 1.491641 13.169089
v -14.630496 1.908259 -8.584679
v -15.034082 1.908258 -7.856440
v -16.492516 1.908256 -3.968010
v -16.896210 1.908254 -1.505110
v -16.949738 1.908254 -0.674234
v -16.865185 1.908252 1.820098
v -16.415611 1.908251 4.275038
v -14.467779 1.908249 8.856163
v -13.011698 1.908249 10.883151
v -11.273997 1.908249 12.674589
v 16.396290 1.635615 6.613034
v 17.307022 1.635609 -3.610752
v 16.270050 1.635607 -6.917804
v 12.384236 1.635606 -12.617499
v 15.605157 1.880631 6.293951
v 16.471947 1.880625 -3.436532
v 15.485008 1.880624 -6.584017
v 11.786688 1.880622 -12.008694
v 16.345589 1.491650 6.592587
v 16.345589 1.491650 6.592587
v 17.253506 1.491644 -3.599589
v 17.253506 1.491644 -3.599589
v 16.219742 1.491642 -6.896415
v 16.219742 1.491642 -6.896415
v 12.345944 1.491641 -12.578485
v 12.345944 1.491641 -12.578485
v 15.669086 1.635616 8.188275
v 15.248456 1.635617 8.947278
v 17.189121 1.635613 4.135609
v 17.665653 1.635611 0.702713
v 17.609863 1.635612 1.568682
v 17.649467 1.635610 -1.032199
v 16.589855 1.635608 -6.111130
v 15.513582 1.635607 -8.479205
v 14.101540 1.635606 -10.663761
v 11.750186 1.635606 -13.209934
v 15.731814 1.908257 6.345035
v 16.605637 1.908252 -3.464423
v 15.610691 1.908250 -6.637455
v 11.882354 1.908249 -12.106163
v 11.183230 1.880622 -12.572545
v 13.421131 1.880623 -10.149227
v 14.765041 1.880623 -8.070079
v 15.789381 1.880624 -5.816264
v 16.797867 1.880626 -0.982393
v 16.813274 1.880627 0.668807
v 16.760178 1.880628 1.492991
v 16.359734 1.880629 3.936063
v 14.913040 1.880632 7.793185
v 14.512706 1.880632 8.515564
v 15.620635 1.491651 8.162957
v 15.620635 1.491651 8.162957
v 15.201307 1.491651 8.919613
v 15.201307 1.491651 8.919613
v 17.135971 1.491648 4.122821
v 17.135971 1.491648 4.122821
v 17.611031 1.491646 0.700540
v 17.611031 1.491646 0.700540
v 17.555412 1.491646 1.563831
v 17.555412 1.491646 1.563831
v 17.594894 1.491645 -1.029007
v 17.594894 1.491645 -1.029007
v 16.538555 1.491643 -6.092235
v 16.538555 1.491643 -6.092235
v 15.465611 1.491642 -8.452987
v 15.465611 1.491642 -8.452987
v 14.057937 1.491641 -10.630790
v 14.057937 1.491641 -10.630790
v 11.713854 1.491641 -13.169089
v 11.713854 1.491641 -13.169089
v 14.630496 1.908259 8.584679
v 15.034082 1.908258 7.856440
v 16.492516 1.908256 3.968010
v 16.896206 1.908254 1.505110
v 16.949738 1.908254 0.674234
v 16.934208 1.908253 -0.990369
v 15.917536 1.908251 -5.863470
v 14.884878 1.908250 -8.135578
v 13.530063 1.908249 -10.231604
v 11.273997 1.908249 -12.674589
v 3.610752 1.635609 17.307022
v 0.164941 1.635607 17.678894
v 0.164941 1.635607 17.678894
v 3.436531 1.880625 16.471947
v 0.156982 1.880624 16.825876
v 0.156982 1.880624 16.825876
v 3.599587 1.491644 17.253508
v 3.599587 1.491644 17.253508
v 0.164429 1.491642 17.624231
v 0.164429 1.491642 17.624231
v 0.164429 1.491642 17.624231
v 0.164429 1.491642 17.624231
v 13.770554 1.635616 11.087829
v 10.663758 1.635613 14.101540
v 11.994607 1.635614 12.988398
v 8.479205 1.635612 15.513583
v 6.111128 1.635610 16.589855
v 1.032198 1.635608 17.649469
v -2.430878 1.635607 17.511711
v -1.568683 1.635607 17.609865
v -4.974054 1.635606 16.965462
v -4.135612 1.635606 17.189121
v -7.409578 1.635606 16.052021
v 3.464423 1.908252 16.605639
v 0.158256 1.908250 16.962440
v 0.158256 1.908250 16.962440
v -7.052061 1.880622 15.277498
v -4.734054 1.880623 16.146870
v -3.936065 1.880623 16.359735
v -2.313585 1.880623 16.666759
v -1.492992 1.880623 16.760178
v 0.982392 1.880624 16.797869
v 5.816263 1.880626 15.789382
v 8.070077 1.880628 14.765041
v 10.149226 1.880629 13.421131
v 11.415861 1.880630 12.361701
v 13.106113 1.880632 10.552833
v 13.727974 1.491651 11.053544
v 13.727974 1.491651 11.053544
v 10.630786 1.491648 14.057936
v 10.630786 1.491648 14.057936
v 11.957521 1.491649 12.948237
v 11.957521 1.491649 12.948237
v 8.452985 1.491646 15.465612
v 8.452985 1.491646 15.465612
v 6.092233 1.491645 16.538559
v 6.092233 1.491645 16.538559
v 1.029005 1.491643 17.594896
v 1.029005 1.491643 17.594896
v -2.423360 1.491642 17.457565
v -2.423360 1.491642 17.457565
v -1.563832 1.491642 17.555412
v -1.563832 1.491642 17.555412
v -4.958675 1.491641 16.913004
v -4.958675 1.491641 16.913004
v -4.122824 1.491641 17.135973
v -4.122824 1.491641 17.135973
v -7.386668 1.491641 16.002388
v -7.386668 1.491641 16.002388
v 13.212490 1.908258 10.638486
v 11.508515 1.908257 12.462031
v 10.231601 1.908256 13.530062
v 8.135577 1.908254 14.884880
v 5.863468 1.908253 15.917536
v 0.990367 1.908251 16.934208
v -1.505111 1.908250 16.896210
v -2.332362 1.908249 16.802032
v -3.968012 1.908249 16.492519
v -4.772477 1.908249 16.277922
v -7.109298 1.908249 15.401498
v -6.969173 3.172735 -0.000001
v -6.969173 3.172735 -0.000001
v -6.437607 3.172735 -2.672368
v -6.437607 3.172735 -2.672368
v -4.923832 3.172735 -4.937891
v -4.923832 3.172735 -4.937891
v -2.658309 3.172735 -6.451666
v -2.658309 3.172735 -6.451666
v 0.014058 3.172735 -6.983232
v 0.014058 3.172735 -6.983232
v 0.014058 3.172735 -6.983232
v 0.014058 3.172735 -6.983232
v 2.686425 3.172735 -6.451666
v 2.686425 3.172735 -6.451666
v 3.893734 3.172735 -5.806346
v 3.893734 3.172735 -5.806346
v 5.820403 3.172735 -3.879677
v 5.820403 3.172735 -3.879677
v 6.863108 3.172735 -1.362362
v 6.863108 3.172735 -1.362362
v 6.863108 3.172735 1.362360
v 6.863108 3.172735 1.362360
v 5.820403 3.172735 3.879674
v 5.820403 3.172735 3.879674
v 3.893734 3.172735 5.806344
v 3.893734 3.172735 5.806344
v 1.376419 3.172735 6.849049
v 1.376419 3.172735 6.849049
v -1.348302 3.172735 6.849049
v -1.348302 3.172735 6.849049
v -3.865617 3.172735 5.806344
v -3.865617 3.172735 5.806344
v -5.792287 3.172735 3.879675
v -5.792287 3.172735 3.879675
v -6.834992 3.172735 1.362360
v -6.834992 3.172735 1.362360
v -7.317310 3.181946 -0.000001
v -6.759243 3.181946 -2.805594
v -5.170002 3.181946 -5.184061
v -2.791535 3.181946 -6.773302
v 0.014058 3.181946 -7.331369
v 0.014058 3.181946 -7.331369
v 2.819651 3.181946 -6.773302
v 4.087147 3.181946 -6.095810
v 6.109868 3.181946 -4.073091
v 7.204556 3.181946 -1.430280
v 7.204556 3.181946 1.430278
v 6.109868 3.181946 4.073088
v 4.087148 3.181946 6.095809
v 1.444337 3.181946 7.190497
v -1.416221 3.181946 7.190497
v -4.059031 3.181946 6.095809
v -6.081751 3.181946 4.073089
v -7.176440 3.181946 1.430279
v -7.161086 3.614304 -0.000001
v -6.614911 3.614304 -2.745810
v -5.059535 3.614304 -5.073594
v -2.731751 3.614304 -6.628970
v 0.014058 3.614304 -7.175145
v 0.014058 3.614304 -7.175145
v 2.759867 3.614304 -6.628970
v 4.000354 3.614304 -5.965915
v 5.979972 3.614304 -3.986298
v 7.051333 3.614304 -1.399802
v 7.051333 3.614304 1.399800
v 5.979972 3.614304 3.986295
v 4.000355 3.614304 5.965913
v 1.413860 3.614304 7.037274
v -1.385743 3.614304 7.037274
v -3.972238 3.614304 5.965913
v -5.951856 3.614304 3.986296
v -7.023217 3.614304 1.399801
v -7.439044 3.614304 -0.000001
v -6.871710 3.614304 -2.852180
v -5.256081 3.614304 -5.270140
v -2.838121 3.614304 -6.885769
v 0.014058 3.614304 -7.453104
v 0.014058 3.614304 -7.453104
v 2.866237 3.614304 -6.885769
v 4.154779 3.614304 -6.197029
v 6.211086 3.614304 -4.140723
v 7.323951 3.614304 -1.454029
v 7.323951 3.614304 1.454027
v 6.211086 3.614304 4.140720
v 4.154780 3.614304 6.197027
v 1.468087 3.614304 7.309892
v -1.439970 3.614304 7.309892
v -4.126663 3.614304 6.197027
v -6.182970 3.614304 4.140721
v -7.295835 3.614304 1.454028
v -5.916788 -2.111420 -3.931103
v -6.972852 -2.111419 -1.362535
v -6.965580 -2.111418 1.414649
v -5.896080 -2.111418 3.977651
v -3.927172 -2.111417 5.936276
v -1.358604 -2.111418 6.992341
v 1.418580 -2.111418 6.985069
v 3.981583 -2.111419 5.915569
v 5.940207 -2.111420 3.946661
v 6.996272 -2.111422 1.378093
v 6.989000 -2.111422 -1.399092
v 6.989000 -2.111422 -1.399092
v 5.919500 -2.111423 -3.962094
v 3.950592 -2.111423 -5.920719
v 1.382024 -2.111423 -6.976783
v -1.395161 -2.111422 -6.969512
v -3.958163 -2.111422 -5.900012
v -6.196332 -1.872029 -4.116832
v -6.196332 -1.872029 -4.116832
v -7.302193 -1.872028 -1.427149
v -7.302193 -1.872028 -1.427149
v -7.294579 -1.872027 1.480987
v -7.294579 -1.872027 1.480987
v -6.174648 -1.872027 4.164841
v -6.174648 -1.872027 4.164841
v -4.112901 -1.872026 6.215820
v -4.112901 -1.872026 6.215820
v -1.423218 -1.872027 7.321681
v -1.423218 -1.872027 7.321681
v 1.484918 -1.872027 7.314066
v 1.484918 -1.872027 7.314066
v 4.168773 -1.872028 6.194136
v 4.168773 -1.872028 6.194136
v 6.219751 -1.872029 4.132389
v 6.219751 -1.872029 4.132389
v 7.325613 -1.872031 1.442707
v 7.325613 -1.872031 1.442707
v 7.317998 -1.872031 -1.465430
v 7.317998 -1.872031 -1.465430
v 7.317998 -1.872031 -1.465430
v 7.317998 -1.872031 -1.465430
v 6.198068 -1.872032 -4.149285
v 6.198068 -1.872032 -4.149285
v 4.136320 -1.872032 -6.200264
v 4.136320 -1.872032 -6.200264
v 1.446638 -1.872032 -7.306125
v 1.446638 -1.872032 -7.306125
v -1.461498 -1.872031 -7.298510
v -1.461498 -1.872031 -7.298510
v -4.145353 -1.872031 -6.178580
v -4.145353 -1.872031 -6.178580
v -6.082553 -2.313599 -4.041237
v -7.168146 -2.313598 -1.400850
v -7.160671 -2.313597 1.453987
v -6.061266 -2.313596 4.088652
v -4.037306 -2.313596 6.102041
v -1.396919 -2.313596 7.187634
v 1.457918 -2.313597 7.180159
v 4.092583 -2.313598 6.080755
v 6.105972 -2.313599 4.056794
v 7.191566 -2.313600 1.416408
v 7.184090 -2.313601 -1.438429
v 7.184090 -2.313601 -1.438429
v 6.084686 -2.313601 -4.073095
v 4.060725 -2.313601 -6.086484
v 1.420339 -2.313601 -7.172077
v -1.434498 -2.313601 -7.164602
v -4.069164 -2.313600 -6.065197
v -6.343088 -2.307086 -4.214336
v -7.475091 -2.307084 -1.461070
v -7.467297 -2.307083 1.515814
v -6.320892 -2.307083 4.263113
v -4.210405 -2.307082 6.362576
v -1.457139 -2.307083 7.494580
v 1.519745 -2.307083 7.486785
v 4.267044 -2.307084 6.340380
v 6.366508 -2.307086 4.229893
v 7.498511 -2.307086 1.476628
v 7.490716 -2.307087 -1.500256
v 7.490716 -2.307087 -1.500256
v 6.344311 -2.307088 -4.247556
v 4.233824 -2.307088 -6.347019
v 1.480559 -2.307088 -7.479023
v -1.496325 -2.307087 -7.471228
v -4.243625 -2.307086 -6.324823
v 0.014058 0.480646 7.655354
v 7.669413 0.480646 -0.000001
v 0.014058 0.480646 -7.655355
v -7.641296 0.480646 -0.000001
v 6.194418 -2.249010 4.151057
v 6.194418 -2.249010 4.151057
v 5.795089 -2.249009 4.692403
v 5.795089 -2.249009 4.692403
v 6.821519 -2.325293 4.622544
v 6.821519 -2.325293 4.622544
v 6.436066 -2.325292 5.145078
v 6.436066 -2.325292 5.145078
v 6.188704 -2.267766 4.148154
v 5.790628 -2.267765 4.687801
v 6.821065 -2.339262 4.622828
v 6.436205 -2.339259 5.144560
v 6.194418 -2.249010 -4.151058
v 6.194418 -2.249010 -4.151058
v 5.795089 -2.249009 -4.692404
v 5.795089 -2.249009 -4.692404
v 6.821519 -2.325293 -4.622545
v 6.821519 -2.325293 -4.622545
v 6.436066 -2.325292 -5.145079
v 6.436066 -2.325292 -5.145079
v 6.188704 -2.267766 -4.148155
v 5.790628 -2.267765 -4.687802
v 6.821065 -2.339262 -4.622828
v 6.436205 -2.339259 -5.144561
v -6.194418 -2.249010 4.151058
v -6.194418 -2.249010 4.151058
v -5.795089 -2.249009 4.692404
v -5.795089 -2.249009 4.692404
v -6.821519 -2.325293 4.622545
v -6.821519 -2.325293 4.622545
v -6.436066 -2.325292 5.145079
v -6.436066 -2.325292 5.145079
v -6.188704 -2.267766 4.148155
v -5.790628 -2.267765 4.687802
v -6.821065 -2.339262 4.622828
v -6.436205 -2.339259 5.144561
v -6.194418 -2.249010 -4.151057
v -6.194418 -2.249010 -4.151057
v -5.795089 -2.249009 -4.692403
v -5.795089 -2.249009 -4.692403
v -6.821519 -2.325293 -4.622544
v -6.821519 -2.325293 -4.622544
v -6.436066 -2.325292 -5.145078
v -6.436066 -2.325292 -5.145078
v -6.188704 -2.267766 -4.148154
v -5.790628 -2.267765 -4.687801
v -6.821065 -2.339262 -4.622828
v -6.436205 -2.339259 -5.144560
v -2.459938 1.538568 -17.529099
v -2.459938 1.538568 -17.529099
v -2.292255 1.535503 -17.828724
v -1.829087 1.525170 -17.882582
v -2.454303 1.676980 -17.511139
v -1.592566 1.657754 -17.611340
v -2.292497 1.339924 -17.794821
v -2.292497 1.339924 -17.794821
v -1.829682 1.329599 -17.848637
v -1.829682 1.329599 -17.848637
v -1.597299 1.519322 -17.629406
v -1.597299 1.519322 -17.629406
v -2.460754 1.531106 17.519867
v -2.460754 1.531106 17.519867
v -2.293042 1.531085 17.819492
v -1.829763 1.529159 17.873350
v -2.457631 1.669598 17.501907
v -1.595687 1.666013 17.602108
v -2.289736 1.335534 17.785589
v -2.289736 1.335534 17.785589
v -1.826809 1.333609 17.839405
v -1.826809 1.333609 17.839405
v -1.597907 1.527517 17.620174
v -1.597907 1.527517 17.620174
v 2.485344 1.538568 -17.529099
v 2.485344 1.538568 -17.529099
v 2.317661 1.535503 -17.828724
v 1.854492 1.525170 -17.882582
v 2.479708 1.676980 -17.511139
v 1.617971 1.657754 -17.611340
v 2.317903 1.339924 -17.794821
v 2.317903 1.339924 -17.794821
v 1.855087 1.329599 -17.848637
v 1.855087 1.329599 -17.848637
v 1.622705 1.519322 -17.629406
v 1.622705 1.519322 -17.629406
v 2.485345 1.538568 17.519867
v 2.485345 1.538568 17.519867
v 2.317662 1.535503 17.819492
v 1.854494 1.525170 17.873350
v 2.479710 1.676980 17.501907
v 1.617973 1.657754 17.602108
v 2.317904 1.339924 17.785589
v 2.317904 1.339924 17.785589
v 1.855089 1.329599 17.839405
v 1.855089 1.329599 17.839405
v 1.622706 1.519322 17.620174
v 1.622706 1.519322 17.620174
v -17.511780 1.538568 2.468027
v -17.511780 1.538568 2.468027
v -17.811405 1.535503 2.300344
v -17.865263 1.525170 1.837176
v -17.493820 1.676980 2.462391
v -17.594021 1.657754 1.600654
v -17.777502 1.339924 2.300586
v -17.777502 1.339924 2.300586
v -17.831318 1.329599 1.837771
v -17.831318 1.329599 1.837771
v -17.612087 1.519322 1.605388
v -17.612087 1.519322 1.605388
v -17.511780 1.538568 -2.477258
v -17.511780 1.538568 -2.477258
v -17.811405 1.535503 -2.309576
v -17.865263 1.525170 -1.846407
v -17.493820 1.676980 -2.471623
v -17.594021 1.657754 -1.609886
v -17.777502 1.339924 -2.309818
v -17.777502 1.339924 -2.309818
v -17.831318 1.329599 -1.847002
v -17.831318 1.329599 -1.847002
v -17.612087 1.519322 -1.614620
v -17.612087 1.519322 -1.614620
v 17.565302 1.538568 2.468025
v 17.565302 1.538568 2.468025
v 17.864927 1.535503 2.300342
v 17.918785 1.525170 1.837174
v 17.547342 1.676980 2.462390
v 17.647543 1.657754 1.600653
v 17.831024 1.339924 2.300585
v 17.831024 1.339924 2.300585
v 17.884840 1.329599 1.837769
v 17.884840 1.329599 1.837769
v 17.665609 1.519322 1.605386
v 17.665609 1.519322 1.605386
v 17.565302 1.538568 -2.477260
v 17.565302 1.538568 -2.477260
v 17.864927 1.535503 -2.309577
v 17.918785 1.525170 -1.846409
v 17.547342 1.676980 -2.471625
v 17.647543 1.657754 -1.609887
v 17.831024 1.339924 -2.309819
v 17.831024 1.339924 -2.309819
v 17.884840 1.329599 -1.847004
v 17.884840 1.329599 -1.847004
v 17.665609 1.519322 -1.614621
v 17.665609 1.519322 -1.614621
v -15.205208 1.538568 9.030684
v -15.205208 1.538568 9.030684
v -15.546310 1.535503 8.991425
v -15.774506 1.525170 8.584789
v -15.190807 1.676980 9.018563
v -15.615368 1.657754 8.262005
v -15.514933 1.339924 8.978582
v -15.514933 1.339924 8.978582
v -15.742954 1.329599 8.572256
v -15.742954 1.329599 8.572256
v -15.630213 1.519322 8.273335
v -15.630213 1.519322 8.273335
v -15.205208 1.538568 -9.039916
v -15.205208 1.538568 -9.039916
v -15.546312 1.535503 -9.000657
v -15.774508 1.525170 -8.594020
v -15.190807 1.676980 -9.027795
v -15.615368 1.657754 -8.271237
v -15.514935 1.339924 -8.987814
v -15.514935 1.339924 -8.987814
v -15.742956 1.329599 -8.581489
v -15.742956 1.329599 -8.581489
v -15.630215 1.519322 -8.282567
v -15.630215 1.519322 -8.282567
v 15.258732 1.538568 9.030683
v 15.258732 1.538568 9.030683
v 15.599834 1.535503 8.991423
v 15.828030 1.525170 8.584787
v 15.244329 1.676980 9.018561
v 15.668892 1.657754 8.262004
v 15.568457 1.339924 8.978581
v 15.568457 1.339924 8.978581
v 15.796478 1.329599 8.572255
v 15.796478 1.329599 8.572255
v 15.683739 1.519322 8.273334
v 15.683739 1.519322 8.273334
v 15.258730 1.538568 -9.039917
v 15.258730 1.538568 -9.039917
v 15.599834 1.535503 -9.000659
v 15.828032 1.525170 -8.594023
v 15.244328 1.676980 -9.027796
v 15.668890 1.657754 -8.271239
v 15.568459 1.339924 -8.987816
v 15.568459 1.339924 -8.987816
v 15.796476 1.329599 -8.581490
v 15.796476 1.329599 -8.581490
v 15.683739 1.519322 -8.282570
v 15.683739 1.519322 -8.282570
v 3.149188 -2.705687 -0.498783
v -0.498784 -2.705687 -3.149188
v 0.498783 -2.705685 3.149189
v -3.149189 -2.705685 0.498784
v 8.049286 -1.450408 -1.274886
v -1.274884 -1.450408 -8.049287
v -8.049284 -1.450403 1.274882
v 1.274885 -1.450403 8.049283
v 4.758152 -2.460240 -0.753619
v 1.527187 -2.743175 -2.101995
v -2.101995 -2.743174 -1.527187
v -1.527188 -2.743172 2.101995
v 2.101995 -2.743174 1.527188
v -0.753619 -2.460240 -4.758152
v -4.758152 -2.460237 0.753619
v 0.753619 -2.460237 4.758153
v 6.449426 -1.450405 4.685776
v -4.685777 -1.450402 6.449423
v -6.449424 -1.450405 -4.685779
v 4.685779 -1.450409 -6.449427
v 2.753265 -2.463748 -3.789547
v -3.789547 -2.463745 -2.753265
v -2.753264 -2.463743 3.789546
v 3.789547 -2.463745 2.753265
v -0.000000 -2.829776 0.000000
v -1.079478 -1.532209 -6.815552
v -6.815549 -1.532204 1.079478
v 1.079481 -1.532204 6.815550
v 6.815552 -1.532209 -1.079481
v -5.460904 -1.532207 -3.967579
v 5.460906 -1.532207 3.967575
v 3.967579 -1.532210 -5.460907
v -3.967575 -1.532203 5.460903
v 2.263600 5.682895 2.249541
v -2.235484 5.682894 2.249541
v 2.263600 5.682891 -2.249544
v -2.235484 5.682891 -2.249544
v 4.835329 3.420834 4.821271
v -4.807213 3.420834 4.821270
v -4.807213 3.420827 -4.821271
v 4.835330 3.420827 -4.821271
v 5.385180 3.182830 5.371122
v -5.357064 3.182830 5.371122
v -5.357064 3.182823 -5.371122
v 5.385180 3.182823 -5.371122
v 0.014058 5.757556 2.592412
v -2.578356 5.757555 -0.000002
v 0.014058 5.757553 -2.592416
v 2.606472 5.757555 -0.000002
v 6.683698 3.420830 -0.000000
v 0.014058 3.420826 -6.669640
v -6.655581 3.420830 0.000000
v 0.014058 3.420835 6.669640
v 7.444350 3.182827 -0.000000
v 0.014058 3.182822 -7.430293
v -7.416234 3.182827 0.000000
v 0.014058 3.182832 7.430292
v 0.014058 5.930035 -0.000002
v 3.815544 4.914023 3.801484
v -3.787427 4.914023 3.801484
v -3.787428 4.914018 -3.801487
v 3.815543 4.914018 -3.801487
v 0.014058 4.917107 5.247406
v -5.233349 4.917104 -0.000001
v 0.014058 4.917100 -5.247408
v 5.261466 4.917104 -0.000001
v -5.084796 -1.958796 13.696112
v -4.993024 -1.960087 13.670027
v -4.724598 -1.961905 13.722263
v -4.588813 -1.962155 13.792624
v -4.479851 -1.961891 13.879588
v -4.402147 -1.960052 14.049848
v -4.445231 -1.958758 14.107222
v -4.663486 -1.956375 14.124121
v -4.805428 -1.955648 14.081069
v -4.941218 -1.955398 14.010706
v -5.115725 -1.956401 13.833418
v -5.127885 -1.957501 13.753484
v -5.162182 -1.922937 13.645592
v -5.162182 -1.922937 13.645592
v -5.162182 -1.922937 13.645592
v -5.048100 -1.924543 13.613172
v -5.048100 -1.924543 13.613172
v -5.048100 -1.924543 13.613172
v -4.714427 -1.926803 13.678106
v -4.714427 -1.926803 13.678106
v -4.714427 -1.926803 13.678106
v -4.545632 -1.927114 13.765572
v -4.545632 -1.927114 13.765572
v -4.545632 -1.927114 13.765572
v -4.410179 -1.926785 13.873676
v -4.410179 -1.926785 13.873676
v -4.410179 -1.926785 13.873676
v -4.313585 -1.924500 14.085323
v -4.313585 -1.924500 14.085323
v -4.313585 -1.924500 14.085323
v -4.367147 -1.922891 14.156645
v -4.367147 -1.922891 14.156645
v -4.367147 -1.922891 14.156645
v -4.638458 -1.919928 14.177649
v -4.638458 -1.919928 14.177649
v -4.638458 -1.919928 14.177649
v -4.814902 -1.919025 14.124136
v -4.814902 -1.919025 14.124136
v -4.814902 -1.919025 14.124136
v -4.983700 -1.918714 14.036667
v -4.983700 -1.918714 14.036667
v -4.983700 -1.918714 14.036667
v -5.200636 -1.919961 13.816283
v -5.200636 -1.919961 13.816283
v -5.200636 -1.919961 13.816283
v -5.215745 -1.921328 13.716913
v -5.215745 -1.921328 13.716913
v -5.215745 -1.921328 13.716913
v -5.084448 -1.922933 13.695560
v -4.992677 -1.924225 13.669481
v -4.724252 -1.926043 13.721716
v -4.588462 -1.926293 13.792080
v -4.479500 -1.926029 13.879042
v -4.401793 -1.924190 14.049301
v -4.444882 -1.922896 14.106674
v -4.663137 -1.920512 14.123571
v -4.805078 -1.919786 14.080524
v -4.940867 -1.919536 14.010162
v -5.115379 -1.920539 13.832872
v -5.127535 -1.921639 13.752939
v -5.161786 -1.881894 13.644967
v -5.047706 -1.883500 13.612547
v -4.714030 -1.885760 13.677477
v -4.545232 -1.886071 13.764946
v -4.409782 -1.885742 13.873049
v -4.313183 -1.883457 14.084697
v -4.366747 -1.881848 14.156019
v -4.638056 -1.878885 14.177023
v -4.814504 -1.877982 14.123508
v -4.983299 -1.877671 14.036041
v -5.200232 -1.878918 13.815655
v -5.215345 -1.880285 13.716292
v -5.129826 -1.976316 13.667543
v -5.025177 -1.977788 13.637802
v -4.719101 -1.979862 13.697363
v -4.564266 -1.980147 13.777596
v -4.440018 -1.979845 13.876760
v -4.351412 -1.977749 14.070902
v -4.400548 -1.976273 14.136324
v -4.649419 -1.973555 14.155592
v -4.811271 -1.972727 14.106501
v -4.966104 -1.972442 14.026269
v -5.165094 -1.973585 13.824114
v -5.178956 -1.974840 13.732966
v -5.142961 -1.973665 13.659039
v -5.034538 -1.975191 13.628227
v -4.717413 -1.977339 13.689939
v -4.556988 -1.977635 13.773067
v -4.428258 -1.977322 13.875811
v -4.336452 -1.975150 14.076961
v -4.387355 -1.973621 14.144744
v -4.645211 -1.970805 14.164706
v -4.812907 -1.969947 14.113844
v -4.973330 -1.969652 14.030716
v -5.179508 -1.970836 13.821262
v -5.193866 -1.972136 13.726826
v -5.090889 -1.953168 13.906359
v -4.981541 -1.958148 13.649523
v -5.137969 -1.955373 13.731646
v -4.682755 -1.959929 13.723651
v -4.846029 -1.952952 14.077005
v -4.765900 -1.956376 13.903588
v -4.557391 -1.954606 14.152903
v -4.432663 -1.959628 13.903174
v -4.393826 -1.957379 14.075535
v 13.382120 -1.963636 -6.066452
v 13.208592 -1.966436 -6.136525
v 13.116885 -1.967363 -6.241521
v 13.040568 -1.967766 -6.374054
v 12.991262 -1.967585 -6.513946
v 12.998451 -1.965665 -6.732742
v 13.053853 -1.964218 -6.778334
v 13.227380 -1.961418 -6.708263
v 13.319088 -1.960491 -6.603265
v 13.395405 -1.960088 -6.470732
v 13.444710 -1.960269 -6.330841
v 13.437520 -1.962189 -6.112045
v 13.421323 -1.927705 -5.979633
v 13.421323 -1.927705 -5.979633
v 13.421323 -1.927705 -5.979633
v 13.205613 -1.931185 -6.066741
v 13.205613 -1.931185 -6.066741
v 13.205613 -1.931185 -6.066741
v 13.091612 -1.932337 -6.197259
v 13.091612 -1.932337 -6.197259
v 13.091612 -1.932337 -6.197259
v 12.996744 -1.932839 -6.362011
v 12.996744 -1.932839 -6.362011
v 12.996744 -1.932839 -6.362011
v 12.935452 -1.932614 -6.535911
v 12.935452 -1.932614 -6.535911
v 12.935452 -1.932614 -6.535911
v 12.944389 -1.930226 -6.807892
v 12.944389 -1.930226 -6.807892
v 12.944389 -1.930226 -6.807892
v 13.013257 -1.928427 -6.864569
v 13.013257 -1.928427 -6.864569
v 13.013257 -1.928427 -6.864569
v 13.228967 -1.924947 -6.777463
v 13.228967 -1.924947 -6.777463
v 13.228967 -1.924947 -6.777463
v 13.342968 -1.923795 -6.646942
v 13.342968 -1.923795 -6.646942
v 13.342968 -1.923795 -6.646942
v 13.437836 -1.923294 -6.482192
v 13.437836 -1.923294 -6.482192
v 13.437836 -1.923294 -6.482192
v 13.499128 -1.923519 -6.308291
v 13.499128 -1.923519 -6.308291
v 13.499128 -1.923519 -6.308291
v 13.490191 -1.925906 -6.036310
v 13.490191 -1.925906 -6.036310
v 13.490191 -1.925906 -6.036310
v 13.381424 -1.927776 -6.066160
v 13.207897 -1.930576 -6.136232
v 13.116189 -1.931503 -6.241230
v 13.039871 -1.931906 -6.373763
v 12.990566 -1.931725 -6.513655
v 12.997755 -1.929805 -6.732450
v 13.053158 -1.928358 -6.778043
v 13.226685 -1.925558 -6.707971
v 13.318392 -1.924631 -6.602974
v 13.394709 -1.924228 -6.470440
v 13.444014 -1.924409 -6.330549
v 13.436825 -1.926329 -6.111753
v 13.420526 -1.886665 -5.979301
v 13.204816 -1.890145 -6.066407
v 13.090814 -1.891297 -6.196926
v 12.995947 -1.891798 -6.361678
v 12.934654 -1.891573 -6.535577
v 12.943592 -1.889186 -6.807559
v 13.012461 -1.887387 -6.864233
v 13.228170 -1.883906 -6.777128
v 13.342172 -1.882755 -6.646608
v 13.437039 -1.882253 -6.481857
v 13.498332 -1.882478 -6.307957
v 13.489395 -1.884866 -6.035975
v 13.405483 -1.981112 -6.016666
v 13.207615 -1.984305 -6.096566
v 13.103044 -1.985361 -6.216291
v 13.016022 -1.985821 -6.367417
v 12.959799 -1.985615 -6.526932
v 12.967999 -1.983425 -6.776418
v 13.031170 -1.981775 -6.828406
v 13.229038 -1.978582 -6.748505
v 13.333611 -1.977526 -6.628779
v 13.420631 -1.977066 -6.477656
v 13.476853 -1.977272 -6.318140
v 13.468656 -1.979462 -6.068654
v 13.412188 -1.978449 -6.001992
v 13.207177 -1.981757 -6.084778
v 13.098831 -1.982851 -6.208825
v 13.008667 -1.983328 -6.365405
v 12.950416 -1.983114 -6.530678
v 12.958910 -1.980845 -6.789171
v 13.024363 -1.979136 -6.843036
v 13.229374 -1.975828 -6.760251
v 13.337721 -1.974733 -6.636204
v 13.427883 -1.974257 -6.479623
v 13.486135 -1.974470 -6.314350
v 13.477640 -1.976739 -6.055857
v 13.478161 -1.958108 -6.226125
v 13.234238 -1.963950 -6.090435
v 13.408137 -1.960826 -6.059285
v 13.043804 -1.965680 -6.332314
v 13.389535 -1.957510 -6.511119
v 13.219858 -1.961520 -6.423367
v 13.208197 -1.959102 -6.748165
v 12.956490 -1.964973 -6.627526
v 13.031582 -1.962213 -6.787446
v 14.791044 -1.913528 3.184907
v 14.615663 -1.919138 3.043785
v 14.399645 -1.925755 2.980556
v 14.880009 -1.898392 3.110285
v 14.669335 -1.905131 2.940766
v 14.409849 -1.913080 2.864812
v 14.897907 -1.888558 3.094779
v 14.897907 -1.888558 3.094779
v 14.897907 -1.888558 3.094779
v 14.679892 -1.895532 2.919353
v 14.679892 -1.895532 2.919353
v 14.679892 -1.895532 2.919353
v 14.411362 -1.903758 2.840754
v 14.411362 -1.903758 2.840754
v 14.411362 -1.903758 2.840754
v 14.790386 -1.891530 3.184850
v 14.615005 -1.897140 3.043726
v 14.398988 -1.903757 2.980497
v 14.897157 -1.863382 3.094714
v 14.679140 -1.870356 2.919286
v 14.410608 -1.878582 2.840686
v 14.855255 -1.984429 3.133125
v 14.655272 -1.990826 2.972208
v 14.408953 -1.998371 2.900109
v 14.869616 -1.984032 3.121095
v 14.663939 -1.990611 2.955596
v 14.410605 -1.998371 2.881445
v 14.923350 -1.908462 3.606302
v 14.860130 -1.909777 3.822419
v 14.719057 -1.913525 3.997890
v 15.038935 -1.892306 3.616471
v 14.962996 -1.893886 3.876077
v 14.793535 -1.898388 4.086856
v 15.062375 -1.882260 3.618610
v 15.062375 -1.882260 3.618610
v 15.062375 -1.882260 3.618610
v 14.983788 -1.883895 3.887266
v 14.983788 -1.883895 3.887266
v 14.983788 -1.883895 3.887266
v 14.808422 -1.888554 4.105392
v 14.808422 -1.888554 4.105392
v 14.808422 -1.888554 4.105392
v 14.922693 -1.886464 3.606244
v 14.859474 -1.887779 3.822359
v 14.718401 -1.891526 3.997832
v 15.061624 -1.857085 3.618544
v 14.983036 -1.858719 3.887200
v 14.807670 -1.863378 4.105326
v 15.006119 -1.978652 3.613630
v 14.934033 -1.980152 3.860065
v 14.773170 -1.984425 4.060148
v 15.024776 -1.978091 3.615282
v 14.950638 -1.979633 3.868734
v 14.785194 -1.984028 4.074517
v 13.774135 -1.943043 3.504542
v 13.837355 -1.941728 3.288423
v 13.978427 -1.937981 3.112952
v 13.658474 -1.933846 3.494235
v 13.734414 -1.932266 3.234629
v 13.903875 -1.927765 3.023852
v 13.633797 -1.925248 3.492116
v 13.633797 -1.925248 3.492116
v 13.633797 -1.925248 3.492116
v 13.712383 -1.923613 3.223460
v 13.712383 -1.923613 3.223460
v 13.712383 -1.923613 3.223460
v 13.887750 -1.918955 3.005334
v 13.887750 -1.918955 3.005334
v 13.887750 -1.918955 3.005334
v 13.773478 -1.921045 3.504483
v 13.836697 -1.919730 3.288364
v 13.977770 -1.915983 3.112894
v 13.633043 -1.900072 3.492049
v 13.711631 -1.898437 3.223393
v 13.886997 -1.893779 3.005267
v 13.695701 -2.018084 3.497597
v 13.767788 -2.016585 3.251162
v 13.928650 -2.012312 3.051078
v 13.677044 -2.018646 3.495945
v 13.751184 -2.017103 3.242493
v 13.916627 -2.012709 3.036712
v 13.906441 -1.937977 3.925937
v 14.081823 -1.932367 4.067058
v 14.297841 -1.925750 4.130288
v 13.817404 -1.927761 4.000423
v 14.028076 -1.921022 4.169942
v 14.287561 -1.913073 4.245895
v 13.798264 -1.918950 4.015946
v 13.798264 -1.918950 4.015946
v 13.798264 -1.918950 4.015946
v 14.016279 -1.911977 4.191373
v 14.016279 -1.911977 4.191373
v 14.016279 -1.911977 4.191373
v 14.284809 -1.903751 4.269974
v 14.284809 -1.903751 4.269974
v 14.284809 -1.903751 4.269974
v 13.905783 -1.915979 3.925877
v 14.081166 -1.910369 4.066999
v 14.297185 -1.903752 4.130230
v 13.797512 -1.893775 4.015880
v 14.015528 -1.886801 4.191306
v 14.284059 -1.878575 4.269908
v 13.846563 -2.012307 3.978101
v 14.046548 -2.005911 4.139017
v 14.292870 -1.998365 4.211119
v 13.832204 -2.012704 3.990132
v 14.037883 -2.006125 4.155631
v 14.291216 -1.998365 4.229783
v 13.737005 -1.930811 3.349468
v 14.179277 -1.915395 4.184313
v 14.520789 -1.908574 2.909770
v 14.957791 -1.893228 3.777839
v 13.811077 -1.927287 3.844859
v 14.909323 -1.896090 3.243544
v 14.668422 -1.900907 4.140574
v 14.035967 -1.922852 2.984318
v 14.346361 -1.912082 3.551780
v 11.006986 -1.974863 -7.974170
v 10.761663 -1.987090 -7.607059
v 10.553689 -1.993707 -7.520985
v 11.120846 -1.959727 -7.951394
v 10.826160 -1.974414 -7.510412
v 10.576338 -1.982362 -7.407018
v 11.143991 -1.949893 -7.946381
v 11.143991 -1.949893 -7.946381
v 11.143991 -1.949893 -7.946381
v 10.839033 -1.965092 -7.490028
v 10.839033 -1.965092 -7.490028
v 10.839033 -1.965092 -7.490028
v 10.580503 -1.973317 -7.383030
v 10.580503 -1.973317 -7.383030
v 10.580503 -1.973317 -7.383030
v 11.006437 -1.952865 -7.973804
v 10.761115 -1.965092 -7.606692
v 10.553142 -1.971709 -7.520618
v 11.143363 -1.924717 -7.945962
v 10.838406 -1.939916 -7.489609
v 10.579875 -1.948141 -7.382611
v 11.074515 -2.042538 -7.962202
v 10.800663 -2.056187 -7.552395
v 10.568501 -2.063573 -7.456311
v 11.106541 -2.045367 -7.955893
v 10.818842 -2.059706 -7.525366
v 10.574942 -2.067466 -7.424423
v 11.006986 -1.971114 -8.199319
v 10.761663 -1.971112 -8.566633
v 10.553689 -1.974859 -8.652880
v 11.120846 -1.955223 -8.221847
v 10.826160 -1.955221 -8.663073
v 10.576338 -1.959722 -8.766673
v 11.143991 -1.945233 -8.226261
v 11.143991 -1.945233 -8.226261
v 11.143991 -1.945233 -8.226261
v 10.839033 -1.945230 -8.682866
v 10.839033 -1.945230 -8.682866
v 10.839033 -1.945230 -8.682866
v 10.580503 -1.949888 -8.790079
v 10.580503 -1.949888 -8.790079
v 10.580503 -1.949888 -8.790079
v 11.006437 -1.949116 -8.198953
v 10.761115 -1.949114 -8.566267
v 10.553142 -1.952861 -8.652514
v 11.143363 -1.920057 -8.225842
v 10.838406 -1.920054 -8.682447
v 10.579875 -1.924712 -8.789660
v 11.074515 -2.038353 -8.213534
v 10.800663 -2.038351 -8.623567
v 10.568501 -2.042534 -8.719844
v 11.106541 -2.040970 -8.219934
v 10.818842 -2.040968 -8.650699
v 10.574942 -2.045362 -8.751843
v 9.875285 -2.003061 -7.974640
v 10.120607 -2.003063 -7.607325
v 10.328582 -1.999316 -7.521078
v 9.761425 -1.993599 -7.951958
v 10.056110 -1.993601 -7.510731
v 10.305933 -1.989100 -7.407130
v 9.737185 -1.984945 -7.946965
v 9.737185 -1.984945 -7.946965
v 9.737185 -1.984945 -7.946965
v 10.042142 -1.984948 -7.490359
v 10.042142 -1.984948 -7.490359
v 10.042142 -1.984948 -7.490359
v 10.300673 -1.980290 -7.383146
v 10.300673 -1.980290 -7.383146
v 10.300673 -1.980290 -7.383146
v 9.874737 -1.981063 -7.974274
v 10.120059 -1.981065 -7.606958
v 10.328033 -1.977318 -7.520712
v 9.736557 -1.959769 -7.946546
v 10.041514 -1.959772 -7.489939
v 10.300045 -1.955114 -7.382727
v 9.811200 -2.074016 -7.962726
v 10.085052 -2.074018 -7.552692
v 10.317213 -2.069835 -7.456415
v 9.779349 -2.078436 -7.956443
v 10.067049 -2.078438 -7.525678
v 10.310948 -2.074044 -7.424532
v 9.875285 -1.999312 -8.199787
v 10.120607 -1.987085 -8.566899
v 10.328582 -1.980468 -8.652973
v 9.761425 -1.989095 -8.222410
v 10.056110 -1.974408 -8.663392
v 10.305933 -1.966460 -8.766786
v 9.737185 -1.980285 -8.226844
v 9.737185 -1.980285 -8.226844
v 9.737185 -1.980285 -8.226844
v 10.042142 -1.965086 -8.683197
v 10.042142 -1.965086 -8.683197
v 10.042142 -1.965086 -8.683197
v 10.300673 -1.956861 -8.790195
v 10.300673 -1.956861 -8.790195
v 10.300673 -1.956861 -8.790195
v 9.874737 -1.977314 -8.199421
v 10.120059 -1.965087 -8.566533
v 10.328033 -1.958470 -8.652607
v 9.736557 -1.955109 -8.226424
v 10.041514 -1.939910 -8.682777
v 10.300045 -1.931685 -8.789776
v 9.811200 -2.069830 -8.214057
v 10.085052 -2.056181 -8.623864
v 10.317213 -2.048795 -8.719948
v 9.779349 -2.074039 -8.220483
v 10.067049 -2.059700 -8.651011
v 10.310948 -2.051940 -8.751953
v 10.003275 -1.992145 -7.612726
v 9.990662 -1.976730 -8.557404
v 10.901917 -1.969909 -7.603092
v 10.868737 -1.954562 -8.574388
v 9.830527 -1.988622 -8.082894
v 11.082615 -1.957424 -8.082376
v 10.440793 -1.962241 -8.753760
v 10.440793 -1.984186 -7.435837
v 10.440793 -1.973416 -8.082641
v -11.661955 -1.960487 -8.862536
v -11.459239 -1.961214 -8.945192
v -11.351604 -1.960123 -9.047245
v -11.261704 -1.958233 -9.170953
v -11.203224 -1.955834 -9.297484
v -11.209996 -1.950989 -9.484460
v -11.274218 -1.949281 -9.516441
v -11.476934 -1.948553 -9.433785
v -11.584567 -1.949645 -9.331731
v -11.674467 -1.951534 -9.208023
v -11.732949 -1.953933 -9.081493
v -11.726177 -1.958779 -8.894517
v -11.754003 -1.925049 -8.794451
v -11.754003 -1.925049 -8.794451
v -11.754003 -1.925049 -8.794451
v -11.708583 -1.925995 -8.782146
v -11.708583 -1.925995 -8.782146
v -11.708583 -1.925995 -8.782146
v -11.456586 -1.926900 -8.884894
v -11.456586 -1.926900 -8.884894
v -11.456586 -1.926900 -8.884894
v -11.322790 -1.925543 -9.011758
v -11.322790 -1.925543 -9.011758
v -11.322790 -1.925543 -9.011758
v -11.211036 -1.923194 -9.165538
v -11.211036 -1.923194 -9.165538
v -11.211036 -1.923194 -9.165538
v -11.138338 -1.920212 -9.322825
v -11.138338 -1.920212 -9.322825
v -11.138338 -1.920212 -9.322825
v -11.146756 -1.914188 -9.555254
v -11.146756 -1.914188 -9.555254
v -11.146756 -1.914188 -9.555254
v -11.226590 -1.912065 -9.595010
v -11.226590 -1.912065 -9.595010
v -11.226590 -1.912065 -9.595010
v -11.478585 -1.911161 -9.492261
v -11.478585 -1.911161 -9.492261
v -11.478585 -1.911161 -9.492261
v -11.612383 -1.912518 -9.365398
v -11.612383 -1.912518 -9.365398
v -11.612383 -1.912518 -9.365398
v -11.724137 -1.914866 -9.211618
v -11.724137 -1.914866 -9.211618
v -11.724137 -1.914866 -9.211618
v -11.796834 -1.917849 -9.054329
v -11.796834 -1.917849 -9.054329
v -11.796834 -1.917849 -9.054329
v -11.788416 -1.923872 -8.821901
v -11.788416 -1.923872 -8.821901
v -11.788416 -1.923872 -8.821901
v -11.661456 -1.924634 -8.861625
v -11.458737 -1.925361 -8.944281
v -11.351104 -1.924270 -9.046334
v -11.261205 -1.922381 -9.170043
v -11.202724 -1.919981 -9.296574
v -11.209495 -1.915136 -9.483548
v -11.273717 -1.913428 -9.515530
v -11.476435 -1.912700 -9.432875
v -11.584067 -1.913792 -9.330821
v -11.673966 -1.915681 -9.207110
v -11.732449 -1.918080 -9.080583
v -11.725676 -1.922926 -8.893605
v -11.753429 -1.884017 -8.793407
v -11.708010 -1.884963 -8.781103
v -11.456015 -1.885867 -8.883853
v -11.322216 -1.884510 -9.010714
v -11.210464 -1.882162 -9.164495
v -11.137766 -1.879179 -9.321782
v -11.146184 -1.873156 -9.554211
v -11.226016 -1.871032 -9.593966
v -11.478013 -1.870128 -9.491218
v -11.611812 -1.871485 -9.364357
v -11.723566 -1.873834 -9.210577
v -11.796263 -1.876816 -9.053288
v -11.787843 -1.882839 -8.820859
v -11.689395 -1.978786 -8.817119
v -11.458241 -1.979615 -8.911369
v -11.335509 -1.978370 -9.027737
v -11.233001 -1.976216 -9.168799
v -11.166315 -1.973480 -9.313077
v -11.174036 -1.967955 -9.526281
v -11.247267 -1.966007 -9.562749
v -11.478420 -1.965178 -9.468499
v -11.601151 -1.966423 -9.352130
v -11.703663 -1.968577 -9.211069
v -11.770347 -1.971313 -9.066791
v -11.762623 -1.976838 -8.853584
v -11.697337 -1.976366 -8.803594
v -11.457841 -1.977225 -8.901246
v -11.330678 -1.975936 -9.021814
v -11.224467 -1.973703 -9.167968
v -11.155376 -1.970869 -9.317455
v -11.163377 -1.965145 -9.538357
v -11.239250 -1.963126 -9.576139
v -11.478747 -1.962267 -9.478487
v -11.605909 -1.963557 -9.357918
v -11.712120 -1.965789 -9.211764
v -11.781211 -1.968624 -9.062277
v -11.773211 -1.974348 -8.841376
v -11.761566 -1.952030 -9.047686
v -11.548774 -1.959586 -8.867109
v -11.725418 -1.957037 -8.870443
v -11.314815 -1.957765 -9.067194
v -11.619055 -1.947356 -9.309878
v -11.469741 -1.952464 -9.190775
v -11.394961 -1.945473 -9.506996
v -11.171600 -1.952840 -9.339662
v -11.214065 -1.947891 -9.511106
v 9.184895 -1.947197 10.902450
v 9.034898 -1.955340 10.584682
v 8.881311 -1.959982 10.492502
v 9.276889 -1.931551 10.897742
v 9.096710 -1.941332 10.516028
v 8.912218 -1.946909 10.405302
v 9.295927 -1.923246 10.896683
v 9.295927 -1.923246 10.896683
v 9.295927 -1.923246 10.896683
v 9.109468 -1.933367 10.501665
v 9.109468 -1.933367 10.501665
v 9.109468 -1.933367 10.501665
v 8.918546 -1.939138 10.387075
v 8.918546 -1.939138 10.387075
v 8.918546 -1.939138 10.387075
v 9.184444 -1.925469 10.902106
v 9.034448 -1.933612 10.584336
v 8.880861 -1.938254 10.492157
v 9.295413 -1.898379 10.896286
v 9.108953 -1.908501 10.501269
v 8.918031 -1.914272 10.386681
v 9.239601 -2.012317 10.900904
v 9.072161 -2.021407 10.546177
v 8.900711 -2.026589 10.443278
v 9.265557 -2.015276 10.899699
v 9.089651 -2.024826 10.527040
v 8.909534 -2.030270 10.418933
v 9.158470 -1.944936 11.079660
v 9.066247 -1.944412 11.233294
v 8.748457 -1.948617 11.383410
v 9.245146 -1.928836 11.110612
v 9.134368 -1.928206 11.295156
v 8.752631 -1.933257 11.475474
v 9.263078 -1.920435 11.116972
v 9.263078 -1.920435 11.116972
v 9.263078 -1.920435 11.116972
v 9.148438 -1.919784 11.307949
v 9.148438 -1.919784 11.307949
v 9.148438 -1.919784 11.307949
v 8.753396 -1.925011 11.494555
v 8.753396 -1.925011 11.494555
v 8.753396 -1.925011 11.494555
v 9.158019 -1.923209 11.079317
v 9.065797 -1.922685 11.232948
v 8.748007 -1.926890 11.383062
v 9.262564 -1.895569 11.116577
v 9.147923 -1.894918 11.307556
v 8.752881 -1.900145 11.494162
v 9.210103 -2.009794 11.098724
v 9.107155 -2.009209 11.270224
v 8.752406 -2.013903 11.437796
v 9.234568 -2.012625 11.107523
v 9.126415 -2.012011 11.287692
v 8.753729 -2.016942 11.463738
v 8.294112 -1.967751 10.769876
v 8.530312 -1.966982 10.509584
v 8.704124 -1.964070 10.466131
v 8.206862 -1.956241 10.738491
v 8.490590 -1.955318 10.425819
v 8.699377 -1.951820 10.373625
v 8.188603 -1.948796 10.731880
v 8.188603 -1.948796 10.731880
v 8.188603 -1.948796 10.731880
v 8.482221 -1.947841 10.408313
v 8.482221 -1.947841 10.408313
v 8.482221 -1.947841 10.408313
v 8.698286 -1.944221 10.354294
v 8.698286 -1.944221 10.354294
v 8.698286 -1.944221 10.354294
v 8.293663 -1.946024 10.769532
v 8.529861 -1.945255 10.509239
v 8.703674 -1.942343 10.465786
v 8.188089 -1.923930 10.731484
v 8.481706 -1.922974 10.407917
v 8.697771 -1.919354 10.353900
v 8.245222 -2.035262 10.752912
v 8.508890 -2.034404 10.462345
v 8.702918 -2.031153 10.413841
v 8.220901 -2.039381 10.744224
v 8.497901 -2.038480 10.438970
v 8.701739 -2.035064 10.388007
v 8.267688 -1.965490 10.947086
v 8.417684 -1.957348 11.264857
v 8.571270 -1.952706 11.357038
v 8.175120 -1.953526 10.951361
v 8.355299 -1.943745 11.333071
v 8.539791 -1.938168 11.443797
v 8.155753 -1.945986 10.952169
v 8.155753 -1.945986 10.952169
v 8.155753 -1.945986 10.952169
v 8.342213 -1.935864 11.347185
v 8.342213 -1.935864 11.347185
v 8.342213 -1.935864 11.347185
v 8.533135 -1.930093 11.461775
v 8.533135 -1.930093 11.461775
v 8.533135 -1.930093 11.461775
v 8.267238 -1.943763 10.946743
v 8.417233 -1.935620 11.264513
v 8.570821 -1.930978 11.356691
v 8.155239 -1.921120 10.951775
v 8.341698 -1.910998 11.346790
v 8.532620 -1.905227 11.461380
v 8.215722 -2.032738 10.950732
v 8.383163 -2.023649 11.305458
v 8.554612 -2.018466 11.408359
v 8.189910 -2.036730 10.952048
v 8.365817 -2.027181 11.324708
v 8.545935 -2.021737 11.432813
v 8.437370 -1.959366 10.500120
v 8.316563 -1.950110 11.242185
v 9.145796 -1.943138 10.598102
v 9.005677 -1.933988 11.358703
v 8.246220 -1.957783 10.849892
v 9.231762 -1.935043 10.996569
v 8.647801 -1.939961 11.449614
v 8.802489 -1.953194 10.412289
v 8.726572 -1.946700 10.921382
v -10.184411 -2.021969 7.261271
v -9.939090 -2.034197 6.894160
v -9.731114 -2.040813 6.808086
v -10.298272 -2.006833 7.238495
v -10.003587 -2.021521 6.797513
v -9.753764 -2.029469 6.694120
v -10.321416 -1.996999 7.233483
v -10.321416 -1.996999 7.233483
v -10.321416 -1.996999 7.233483
v -10.016458 -2.012199 6.777130
v -10.016458 -2.012199 6.777130
v -10.016458 -2.012199 6.777130
v -9.757928 -2.020424 6.670131
v -9.757928 -2.020424 6.670131
v -9.757928 -2.020424 6.670131
v -10.183864 -1.999971 7.260905
v -9.938542 -2.012198 6.893793
v -9.730567 -2.018815 6.807719
v -10.320788 -1.971823 7.233063
v -10.015830 -1.987023 6.776709
v -9.757300 -1.995248 6.669711
v -10.251941 -2.089645 7.249300
v -9.978087 -2.103294 6.839496
v -9.745927 -2.110680 6.743411
v -10.283967 -2.092473 7.242993
v -9.996266 -2.106813 6.812467
v -9.752368 -2.114572 6.711524
v -10.184411 -2.018220 7.486418
v -9.939090 -2.018218 7.853734
v -9.731114 -2.021966 7.939980
v -10.298272 -2.002330 7.508946
v -10.003587 -2.002327 7.950173
v -9.753764 -2.006829 8.053774
v -10.321416 -1.992339 7.513361
v -10.321416 -1.992339 7.513361
v -10.321416 -1.992339 7.513361
v -10.016458 -1.992337 7.969967
v -10.016458 -1.992337 7.969967
v -10.016458 -1.992337 7.969967
v -9.757928 -1.996995 8.077179
v -9.757928 -1.996995 8.077179
v -9.757928 -1.996995 8.077179
v -10.183864 -1.996222 7.486052
v -9.938542 -1.996220 7.853365
v -9.730567 -1.999968 7.939614
v -10.320788 -1.967163 7.512942
v -10.015830 -1.967161 7.969548
v -9.757300 -1.971819 8.076759
v -10.251941 -2.085460 7.500636
v -9.978087 -2.085457 7.910670
v -9.745927 -2.089641 8.006945
v -10.283967 -2.088077 7.507033
v -9.996266 -2.088074 7.937800
v -9.752368 -2.092469 8.038946
v -9.052711 -2.050167 7.261740
v -9.298034 -2.050169 6.894427
v -9.506007 -2.046422 6.808178
v -8.938851 -2.040705 7.239058
v -9.233537 -2.040708 6.797832
v -9.483359 -2.036206 6.694232
v -8.914611 -2.032052 7.234065
v -8.914611 -2.032052 7.234065
v -8.914611 -2.032052 7.234065
v -9.219567 -2.032054 6.777460
v -9.219567 -2.032054 6.777460
v -9.219567 -2.032054 6.777460
v -9.478097 -2.027396 6.670247
v -9.478097 -2.027396 6.670247
v -9.478097 -2.027396 6.670247
v -9.052163 -2.028169 7.261374
v -9.297486 -2.028171 6.894060
v -9.505458 -2.024424 6.807813
v -8.913983 -2.006876 7.233647
v -9.218940 -2.006878 6.777040
v -9.477469 -2.002220 6.669828
v -8.988626 -2.121122 7.249825
v -9.262479 -2.121124 6.839793
v -9.494639 -2.116941 6.743515
v -8.956777 -2.125542 7.243544
v -9.244475 -2.125545 6.812779
v -9.488374 -2.121150 6.711634
v -9.052711 -2.046418 7.486889
v -9.298034 -2.034191 7.854001
v -9.506007 -2.027575 7.940073
v -8.938851 -2.036202 7.509511
v -9.233537 -2.021514 7.950493
v -9.483359 -2.013566 8.053886
v -8.914611 -2.027391 7.513947
v -8.914611 -2.027391 7.513947
v -8.914611 -2.027391 7.513947
v -9.219567 -2.012192 7.970299
v -9.219567 -2.012192 7.970299
v -9.219567 -2.012192 7.970299
v -9.478097 -2.003967 8.077295
v -9.478097 -2.003967 8.077295
v -9.478097 -2.003967 8.077295
v -9.052163 -2.024420 7.486523
v -9.297486 -2.012193 7.853634
v -9.505458 -2.005577 7.939707
v -8.913983 -2.002216 7.513525
v -9.218940 -1.987016 7.969880
v -9.477469 -1.978791 8.076876
v -8.988626 -2.116937 7.501158
v -9.262479 -2.103288 7.910965
v -9.494639 -2.095902 8.007050
v -8.956777 -2.121146 7.507584
v -9.244475 -2.106807 7.938111
v -9.488374 -2.099047 8.039053
v -9.180701 -2.039252 6.899826
v -9.168086 -2.023836 7.844504
v -10.061113 -2.017015 6.926651
v -10.046163 -2.001669 7.861489
v -9.007953 -2.035728 7.369994
v -10.260041 -2.004531 7.369475
v -9.618218 -2.009348 8.040861
v -9.618218 -2.031293 6.722937
v -9.618218 -2.020523 7.369744
v -8.535210 -1.946162 -11.418228
v -8.502001 -1.949815 -11.242185
v -8.255985 -1.958947 -10.991316
v -8.627325 -1.930516 -11.418879
v -8.587435 -1.934904 -11.207410
v -8.291911 -1.945873 -10.906062
v -8.646391 -1.922210 -11.418927
v -8.646391 -1.922210 -11.418927
v -8.646391 -1.922210 -11.418927
v -8.605109 -1.926751 -11.200088
v -8.605109 -1.926751 -11.200088
v -8.605109 -1.926751 -11.200088
v -8.299286 -1.938103 -10.888235
v -8.299286 -1.938103 -10.888235
v -8.299286 -1.938103 -10.888235
v -8.534781 -1.924434 -11.417858
v -8.501570 -1.928087 -11.241814
v -8.255555 -1.937219 -10.990946
v -8.645899 -1.897344 -11.418504
v -8.604617 -1.901885 -11.199664
v -8.298794 -1.913237 -10.887813
v -8.589913 -2.011282 -11.419867
v -8.552845 -2.015360 -11.223349
v -8.278216 -2.025554 -10.943304
v -8.615897 -2.014241 -11.420174
v -8.576953 -2.018525 -11.213719
v -8.288439 -2.029235 -10.919516
v -8.397519 -1.943377 -11.741611
v -8.247584 -1.944670 -11.839717
v -8.071534 -1.947582 -11.872987
v -8.461927 -1.927171 -11.807331
v -8.281818 -1.928724 -11.925179
v -8.070351 -1.932222 -11.965143
v -8.475228 -1.918749 -11.820920
v -8.475228 -1.918749 -11.820920
v -8.475228 -1.918749 -11.820920
v -8.288842 -1.920356 -11.942875
v -8.288842 -1.920356 -11.942875
v -8.288842 -1.920356 -11.942875
v -8.070001 -1.923976 -11.984232
v -8.070001 -1.923976 -11.984232
v -8.070001 -1.923976 -11.984232
v -8.397088 -1.921650 -11.741241
v -8.247155 -1.922942 -11.839348
v -8.071105 -1.925854 -11.872616
v -8.474738 -1.893883 -11.820497
v -8.288350 -1.895489 -11.942451
v -8.069510 -1.899109 -11.983809
v -8.436212 -2.008174 -11.780858
v -8.268834 -2.009617 -11.890374
v -8.072314 -2.012867 -11.927512
v -8.454421 -2.010976 -11.799417
v -8.278584 -2.012491 -11.914471
v -8.072128 -2.015907 -11.953487
v -7.754647 -1.967240 -11.086060
v -7.904585 -1.965947 -10.987953
v -8.080632 -1.963035 -10.954684
v -7.689696 -1.955835 -11.019869
v -7.869803 -1.954283 -10.902022
v -8.081273 -1.950785 -10.862059
v -7.676079 -1.948412 -11.006010
v -7.676079 -1.948412 -11.006010
v -7.676079 -1.948412 -11.006010
v -7.862467 -1.946805 -10.884056
v -7.862467 -1.946805 -10.884056
v -7.862467 -1.946805 -10.884056
v -8.081307 -1.943185 -10.842699
v -8.081307 -1.943185 -10.842699
v -8.081307 -1.943185 -10.842699
v -7.754220 -1.945512 -11.085690
v -7.904155 -1.944220 -10.987583
v -8.080205 -1.941308 -10.954314
v -7.675589 -1.923546 -11.005587
v -7.861975 -1.921939 -10.883633
v -8.080816 -1.918319 -10.842276
v -7.718575 -2.034811 -11.049067
v -7.885950 -2.033369 -10.939550
v -8.082469 -2.030118 -10.902412
v -7.700500 -2.038960 -11.030624
v -7.876337 -2.037445 -10.915571
v -8.082792 -2.034029 -10.876555
v -7.616956 -1.964455 -11.409441
v -7.650165 -1.960802 -11.585485
v -7.896182 -1.951670 -11.836355
v -7.524298 -1.952490 -11.408323
v -7.564189 -1.948102 -11.619790
v -7.859710 -1.937133 -11.921140
v -7.504919 -1.944951 -11.408005
v -7.504919 -1.944951 -11.408005
v -7.504919 -1.944951 -11.408005
v -7.546200 -1.940410 -11.626842
v -7.546200 -1.940410 -11.626842
v -7.546200 -1.940410 -11.626842
v -7.852020 -1.929058 -11.938696
v -7.852020 -1.929058 -11.938696
v -7.852020 -1.929058 -11.938696
v -7.616527 -1.942728 -11.409072
v -7.649737 -1.939075 -11.585116
v -7.895755 -1.929943 -11.835985
v -7.504427 -1.920084 -11.407581
v -7.545708 -1.915543 -11.626419
v -7.851528 -1.904192 -11.938272
v -7.564870 -2.031703 -11.410058
v -7.601941 -2.027625 -11.606575
v -7.876569 -2.017431 -11.886621
v -7.539024 -2.035695 -11.409869
v -7.577969 -2.031411 -11.616323
v -7.866482 -2.020701 -11.910527
v -7.812352 -1.958331 -10.973099
v -7.648585 -1.949075 -11.706882
v -8.513879 -1.942102 -11.112121
v -8.329758 -1.932953 -11.863285
v -7.601181 -1.956748 -11.311161
v -8.576523 -1.934008 -11.514914
v -7.967198 -1.938926 -11.933228
v -8.181961 -1.952159 -10.906652
v -8.076560 -1.945665 -11.410469
v 4.829518 -2.027003 -11.115248
v 4.843094 -2.031258 -10.936627
v 4.670535 -2.040931 -10.630566
v 4.918349 -2.011502 -11.139714
v 4.934657 -2.016613 -10.925152
v 4.727376 -2.028232 -10.557507
v 4.936773 -2.003227 -11.144680
v 4.936773 -2.003227 -11.144680
v 4.936773 -2.003227 -11.144680
v 4.953648 -2.008516 -10.922639
v 4.953648 -2.008516 -10.922639
v 4.953648 -2.008516 -10.922639
v 4.739142 -2.020540 -10.542179
v 4.739142 -2.020540 -10.542179
v 4.739142 -2.020540 -10.542179
v 4.829254 -2.005277 -11.114710
v 4.842829 -2.009531 -10.936089
v 4.670271 -2.019204 -10.630030
v 4.936471 -1.978361 -11.144066
v 4.953346 -1.983651 -10.922024
v 4.738842 -1.995674 -10.541564
v 4.881763 -2.092204 -11.131224
v 4.896917 -2.096954 -10.931831
v 4.704290 -2.107751 -10.590176
v 4.906768 -2.095204 -11.138268
v 4.922690 -2.100194 -10.928793
v 4.720323 -2.111537 -10.569863
v 4.612677 -2.022796 -11.391843
v 4.442424 -2.023485 -11.447709
v 4.263765 -2.025992 -11.434189
v 4.657876 -2.006449 -11.471966
v 4.453365 -2.007276 -11.539074
v 4.238757 -2.010288 -11.522834
v 4.667221 -1.997997 -11.488514
v 4.667221 -1.997997 -11.488514
v 4.667221 -1.997997 -11.488514
v 4.455578 -1.998853 -11.557961
v 4.455578 -1.998853 -11.557961
v 4.455578 -1.998853 -11.557961
v 4.233491 -2.001970 -11.541155
v 4.233491 -2.001970 -11.541155
v 4.233491 -2.001970 -11.541155
v 4.612413 -2.001070 -11.391305
v 4.442160 -2.001758 -11.447170
v 4.263502 -2.004266 -11.433652
v 4.666916 -1.973132 -11.487899
v 4.455278 -1.973987 -11.557344
v 4.233189 -1.977105 -11.540541
v 4.639703 -2.087507 -11.439986
v 4.449649 -2.088276 -11.502350
v 4.250213 -2.091075 -11.487259
v 4.652471 -2.090270 -11.462644
v 4.452807 -2.091077 -11.528158
v 4.243289 -2.094018 -11.512306
v 4.161761 -2.048072 -10.592070
v 4.332015 -2.047383 -10.536204
v 4.510674 -2.044876 -10.549723
v 4.116227 -2.036810 -10.511263
v 4.320739 -2.035983 -10.444157
v 4.535347 -2.032971 -10.460396
v 4.106691 -2.029417 -10.494324
v 4.106691 -2.029417 -10.494324
v 4.106691 -2.029417 -10.494324
v 4.318331 -2.028561 -10.424878
v 4.318331 -2.028561 -10.424878
v 4.318331 -2.028561 -10.424878
v 4.540419 -2.025444 -10.441682
v 4.540419 -2.025444 -10.441682
v 4.540419 -2.025444 -10.441682
v 4.161497 -2.026345 -10.591532
v 4.331751 -2.025657 -10.535666
v 4.510409 -2.023149 -10.549185
v 4.106389 -2.004552 -10.493708
v 4.318029 -2.003696 -10.424262
v 4.540117 -2.000579 -10.441068
v 4.136345 -2.115723 -10.547201
v 4.326400 -2.114955 -10.484838
v 4.525836 -2.112155 -10.499928
v 4.123663 -2.119912 -10.524717
v 4.323326 -2.119105 -10.459200
v 4.532846 -2.116163 -10.475055
v 3.944921 -2.043865 -10.868665
v 3.931344 -2.039610 -11.047286
v 4.103904 -2.029937 -11.353345
v 3.855752 -2.031756 -10.843514
v 3.839446 -2.026645 -11.058077
v 4.046727 -2.015027 -11.425723
v 3.837138 -2.024187 -10.838156
v 3.837138 -2.024187 -10.838156
v 3.837138 -2.024187 -10.838156
v 3.820261 -2.018898 -11.060198
v 3.820261 -2.018898 -11.060198
v 3.820261 -2.018898 -11.060198
v 4.034767 -2.006874 -11.440659
v 4.034767 -2.006874 -11.440659
v 4.034767 -2.006874 -11.440659
v 3.944656 -2.022138 -10.868128
v 3.931081 -2.017883 -11.046747
v 4.103639 -2.008211 -11.352808
v 3.836834 -1.999322 -10.837541
v 3.819960 -1.994033 -11.059584
v 4.034466 -1.982009 -11.440043
v 3.894287 -2.111027 -10.855964
v 3.879133 -2.106277 -11.055359
v 4.071760 -2.095479 -11.397013
v 3.869364 -2.114978 -10.849091
v 3.853444 -2.109988 -11.058567
v 4.055811 -2.098645 -11.417495
v 4.246810 -2.039675 -10.497911
v 3.898365 -2.027429 -11.164080
v 4.888316 -2.024049 -10.814070
v 4.515704 -2.011811 -11.491745
v 3.955194 -2.036498 -10.769632
v 4.844373 -2.014555 -11.219299
v 4.147398 -2.016946 -11.465281
v 4.621021 -2.034340 -10.529582
v 4.388578 -2.025803 -10.988799
v -12.833344 -1.964796 -4.477310
v -12.492929 -1.977023 -4.196113
v -12.268998 -1.983640 -4.173390
v -12.935869 -1.949660 -4.422794
v -12.526957 -1.964347 -4.085014
v -12.257963 -1.972295 -4.057720
v -12.956597 -1.939826 -4.411346
v -12.956597 -1.939826 -4.411346
v -12.956597 -1.939826 -4.411346
v -12.533432 -1.955025 -4.061793
v -12.533432 -1.955025 -4.061793
v -12.533432 -1.955025 -4.061793
v -12.255065 -1.963250 -4.033546
v -12.255065 -1.963250 -4.033546
v -12.255065 -1.963250 -4.033546
v -12.832715 -1.942798 -4.477116
v -12.492300 -1.955025 -4.195919
v -12.268369 -1.961642 -4.173196
v -12.955878 -1.914650 -4.411125
v -12.532711 -1.929849 -4.061572
v -12.254344 -1.938074 -4.033325
v -12.894594 -2.032471 -4.446452
v -12.514589 -2.046120 -4.132552
v -12.264614 -2.053506 -4.107186
v -12.923459 -2.035300 -4.431211
v -12.524240 -2.049639 -4.101440
v -12.261626 -2.057399 -4.074792
v -12.898003 -1.961047 -4.692974
v -12.768499 -1.961045 -5.115267
v -12.594054 -1.964792 -5.257607
v -13.013537 -1.945156 -4.681854
v -12.857976 -1.945154 -5.189122
v -12.648427 -1.949655 -5.360103
v -13.036972 -1.935166 -4.679436
v -13.036972 -1.935166 -4.679436
v -13.036972 -1.935166 -4.679436
v -12.875990 -1.935163 -5.204385
v -12.875990 -1.935163 -5.204385
v -12.875990 -1.935163 -5.204385
v -12.659139 -1.939821 -5.381326
v -12.659139 -1.939821 -5.381326
v -12.659139 -1.939821 -5.381326
v -12.897372 -1.939049 -4.692780
v -12.767869 -1.939047 -5.115075
v -12.593424 -1.942794 -5.257413
v -13.036253 -1.909990 -4.679214
v -12.875269 -1.909987 -5.204165
v -12.658418 -1.914645 -5.381105
v -12.966771 -2.028286 -4.687197
v -12.822206 -2.028284 -5.158603
v -12.627474 -2.032467 -5.317496
v -12.999286 -2.030903 -4.684129
v -12.847411 -2.030901 -5.179370
v -12.642832 -2.035295 -5.346298
v -11.749451 -1.992994 -4.802759
v -11.878954 -1.992996 -4.380465
v -12.053398 -1.989249 -4.238125
v -11.633874 -1.983532 -4.813730
v -11.789436 -1.983534 -4.306462
v -11.998982 -1.979033 -4.135481
v -11.609219 -1.974878 -4.815909
v -11.609219 -1.974878 -4.815909
v -11.609219 -1.974878 -4.815909
v -11.770203 -1.974881 -4.290960
v -11.770203 -1.974881 -4.290960
v -11.770203 -1.974881 -4.290960
v -11.987055 -1.970223 -4.114019
v -11.987055 -1.970223 -4.114019
v -11.987055 -1.970223 -4.114019
v -11.748821 -1.970996 -4.802565
v -11.878324 -1.970998 -4.380271
v -12.052769 -1.967251 -4.237932
v -11.608498 -1.949703 -4.815688
v -11.769482 -1.949705 -4.290739
v -11.986333 -1.945047 -4.113798
v -11.684642 -2.063949 -4.809751
v -11.829208 -2.063951 -4.338343
v -12.023941 -2.059768 -4.179450
v -11.652330 -2.068369 -4.812879
v -11.804204 -2.068371 -4.317638
v -12.008784 -2.063977 -4.150711
v -11.814109 -1.989245 -5.018423
v -12.154522 -1.977018 -5.299620
v -12.378454 -1.970401 -5.322342
v -11.711542 -1.979028 -5.072791
v -12.120455 -1.964341 -5.410570
v -12.389446 -1.956393 -5.437865
v -11.689593 -1.970218 -5.083999
v -11.689593 -1.970218 -5.083999
v -11.689593 -1.970218 -5.083999
v -12.112760 -1.955019 -5.433553
v -12.112760 -1.955019 -5.433553
v -12.112760 -1.955019 -5.433553
v -12.391129 -1.946794 -5.461798
v -12.391129 -1.946794 -5.461798
v -12.391129 -1.946794 -5.461798
v -11.813478 -1.967247 -5.018229
v -12.153893 -1.955020 -5.299426
v -12.377825 -1.948403 -5.322149
v -11.688872 -1.945042 -5.083777
v -12.112039 -1.929843 -5.433331
v -12.390407 -1.921618 -5.461577
v -11.756819 -2.059763 -5.050496
v -12.136826 -2.046114 -5.364396
v -12.386801 -2.038728 -5.389760
v -11.728157 -2.063972 -5.065797
v -12.127376 -2.049633 -5.395569
v -12.389990 -2.041873 -5.422217
v -11.768116 -1.982078 -4.419333
v -12.027324 -1.966663 -5.327841
v -12.626136 -1.959842 -4.152035
v -12.873291 -1.944495 -5.091946
v -11.737667 -1.978555 -4.919307
v -12.936863 -1.947357 -4.559237
v -12.514883 -1.952174 -5.386660
v -12.136404 -1.974119 -4.124251
v -12.322152 -1.963349 -4.743810
v -12.735529 -1.961810 6.039619
v -12.579293 -1.966299 5.951999
v -12.401418 -1.970942 5.930865
v -12.795215 -1.946899 5.969295
v -12.607537 -1.952292 5.864043
v -12.393872 -1.957868 5.838658
v -12.807508 -1.938746 5.954634
v -12.807508 -1.938746 5.954634
v -12.807508 -1.938746 5.954634
v -12.613286 -1.944327 5.845715
v -12.613286 -1.944327 5.845715
v -12.613286 -1.944327 5.845715
v -12.392173 -1.950098 5.819438
v -12.392173 -1.950098 5.819438
v -12.392173 -1.950098 5.819438
v -12.734980 -1.940082 6.039488
v -12.578740 -1.944572 5.951870
v -12.400866 -1.949214 5.930733
v -12.806879 -1.913880 5.954486
v -12.612654 -1.919461 5.845569
v -12.391541 -1.925232 5.819293
v -12.771908 -2.027355 5.999415
v -12.597502 -2.032367 5.901609
v -12.398939 -2.037549 5.878015
v -12.788836 -2.030520 5.979735
v -12.605610 -2.035785 5.876982
v -12.397009 -2.041229 5.852194
v -12.894871 -1.955896 6.352857
v -12.873714 -1.955372 6.530790
v -12.645364 -1.959577 6.797959
v -12.986619 -1.939796 6.345564
v -12.961205 -1.939166 6.559299
v -12.686907 -1.944217 6.880234
v -13.005581 -1.931395 6.344018
v -13.005581 -1.931395 6.344018
v -13.005581 -1.931395 6.344018
v -12.979284 -1.930744 6.565200
v -12.979284 -1.930744 6.565200
v -12.979284 -1.930744 6.565200
v -12.695421 -1.935971 6.897321
v -12.695421 -1.935971 6.897321
v -12.695421 -1.935971 6.897321
v -12.894319 -1.934169 6.352729
v -12.873165 -1.933645 6.530662
v -12.644813 -1.937849 6.797833
v -13.004951 -1.906529 6.343871
v -12.978652 -1.905878 6.565055
v -12.694791 -1.911104 6.897171
v -12.949781 -2.020754 6.349085
v -12.926163 -2.020169 6.547708
v -12.671256 -2.024862 6.845953
v -12.975703 -2.023585 6.347085
v -12.950893 -2.022971 6.555751
v -12.683098 -2.027902 6.869071
v -11.979480 -1.978711 6.424534
v -12.000635 -1.979235 6.246601
v -12.228988 -1.975030 5.979427
v -11.887033 -1.967201 6.431663
v -11.912445 -1.967830 6.217924
v -12.186745 -1.962780 5.896993
v -11.867666 -1.959756 6.433115
v -11.867666 -1.959756 6.433115
v -11.867666 -1.959756 6.433115
v -11.893965 -1.960407 6.211930
v -11.893965 -1.960407 6.211930
v -11.893965 -1.960407 6.211930
v -12.177827 -1.955180 5.879810
v -12.177827 -1.955180 5.879810
v -12.177827 -1.955180 5.879810
v -11.978928 -1.956983 6.424402
v -12.000084 -1.957507 6.246469
v -12.228436 -1.953303 5.979297
v -11.867034 -1.934890 6.432969
v -11.893334 -1.935541 6.211782
v -12.177197 -1.930314 5.879665
v -11.927931 -2.046221 6.429096
v -11.951546 -2.046806 6.230471
v -12.206457 -2.042113 5.932225
v -11.902185 -2.050341 6.431141
v -11.926996 -2.050955 6.222471
v -12.194793 -2.046024 5.909148
v -12.138819 -1.972797 6.737772
v -12.295059 -1.968308 6.825387
v -12.472936 -1.963665 6.846523
v -12.078436 -1.960097 6.807930
v -12.266112 -1.954705 6.913182
v -12.479778 -1.949128 6.938570
v -12.065742 -1.952405 6.822498
v -12.065742 -1.952405 6.822498
v -12.065742 -1.952405 6.822498
v -12.259962 -1.946824 6.931420
v -12.259962 -1.946824 6.931420
v -12.259962 -1.946824 6.931420
v -12.481074 -1.941053 6.957694
v -12.481074 -1.941053 6.957694
v -12.481074 -1.941053 6.957694
v -12.138270 -1.951070 6.737644
v -12.294507 -1.946580 6.825261
v -12.472383 -1.941938 6.846398
v -12.065111 -1.927538 6.822351
v -12.259331 -1.921957 6.931270
v -12.480443 -1.916187 6.957542
v -12.105802 -2.039620 6.778764
v -12.280211 -2.034608 6.876569
v -12.478773 -2.029426 6.900166
v -12.089052 -2.043406 6.798488
v -12.272280 -2.038141 6.901240
v -12.480879 -2.032696 6.926028
v -11.968589 -1.968743 6.517148
v -12.927671 -1.946003 6.247024
v -12.580683 -1.950921 6.899602
v -12.296644 -1.964154 5.890001
v 7.812999 -1.962734 12.358336
v 7.735513 -1.963671 12.335231
v 7.500717 -1.964326 12.417431
v 7.379151 -1.963945 12.510223
v 7.217398 -1.962046 12.730714
v 7.201839 -1.960817 12.824841
v 7.312835 -1.958708 12.911396
v 7.547629 -1.958053 12.829197
v 7.669198 -1.958434 12.736403
v 7.830949 -1.960333 12.515915
v 7.882928 -1.927245 12.293409
v 7.882928 -1.927245 12.293409
v 7.882928 -1.927245 12.293409
v 7.786609 -1.928410 12.264686
v 7.786609 -1.928410 12.264686
v 7.786609 -1.928410 12.264686
v 7.494738 -1.929225 12.366865
v 7.494738 -1.929225 12.366865
v 7.494738 -1.929225 12.366865
v 7.343617 -1.928751 12.482218
v 7.343617 -1.928751 12.482218
v 7.343617 -1.928751 12.482218
v 7.142546 -1.926390 12.756306
v 7.142546 -1.926390 12.756306
v 7.142546 -1.926390 12.756306
v 7.123202 -1.924863 12.873317
v 7.123202 -1.924863 12.873317
v 7.123202 -1.924863 12.873317
v 7.261178 -1.922241 12.980913
v 7.261178 -1.922241 12.980913
v 7.261178 -1.922241 12.980913
v 7.553051 -1.921426 12.878732
v 7.553051 -1.921426 12.878732
v 7.553051 -1.921426 12.878732
v 7.704170 -1.921900 12.763380
v 7.704170 -1.921900 12.763380
v 7.704170 -1.921900 12.763380
v 7.905244 -1.924261 12.489290
v 7.905244 -1.924261 12.489290
v 7.905244 -1.924261 12.489290
v 7.812716 -1.926871 12.357822
v 7.735233 -1.927807 12.334716
v 7.500438 -1.928463 12.416916
v 7.378871 -1.928082 12.509708
v 7.217117 -1.926183 12.730200
v 7.201558 -1.924954 12.824327
v 7.312553 -1.922845 12.910883
v 7.547348 -1.922190 12.828682
v 7.668917 -1.922571 12.735888
v 7.830669 -1.924470 12.515400
v 7.882607 -1.886201 12.292821
v 7.786290 -1.887366 12.264095
v 7.494416 -1.888181 12.366278
v 7.343297 -1.887707 12.481628
v 7.142226 -1.885346 12.755716
v 7.122881 -1.883819 12.872727
v 7.260857 -1.881197 12.980326
v 7.552730 -1.880382 12.878142
v 7.703849 -1.880856 12.762793
v 7.904924 -1.883217 12.488703
v 7.853649 -1.980468 12.321419
v 7.765297 -1.981537 12.295069
v 7.497566 -1.982284 12.388801
v 7.358946 -1.981849 12.494610
v 7.174505 -1.979684 12.746029
v 7.156759 -1.978283 12.853363
v 7.283325 -1.975878 12.952061
v 7.551057 -1.975131 12.858330
v 7.689676 -1.975565 12.752518
v 7.874121 -1.977731 12.501099
v 7.865518 -1.977880 12.310474
v 7.773976 -1.978988 12.283175
v 7.496578 -1.979762 12.380289
v 7.352955 -1.979311 12.489918
v 7.161855 -1.977068 12.750413
v 7.143471 -1.975616 12.861619
v 7.274604 -1.973125 12.963881
v 7.552001 -1.972350 12.866766
v 7.695626 -1.972801 12.757135
v 7.886725 -1.975044 12.496641
v 7.839984 -1.957515 12.542713
v 7.667326 -1.962011 12.323366
v 7.839784 -1.960112 12.361772
v 7.398264 -1.961967 12.472971
v 7.648208 -1.955733 12.771395
v 7.389407 -1.955623 12.920052
v 7.203756 -1.960064 12.711582
v 7.211302 -1.957473 12.888098
v -2.487952 -1.959068 -14.480782
v -2.599600 -1.961868 -14.330594
v -2.724364 -1.962794 -14.268394
v -2.871881 -1.963198 -14.228046
v -3.019693 -1.963017 -14.215691
v -3.229570 -1.961096 -14.277935
v -3.259683 -1.959649 -14.343060
v -3.148037 -1.956849 -14.493247
v -3.023272 -1.955923 -14.555447
v -2.875755 -1.955519 -14.595797
v -2.727944 -1.955700 -14.608150
v -2.518066 -1.957621 -14.545906
v -2.394045 -1.923137 -14.496775
v -2.394045 -1.923137 -14.496775
v -2.394045 -1.923137 -14.496775
v -2.532835 -1.926617 -14.310077
v -2.532835 -1.926617 -14.310077
v -2.532835 -1.926617 -14.310077
v -2.687926 -1.927769 -14.232758
v -2.687926 -1.927769 -14.232758
v -2.687926 -1.927769 -14.232758
v -2.871303 -1.928270 -14.182600
v -2.871303 -1.928270 -14.182600
v -2.871303 -1.928270 -14.182600
v -3.055047 -1.928045 -14.167240
v -3.055047 -1.928045 -14.167240
v -3.055047 -1.928045 -14.167240
v -3.315943 -1.925658 -14.244617
v -3.315943 -1.925658 -14.244617
v -3.315943 -1.925658 -14.244617
v -3.353377 -1.923859 -14.325571
v -3.353377 -1.923859 -14.325571
v -3.353377 -1.923859 -14.325571
v -3.214590 -1.920379 -14.512271
v -3.214590 -1.920379 -14.512271
v -3.214590 -1.920379 -14.512271
v -3.059496 -1.919227 -14.589589
v -3.059496 -1.919227 -14.589589
v -3.059496 -1.919227 -14.589589
v -2.876120 -1.918725 -14.639746
v -2.876120 -1.918725 -14.639746
v -2.876120 -1.918725 -14.639746
v -2.692376 -1.918950 -14.655107
v -2.692376 -1.918950 -14.655107
v -2.692376 -1.918950 -14.655107
v -2.431480 -1.921338 -14.577728
v -2.431480 -1.921338 -14.577728
v -2.431480 -1.921338 -14.577728
v -2.487846 -1.923208 -14.480036
v -2.599494 -1.926008 -14.329846
v -2.724258 -1.926934 -14.267649
v -2.871774 -1.927338 -14.227297
v -3.019586 -1.927157 -14.214943
v -3.229464 -1.925236 -14.277188
v -3.259577 -1.923789 -14.342313
v -3.147930 -1.920989 -14.492502
v -3.023166 -1.920063 -14.554701
v -2.875649 -1.919659 -14.595049
v -2.727837 -1.919840 -14.607405
v -2.517960 -1.921761 -14.545158
v -2.393925 -1.882096 -14.495918
v -2.532713 -1.885577 -14.309220
v -2.687804 -1.886728 -14.231900
v -2.871181 -1.887230 -14.181746
v -3.054926 -1.887005 -14.166386
v -3.315822 -1.884617 -14.243761
v -3.353254 -1.882819 -14.324717
v -3.214467 -1.879338 -14.511415
v -3.059375 -1.878186 -14.588734
v -2.875998 -1.877685 -14.638891
v -2.692253 -1.877910 -14.654250
v -2.431358 -1.880297 -14.576874
v -2.433878 -1.976544 -14.490807
v -2.561187 -1.979736 -14.319551
v -2.703451 -1.980793 -14.248627
v -2.871662 -1.981253 -14.202618
v -3.040207 -1.981046 -14.188530
v -3.279524 -1.978856 -14.259506
v -3.313862 -1.977206 -14.333766
v -3.186553 -1.974014 -14.505021
v -3.044288 -1.972957 -14.575945
v -2.876079 -1.972497 -14.621953
v -2.707533 -1.972704 -14.636042
v -2.468215 -1.974894 -14.565066
v -2.417987 -1.973881 -14.493586
v -2.549891 -1.977188 -14.316148
v -2.697291 -1.978283 -14.242664
v -2.871573 -1.978760 -14.194994
v -3.046203 -1.978546 -14.180398
v -3.294160 -1.976277 -14.253936
v -3.329736 -1.974567 -14.330876
v -3.197832 -1.971260 -14.508314
v -3.050433 -1.970165 -14.581799
v -2.876151 -1.969688 -14.629467
v -2.701521 -1.969902 -14.644064
v -2.453563 -1.972171 -14.570526
v -2.618174 -1.953540 -14.614056
v -2.548527 -1.959382 -14.343760
v -2.474443 -1.956258 -14.504145
v -2.830678 -1.961112 -14.220629
v -2.916314 -1.952942 -14.600323
v -2.874286 -1.956951 -14.413979
v -3.191490 -1.954534 -14.484770
v -3.138372 -1.960405 -14.210747
v -3.274129 -1.957645 -14.323813
v -11.125580 -2.085638 1.252786
v -11.070602 -2.086575 1.193496
v -11.040546 -2.087230 0.946548
v -11.070044 -2.086849 0.796487
v -11.124745 -2.086049 0.658618
v -11.273876 -2.083722 0.498364
v -11.345603 -2.082550 0.500379
v -11.430441 -2.081053 0.667202
v -11.430635 -2.080957 0.806612
v -11.401138 -2.081338 0.956677
v -11.346437 -2.082139 1.094545
v -11.197306 -2.084466 1.254799
v -11.098251 -2.050150 1.344213
v -11.098251 -2.050150 1.344213
v -11.098251 -2.050150 1.344213
v -11.029909 -2.051314 1.270512
v -11.029909 -2.051314 1.270512
v -11.029909 -2.051314 1.270512
v -10.992546 -2.052129 0.963536
v -10.992546 -2.052129 0.963536
v -10.992546 -2.052129 0.963536
v -11.029217 -2.051655 0.776991
v -11.029217 -2.051655 0.776991
v -11.029217 -2.051655 0.776991
v -11.097214 -2.050660 0.605609
v -11.097214 -2.050660 0.605609
v -11.097214 -2.050660 0.605609
v -11.282598 -2.047767 0.406400
v -11.282598 -2.047767 0.406400
v -11.282598 -2.047767 0.406400
v -11.371761 -2.046310 0.408901
v -11.371761 -2.046310 0.408901
v -11.371761 -2.046310 0.408901
v -11.477221 -2.044451 0.616278
v -11.477221 -2.044451 0.616278
v -11.477221 -2.044451 0.616278
v -11.477465 -2.044331 0.789579
v -11.477465 -2.044331 0.789579
v -11.477465 -2.044331 0.789579
v -11.440796 -2.044805 0.976122
v -11.440796 -2.044805 0.976122
v -11.440796 -2.044805 0.976122
v -11.372797 -2.045800 1.147506
v -11.372797 -2.045800 1.147506
v -11.372797 -2.045800 1.147506
v -11.187413 -2.048693 1.346716
v -11.187413 -2.048693 1.346716
v -11.187413 -2.048693 1.346716
v -11.124993 -2.049775 1.252760
v -11.070016 -2.050712 1.193472
v -11.039960 -2.051367 0.946526
v -11.069459 -2.050986 0.796463
v -11.124160 -2.050185 0.658593
v -11.273291 -2.047858 0.498340
v -11.345017 -2.046686 0.500354
v -11.429855 -2.045190 0.667177
v -11.430050 -2.045094 0.806587
v -11.400553 -2.045475 0.956652
v -11.345851 -2.046276 1.094522
v -11.196720 -2.048603 1.254776
v -11.097582 -2.009105 1.344185
v -11.029239 -2.010270 1.270486
v -10.991877 -2.011085 0.963509
v -11.028546 -2.010611 0.776966
v -11.096544 -2.009616 0.605581
v -11.281927 -2.006723 0.406373
v -11.371090 -2.005266 0.408874
v -11.476551 -2.003406 0.616251
v -11.476793 -2.003286 0.789552
v -11.440126 -2.003760 0.976094
v -11.372128 -2.004756 1.147480
v -11.186745 -2.007648 1.346688
v -11.110433 -2.103373 1.305569
v -11.047743 -2.104441 1.237965
v -11.013472 -2.105188 0.956378
v -11.047108 -2.104754 0.785264
v -11.109482 -2.103841 0.628055
v -11.279533 -2.101187 0.445321
v -11.361320 -2.099851 0.447618
v -11.458058 -2.098145 0.637842
v -11.458282 -2.098035 0.796810
v -11.424645 -2.098470 0.967923
v -11.362272 -2.099383 1.125132
v -11.192222 -2.102036 1.307864
v -11.105862 -2.100785 1.321052
v -11.040910 -2.101892 1.251007
v -11.005400 -2.102666 0.959254
v -11.040251 -2.102216 0.781964
v -11.104877 -2.101270 0.619081
v -11.281065 -2.098521 0.429751
v -11.365806 -2.097136 0.432132
v -11.466036 -2.095369 0.629220
v -11.466268 -2.095255 0.793926
v -11.431417 -2.095705 0.971219
v -11.366791 -2.096651 1.134103
v -11.190601 -2.099400 1.323433
v -11.140501 -2.083017 1.275294
v -11.045076 -2.084871 0.830099
v -11.423246 -2.078638 0.922382
v -11.334799 -2.080377 0.478891
v 1.204050 4.157287 5.524584
v 1.204202 4.207191 5.477160
v 1.202441 4.149178 5.516038
v 1.202441 4.149178 5.516038
v 1.202593 4.199083 5.468612
v -1.204050 4.157287 5.524584
v -1.204202 4.207191 5.477160
v -1.202441 4.149178 5.516038
v -1.202441 4.149178 5.516038
v -1.202593 4.199083 5.468612
vt 0.225511 0.248303
vt 0.222946 0.248428
vt 0.224106 0.246369
vt 0.231499 0.249277
vt 0.230947 0.249795
vt 0.242712 0.216515
vt 0.224991 0.247785
vt 0.220923 0.216796
vt 0.219556 0.216797
vt 0.243841 0.216544
vt 0.230661 0.249926
vt 0.231807 0.250948
vt 0.227612 0.249708
vt 0.226946 0.250862
vt 0.225533 0.182643
vt 0.222749 0.182959
vt 0.224349 0.185055
vt 0.233150 0.182013
vt 0.232469 0.181498
vt 0.224912 0.183425
vt 0.232104 0.181264
vt 0.233492 0.180113
vt 0.228063 0.181044
vt 0.227324 0.179646
vt 0.222978 0.251086
vt 0.225591 0.248202
vt 0.222795 0.248550
vt 0.221028 0.248378
vt 0.224258 0.246300
vt 0.231363 0.249190
vt 0.232803 0.251097
vt 0.230908 0.249722
vt 0.232416 0.252168
vt 0.242535 0.216511
vt 0.245119 0.216576
vt 0.221752 0.250689
vt 0.225075 0.247721
vt 0.218011 0.216806
vt 0.221103 0.216797
vt 0.219396 0.216798
vt 0.243986 0.216548
vt 0.230633 0.249792
vt 0.231964 0.252139
vt 0.231907 0.251117
vt 0.226860 0.252536
vt 0.227653 0.249592
vt 0.226893 0.251029
vt 0.222544 0.179732
vt 0.225642 0.182760
vt 0.222575 0.182828
vt 0.220571 0.183174
vt 0.224514 0.185106
vt 0.233005 0.182114
vt 0.234602 0.180047
vt 0.232418 0.181595
vt 0.234316 0.178747
vt 0.221121 0.180364
vt 0.225022 0.183488
vt 0.232043 0.181435
vt 0.233788 0.178723
vt 0.233610 0.179926
vt 0.227239 0.177561
vt 0.228101 0.181194
vt 0.227260 0.179434
vt 0.968285 0.606435
vt 0.989697 0.620642
vt 0.968285 0.621372
vt 0.990070 0.638714
vt 0.967037 0.606456
vt 0.991053 0.620556
vt 0.977513 0.621592
vt 0.977820 0.641964
vt 0.962544 0.608824
vt 0.994345 0.624747
vt 0.962544 0.619682
vt 0.994476 0.634750
vt 0.986611 0.625472
vt 0.987144 0.634286
vt 0.967037 0.621351
vt 0.991444 0.638751
vt 0.977513 0.606214
vt 0.978005 0.617390
vt 0.994191 0.625136
vt 0.994357 0.634352
vt 0.990815 0.620621
vt 0.991253 0.638706
vt 0.930394 0.602188
vt 0.951806 0.616395
vt 0.930021 0.584115
vt 0.951806 0.601457
vt 0.929038 0.602274
vt 0.953054 0.616374
vt 0.942272 0.580865
vt 0.942579 0.601238
vt 0.925746 0.598083
vt 0.957547 0.614005
vt 0.925615 0.588080
vt 0.957547 0.603148
vt 0.933480 0.597358
vt 0.932947 0.588543
vt 0.928647 0.584078
vt 0.953054 0.601478
vt 0.942087 0.605439
vt 0.942579 0.616616
vt 0.925900 0.597694
vt 0.925734 0.588478
vt 0.929276 0.602208
vt 0.928839 0.584124
vt 0.968314 0.600999
vt 0.989727 0.615207
vt 0.967942 0.582927
vt 0.989727 0.600269
vt 0.966959 0.601086
vt 0.990974 0.615186
vt 0.980192 0.579677
vt 0.980499 0.600050
vt 0.963666 0.596895
vt 0.995467 0.612817
vt 0.963536 0.586892
vt 0.995467 0.601960
vt 0.971400 0.596170
vt 0.970868 0.587355
vt 0.966568 0.582890
vt 0.990974 0.600290
vt 0.980007 0.604251
vt 0.980499 0.615427
vt 0.963820 0.596506
vt 0.963655 0.587290
vt 0.967197 0.601020
vt 0.966759 0.582936
vt 0.930369 0.607520
vt 0.951782 0.621728
vt 0.930369 0.622458
vt 0.952154 0.639800
vt 0.929122 0.607541
vt 0.953138 0.621641
vt 0.939597 0.622678
vt 0.939904 0.643050
vt 0.924629 0.609910
vt 0.956430 0.625833
vt 0.924629 0.620768
vt 0.956560 0.635835
vt 0.948696 0.626558
vt 0.949229 0.635372
vt 0.929122 0.622437
vt 0.953528 0.639837
vt 0.939597 0.607300
vt 0.940089 0.618476
vt 0.956276 0.626222
vt 0.956441 0.635438
vt 0.952899 0.621707
vt 0.953337 0.639792
vt 0.875136 0.652675
vt 0.896963 0.666238
vt 0.875581 0.667606
vt 0.897873 0.684291
vt 0.873890 0.652733
vt 0.898315 0.666111
vt 0.884812 0.667551
vt 0.885726 0.687905
vt 0.869470 0.655235
vt 0.901731 0.670203
vt 0.869793 0.666087
vt 0.902159 0.680197
vt 0.894022 0.671158
vt 0.894817 0.679953
vt 0.874334 0.667622
vt 0.899248 0.684287
vt 0.884353 0.652180
vt 0.885178 0.663336
vt 0.901589 0.670596
vt 0.902028 0.679803
vt 0.928190 0.536264
vt 0.949603 0.550472
vt 0.927818 0.518192
vt 0.949603 0.535534
vt 0.926835 0.536351
vt 0.950850 0.550451
vt 0.940068 0.514942
vt 0.940375 0.535315
vt 0.923542 0.532160
vt 0.955343 0.548082
vt 0.923412 0.522157
vt 0.955343 0.537225
vt 0.931276 0.531435
vt 0.930743 0.522620
vt 0.926444 0.518155
vt 0.950850 0.535555
vt 0.939883 0.539516
vt 0.940375 0.550692
vt 0.923696 0.531771
vt 0.923531 0.522555
vt 0.927072 0.536285
vt 0.926635 0.518201
vt 0.929179 0.541151
vt 0.950592 0.555359
vt 0.929179 0.556089
vt 0.950964 0.573431
vt 0.927932 0.541172
vt 0.951948 0.555272
vt 0.938407 0.556309
vt 0.938714 0.576681
vt 0.923439 0.543541
vt 0.955240 0.559463
vt 0.923439 0.554398
vt 0.955370 0.569466
vt 0.947506 0.560189
vt 0.948038 0.569003
vt 0.927932 0.556068
vt 0.952338 0.573468
vt 0.938407 0.540931
vt 0.938899 0.552107
vt 0.955086 0.559853
vt 0.955251 0.569068
vt 0.951710 0.555338
vt 0.952147 0.573422
vt 0.966049 0.542746
vt 0.987462 0.556954
vt 0.966049 0.557684
vt 0.987834 0.575026
vt 0.964802 0.542767
vt 0.988818 0.556867
vt 0.975277 0.557903
vt 0.975584 0.578276
vt 0.960309 0.545136
vt 0.992110 0.561058
vt 0.960309 0.555993
vt 0.992240 0.571061
vt 0.984376 0.561783
vt 0.984909 0.570598
vt 0.964802 0.557663
vt 0.989208 0.575063
vt 0.975277 0.542526
vt 0.975769 0.553702
vt 0.991956 0.561448
vt 0.992121 0.570663
vt 0.988580 0.556933
vt 0.989017 0.575017
vt 0.893220 0.663102
vt 0.914633 0.677310
vt 0.896012 0.663860
vt 0.912088 0.677370
vt 0.892848 0.645030
vt 0.914633 0.662372
vt 0.891865 0.663189
vt 0.915880 0.677289
vt 0.905098 0.641780
vt 0.905405 0.662152
vt 0.888572 0.658997
vt 0.920373 0.674920
vt 0.888442 0.648995
vt 0.920373 0.664062
vt 0.896307 0.658272
vt 0.895774 0.649458
vt 0.891474 0.644993
vt 0.915880 0.662393
vt 0.904913 0.666354
vt 0.905405 0.677530
vt 0.895637 0.644172
vt 0.912088 0.662311
vt 0.888726 0.658608
vt 0.888561 0.649393
vt 0.891665 0.645038
vt 0.968079 0.664237
vt 0.989491 0.678444
vt 0.967706 0.646165
vt 0.989491 0.663507
vt 0.966723 0.664324
vt 0.990739 0.678423
vt 0.979956 0.642915
vt 0.980264 0.663287
vt 0.963431 0.660132
vt 0.995232 0.676055
vt 0.963300 0.650129
vt 0.995232 0.665197
vt 0.971165 0.659407
vt 0.970632 0.650593
vt 0.966332 0.646128
vt 0.990739 0.663528
vt 0.979772 0.667489
vt 0.980264 0.678665
vt 0.963585 0.659743
vt 0.963419 0.650527
vt 0.966961 0.664258
vt 0.966524 0.646173
vt 0.930753 0.665625
vt 0.952166 0.679832
vt 0.930381 0.647553
vt 0.952166 0.664895
vt 0.929398 0.665712
vt 0.953413 0.679812
vt 0.942631 0.644303
vt 0.942938 0.664675
vt 0.926105 0.661520
vt 0.957907 0.677443
vt 0.925975 0.651518
vt 0.957907 0.666585
vt 0.933840 0.660795
vt 0.933307 0.651981
vt 0.929007 0.647516
vt 0.953413 0.664916
vt 0.942446 0.668877
vt 0.942938 0.680053
vt 0.926259 0.661131
vt 0.926094 0.651915
vt 0.929636 0.665646
vt 0.929198 0.647561
vt 0.966050 0.535855
vt 0.987463 0.550063
vt 0.965678 0.517783
vt 0.987463 0.535125
vt 0.964695 0.535942
vt 0.988710 0.550042
vt 0.977928 0.514533
vt 0.978235 0.534906
vt 0.961402 0.531751
vt 0.993203 0.547673
vt 0.961272 0.521748
vt 0.993203 0.536816
vt 0.969136 0.531026
vt 0.968604 0.522211
vt 0.964304 0.517746
vt 0.988710 0.535146
vt 0.977743 0.539107
vt 0.978235 0.550283
vt 0.961556 0.531362
vt 0.961391 0.522146
vt 0.964933 0.535876
vt 0.964495 0.517792
vt 0.901313 0.692478
vt 0.596723 0.586558
vt 0.886080 0.844298
vt 0.437254 0.597752
vt 0.894442 0.692393
vt 0.442787 0.597955
vt 0.562588 0.593672
vt 0.442067 0.606573
vt 0.563528 0.601887
vt 0.563573 0.599717
vt 0.601803 0.600242
vt 0.899485 0.846413
vt 0.433973 0.605340
vt 0.901342 0.690230
vt 0.441795 0.604445
vt 0.906296 0.692478
vt 0.597505 0.624966
vt 0.921529 0.844298
vt 0.437713 0.620268
vt 0.913166 0.692393
vt 0.443232 0.619841
vt 0.563109 0.619246
vt 0.442162 0.611259
vt 0.563714 0.611000
vt 0.563847 0.613167
vt 0.602024 0.611086
vt 0.908124 0.846413
vt 0.434126 0.612821
vt 0.906266 0.690230
vt 0.441977 0.613397
vt 0.523435 0.602132
vt 0.523150 0.588784
vt 0.531477 0.574743
vt 0.880452 0.778974
vt 0.523403 0.599635
vt 0.900056 0.779865
vt 0.523644 0.612386
vt 0.523902 0.625734
vt 0.532794 0.639426
vt 0.927157 0.778974
vt 0.523713 0.614883
vt 0.907552 0.779865
vt 0.270984 0.569977
vt 0.767008 0.529541
vt 0.430452 0.558782
vt 0.918913 0.537904
vt 0.424920 0.558579
vt 0.305118 0.562863
vt 0.425640 0.549961
vt 0.304178 0.554647
vt 0.304133 0.556818
vt 0.265904 0.556293
vt 0.764892 0.542946
vt 0.433733 0.551194
vt 0.921076 0.544804
vt 0.425912 0.552090
vt 0.270202 0.531569
vt 0.767008 0.564991
vt 0.429994 0.536266
vt 0.918913 0.556628
vt 0.424474 0.536693
vt 0.304598 0.537288
vt 0.425544 0.545276
vt 0.303993 0.545535
vt 0.303859 0.543368
vt 0.265683 0.545448
vt 0.764892 0.551586
vt 0.433581 0.543714
vt 0.921076 0.549728
vt 0.425729 0.543137
vt 0.344272 0.554403
vt 0.344557 0.567750
vt 0.336230 0.581792
vt 0.832332 0.523913
vt 0.344304 0.556899
vt 0.831440 0.543518
vt 0.344063 0.544148
vt 0.343805 0.530800
vt 0.334913 0.517109
vt 0.832332 0.570618
vt 0.343994 0.541652
vt 0.831440 0.551014
vt 0.928652 0.759765
vt 0.930475 0.698520
vt 0.947857 0.834465
vt 0.990514 0.760358
vt 0.989865 0.699089
vt 0.969879 0.834676
vt 0.359208 0.627989
vt 0.926316 0.759709
vt 0.428368 0.638050
vt 0.928769 0.694580
vt 0.281051 0.616272
vt 0.947453 0.835243
vt 0.939268 0.760393
vt 0.939268 0.760393
vt 0.938148 0.719301
vt 0.948060 0.829942
vt 0.948060 0.829942
vt 0.359207 0.582392
vt 0.992850 0.760347
vt 0.428368 0.572331
vt 0.991646 0.695182
vt 0.281051 0.594110
vt 0.970269 0.835462
vt 0.979887 0.760783
vt 0.981795 0.719719
vt 0.981795 0.719719
vt 0.969763 0.830151
vt 0.883814 0.927586
vt 0.927788 0.915104
vt 0.874229 0.993476
vt 0.930241 0.849975
vt 0.894977 0.853125
vt 0.948925 0.990638
vt 0.940740 0.915788
vt 0.940740 0.915789
vt 0.939620 0.874696
vt 0.939620 0.874696
vt 0.949532 0.985337
vt 0.927255 0.927585
vt 0.994322 0.915742
vt 0.936841 0.993475
vt 0.993118 0.850577
vt 0.916092 0.853125
vt 0.971741 0.990857
vt 0.981359 0.916178
vt 0.981359 0.916178
vt 0.983267 0.875114
vt 0.971235 0.985546
vt 0.971235 0.985546
vt 0.696071 0.573298
vt 0.757320 0.574970
vt 0.621419 0.592689
vt 0.695632 0.635162
vt 0.756899 0.634361
vt 0.621263 0.614712
vt 0.683720 0.527276
vt 0.696121 0.570963
vt 0.617830 0.517691
vt 0.761256 0.573254
vt 0.620640 0.592287
vt 0.758181 0.538438
vt 0.695469 0.583916
vt 0.695469 0.583916
vt 0.736559 0.582694
vt 0.736559 0.582694
vt 0.625942 0.592881
vt 0.625942 0.592881
vt 0.683720 0.570717
vt 0.695649 0.637498
vt 0.617830 0.580302
vt 0.760810 0.636133
vt 0.620478 0.615103
vt 0.758181 0.559553
vt 0.695180 0.624536
vt 0.736248 0.626342
vt 0.736249 0.626342
vt 0.625788 0.614584
vt 0.508499 0.528546
vt 0.851512 0.569105
vt 0.439338 0.518485
vt 0.916647 0.571396
vt 0.586656 0.540262
vt 0.776031 0.590429
vt 0.850860 0.582059
vt 0.891949 0.580837
vt 0.891949 0.580837
vt 0.781333 0.591024
vt 0.508499 0.574142
vt 0.851040 0.635641
vt 0.439339 0.584204
vt 0.916201 0.634275
vt 0.586656 0.562425
vt 0.775868 0.613245
vt 0.850571 0.622679
vt 0.850571 0.622679
vt 0.891639 0.624485
vt 0.891640 0.624485
vt 0.781178 0.612727
vt 0.563856 0.991153
vt 0.863142 0.648530
vt 0.868110 0.991153
vt 0.561360 0.648530
vt 0.259579 0.648530
vt 0.259596 0.991153
vt 0.563856 0.826927
vt 0.246913 0.745862
vt 0.863142 0.810422
vt 0.868110 0.826927
vt 0.206938 0.490355
vt 0.246913 0.495554
vt 0.561360 0.810422
vt 0.206938 0.246070
vt 0.259579 0.810422
vt 0.259596 0.826927
vt 0.206938 0.001784
vt 0.246913 0.996176
vt 0.211973 0.745862
vt 0.177707 0.490355
vt 0.211973 0.495554
vt 0.177707 0.246070
vt 0.177707 0.001784
vt 0.211973 0.996176
vt 0.137306 0.745862
vt 0.115238 0.490355
vt 0.137306 0.495554
vt 0.115238 0.246070
vt 0.115238 0.001784
vt 0.137306 0.996176
vt 0.085511 0.745862
vt 0.071904 0.490355
vt 0.085511 0.495554
vt 0.071904 0.246070
vt 0.071904 0.001784
vt 0.085511 0.996176
vt 0.068636 0.745862
vt 0.071479 0.745862
vt 0.057785 0.490355
vt 0.068636 0.495554
vt 0.060164 0.490355
vt 0.071479 0.495554
vt 0.057785 0.246070
vt 0.060164 0.246070
vt 0.057785 0.001784
vt 0.068636 0.996176
vt 0.060164 0.001784
vt 0.071479 0.996176
vt 0.188324 0.745862
vt 0.191372 0.745862
vt 0.157922 0.490355
vt 0.188324 0.495554
vt 0.160472 0.490355
vt 0.191372 0.495554
vt 0.157922 0.246070
vt 0.160472 0.246070
vt 0.157922 0.001784
vt 0.188324 0.996176
vt 0.160472 0.001784
vt 0.191372 0.996176
vt 0.563856 0.976268
vt 0.863142 0.663204
vt 0.868110 0.976268
vt 0.561360 0.663204
vt 0.259579 0.663204
vt 0.259596 0.976268
vt 0.392713 0.826927
vt 0.246913 0.886661
vt 0.430745 0.826927
vt 0.246913 0.855372
vt 0.468777 0.826927
vt 0.246913 0.824084
vt 0.506809 0.826927
vt 0.246913 0.792795
vt 0.255983 0.745862
vt 0.563856 0.820377
vt 0.620904 0.826927
vt 0.246913 0.698929
vt 0.658935 0.826927
vt 0.246913 0.667641
vt 0.696967 0.826927
vt 0.246913 0.636352
vt 0.734999 0.826927
vt 0.246913 0.605064
vt 0.773031 0.826927
vt 0.246913 0.573775
vt 0.811062 0.826927
vt 0.246913 0.542487
vt 0.214526 0.490355
vt 0.255983 0.495554
vt 0.863142 0.816879
vt 0.868110 0.820377
vt 0.806558 0.810422
vt 0.206938 0.444552
vt 0.768835 0.810422
vt 0.206938 0.414016
vt 0.731113 0.810422
vt 0.206938 0.383480
vt 0.693390 0.810422
vt 0.206938 0.352945
vt 0.655667 0.810422
vt 0.206938 0.322409
vt 0.617944 0.810422
vt 0.206938 0.291873
vt 0.214526 0.246070
vt 0.561360 0.816879
vt 0.504776 0.810422
vt 0.206938 0.200266
vt 0.467054 0.810422
vt 0.206938 0.169731
vt 0.429331 0.810422
vt 0.206938 0.139195
vt 0.391608 0.810422
vt 0.206938 0.108659
vt 0.353886 0.810422
vt 0.206938 0.078123
vt 0.316163 0.810422
vt 0.206938 0.047588
vt 0.214526 0.001784
vt 0.255983 0.996176
vt 0.259579 0.816879
vt 0.259596 0.820377
vt 0.316644 0.826927
vt 0.246913 0.949243
vt 0.354614 0.826927
vt 0.246913 0.918005
vt 0.211973 0.886661
vt 0.211973 0.855372
vt 0.211973 0.824084
vt 0.211973 0.792795
vt 0.211973 0.698929
vt 0.211973 0.667641
vt 0.211973 0.636352
vt 0.211973 0.605064
vt 0.211973 0.573775
vt 0.211973 0.542487
vt 0.177707 0.444552
vt 0.177707 0.414016
vt 0.177707 0.383480
vt 0.177707 0.352945
vt 0.177707 0.322409
vt 0.177707 0.291873
vt 0.177707 0.200266
vt 0.177707 0.169731
vt 0.177707 0.139195
vt 0.177707 0.108659
vt 0.177707 0.078123
vt 0.177707 0.047588
vt 0.211973 0.949243
vt 0.211973 0.918005
vt 0.137306 0.886661
vt 0.137306 0.855372
vt 0.137306 0.824084
vt 0.137306 0.792795
vt 0.137306 0.698929
vt 0.137306 0.667641
vt 0.137306 0.636352
vt 0.137306 0.605064
vt 0.137306 0.573775
vt 0.137306 0.542487
vt 0.115238 0.444552
vt 0.115238 0.414016
vt 0.115238 0.383480
vt 0.115238 0.352945
vt 0.115238 0.322409
vt 0.115238 0.291873
vt 0.115238 0.200266
vt 0.115238 0.169731
vt 0.115238 0.139195
vt 0.115238 0.108659
vt 0.115238 0.078123
vt 0.115238 0.047588
vt 0.137306 0.949243
vt 0.137306 0.918005
vt 0.200636 0.745862
vt 0.168222 0.490355
vt 0.200636 0.495554
vt 0.168222 0.246070
vt 0.168222 0.001784
vt 0.200636 0.996176
vt 0.392713 0.991153
vt 0.430745 0.991153
vt 0.468777 0.991153
vt 0.506809 0.991153
vt 0.620904 0.991153
vt 0.658935 0.991153
vt 0.696967 0.991153
vt 0.734999 0.991153
vt 0.773031 0.991153
vt 0.811062 0.991153
vt 0.806558 0.648530
vt 0.768835 0.648530
vt 0.731113 0.648530
vt 0.693390 0.648530
vt 0.655667 0.648530
vt 0.617944 0.648530
vt 0.504776 0.648530
vt 0.467054 0.648530
vt 0.429331 0.648530
vt 0.391608 0.648530
vt 0.353886 0.648530
vt 0.316163 0.648530
vt 0.316644 0.991153
vt 0.354614 0.991153
vt 0.563856 0.987360
vt 0.863142 0.652269
vt 0.868110 0.987360
vt 0.561360 0.652269
vt 0.259579 0.652269
vt 0.259596 0.987360
vt 0.085511 0.918005
vt 0.085511 0.949243
vt 0.071904 0.047588
vt 0.071904 0.078123
vt 0.071904 0.108659
vt 0.071904 0.139195
vt 0.071904 0.169731
vt 0.071904 0.200266
vt 0.071904 0.291873
vt 0.071904 0.322409
vt 0.071904 0.352945
vt 0.071904 0.383480
vt 0.071904 0.414016
vt 0.071904 0.444552
vt 0.085511 0.542487
vt 0.085511 0.573775
vt 0.085511 0.605064
vt 0.085511 0.636352
vt 0.085511 0.667641
vt 0.085511 0.698929
vt 0.085511 0.792795
vt 0.085511 0.824084
vt 0.085511 0.855372
vt 0.085511 0.886661
vt 0.071479 0.886661
vt 0.068636 0.886661
vt 0.071479 0.855372
vt 0.068636 0.855372
vt 0.071479 0.824084
vt 0.068636 0.824084
vt 0.071479 0.792795
vt 0.068636 0.792795
vt 0.070075 0.745862
vt 0.071479 0.698929
vt 0.068636 0.698929
vt 0.071479 0.667641
vt 0.068636 0.667641
vt 0.071479 0.636352
vt 0.068636 0.636352
vt 0.071479 0.605064
vt 0.068636 0.605064
vt 0.071479 0.573775
vt 0.068636 0.573775
vt 0.071479 0.542487
vt 0.068636 0.542487
vt 0.058990 0.490355
vt 0.070075 0.495554
vt 0.060164 0.444552
vt 0.057785 0.444552
vt 0.060164 0.414016
vt 0.057785 0.414016
vt 0.060164 0.383480
vt 0.057785 0.383480
vt 0.060164 0.352945
vt 0.057785 0.352945
vt 0.060164 0.322409
vt 0.057785 0.322409
vt 0.060164 0.291873
vt 0.057785 0.291873
vt 0.058990 0.246070
vt 0.060164 0.200266
vt 0.057785 0.200266
vt 0.060164 0.169731
vt 0.057785 0.169731
vt 0.060164 0.139195
vt 0.057785 0.139195
vt 0.060164 0.108659
vt 0.057785 0.108659
vt 0.060164 0.078123
vt 0.057785 0.078123
vt 0.060164 0.047588
vt 0.057785 0.047588
vt 0.058990 0.001784
vt 0.070075 0.996176
vt 0.071479 0.949243
vt 0.068636 0.949243
vt 0.071479 0.918005
vt 0.068636 0.918005
vt 0.065623 0.745862
vt 0.055265 0.490355
vt 0.065623 0.495554
vt 0.055265 0.246070
vt 0.055265 0.001784
vt 0.065623 0.996176
vt 0.155845 0.246070
vt 0.155845 0.490355
vt 0.185842 0.495554
vt 0.189491 0.745862
vt 0.158898 0.490355
vt 0.189491 0.495554
vt 0.158898 0.246070
vt 0.158898 0.001784
vt 0.189491 0.996176
vt 0.191372 0.918005
vt 0.191372 0.949243
vt 0.160472 0.047588
vt 0.160472 0.078123
vt 0.160472 0.108659
vt 0.160472 0.139195
vt 0.160472 0.169731
vt 0.160472 0.200266
vt 0.160472 0.291873
vt 0.160472 0.322409
vt 0.160472 0.352945
vt 0.160472 0.383480
vt 0.160472 0.414016
vt 0.160472 0.444552
vt 0.191372 0.542487
vt 0.191372 0.573775
vt 0.191372 0.605064
vt 0.191372 0.636352
vt 0.191372 0.667641
vt 0.191372 0.698929
vt 0.191372 0.792795
vt 0.191372 0.824084
vt 0.191372 0.855372
vt 0.191372 0.886661
vt 0.188324 0.886661
vt 0.188324 0.855372
vt 0.188324 0.824084
vt 0.188324 0.792795
vt 0.188324 0.698929
vt 0.188324 0.667641
vt 0.188324 0.636352
vt 0.188324 0.605064
vt 0.188324 0.573775
vt 0.188324 0.542487
vt 0.157922 0.444552
vt 0.157922 0.414016
vt 0.157922 0.383480
vt 0.157922 0.352945
vt 0.157922 0.322409
vt 0.157922 0.291873
vt 0.157922 0.200266
vt 0.157922 0.169731
vt 0.157922 0.139195
vt 0.157922 0.108659
vt 0.157922 0.078123
vt 0.157922 0.047588
vt 0.188324 0.949243
vt 0.188324 0.918005
vt 0.155845 0.001784
vt 0.185842 0.996176
vt 0.185842 0.745862
vt 0.354614 0.976268
vt 0.316644 0.976268
vt 0.316163 0.663204
vt 0.353886 0.663204
vt 0.391608 0.663204
vt 0.429331 0.663204
vt 0.467054 0.663204
vt 0.504776 0.663204
vt 0.617944 0.663204
vt 0.655667 0.663204
vt 0.693390 0.663204
vt 0.731113 0.663204
vt 0.768835 0.663204
vt 0.806558 0.663204
vt 0.811062 0.976268
vt 0.773031 0.976268
vt 0.734999 0.976268
vt 0.696967 0.976268
vt 0.658935 0.976268
vt 0.620904 0.976268
vt 0.506809 0.976268
vt 0.468777 0.976268
vt 0.430745 0.976268
vt 0.392713 0.976268
vt 0.000591 0.996176
vt 0.000857 0.001784
vt 0.259579 0.643622
vt 0.259596 0.996132
vt 0.000857 0.246070
vt 0.561360 0.643622
vt 0.000591 0.495554
vt 0.000857 0.490355
vt 0.863142 0.643622
vt 0.868110 0.996132
vt 0.000591 0.745862
vt 0.563856 0.996132
vt 0.563856 0.862200
vt 0.863142 0.781242
vt 0.868110 0.856528
vt 0.863142 0.775650
vt 0.868110 0.862200
vt 0.563856 0.859072
vt 0.863142 0.778734
vt 0.868110 0.859072
vt 0.561360 0.778734
vt 0.259579 0.778734
vt 0.259596 0.859072
vt 0.259579 0.781242
vt 0.259596 0.856528
vt 0.259579 0.775650
vt 0.259596 0.862200
vt 0.563856 0.856528
vt 0.561360 0.775650
vt 0.561360 0.781242
vt 0.255983 0.886661
vt 0.392713 0.820377
vt 0.255983 0.855372
vt 0.430745 0.820377
vt 0.255983 0.824084
vt 0.468777 0.820377
vt 0.255983 0.792795
vt 0.506809 0.820377
vt 0.255983 0.698929
vt 0.620904 0.820377
vt 0.255983 0.667641
vt 0.658935 0.820377
vt 0.255983 0.636352
vt 0.696967 0.820377
vt 0.255983 0.605064
vt 0.734999 0.820377
vt 0.255983 0.573775
vt 0.773031 0.820377
vt 0.255983 0.542487
vt 0.811062 0.820377
vt 0.214526 0.444552
vt 0.806558 0.816879
vt 0.214526 0.414016
vt 0.768835 0.816879
vt 0.214526 0.383480
vt 0.731113 0.816879
vt 0.214526 0.352945
vt 0.693390 0.816879
vt 0.214526 0.322409
vt 0.655667 0.816879
vt 0.214526 0.291873
vt 0.617944 0.816879
vt 0.214526 0.200266
vt 0.504776 0.816879
vt 0.214526 0.169731
vt 0.467054 0.816879
vt 0.214526 0.139195
vt 0.429331 0.816879
vt 0.214526 0.108659
vt 0.391608 0.816879
vt 0.214526 0.078123
vt 0.353886 0.816879
vt 0.214526 0.047588
vt 0.316163 0.816879
vt 0.255983 0.949243
vt 0.316644 0.820377
vt 0.255983 0.918005
vt 0.354614 0.820377
vt 0.200636 0.886661
vt 0.316644 0.862200
vt 0.200636 0.855372
vt 0.200636 0.824084
vt 0.354614 0.862200
vt 0.200636 0.792795
vt 0.430745 0.856528
vt 0.806558 0.781242
vt 0.200636 0.698929
vt 0.316163 0.781242
vt 0.200636 0.667641
vt 0.620904 0.862200
vt 0.200636 0.636352
vt 0.392713 0.856528
vt 0.200636 0.605064
vt 0.658935 0.862200
vt 0.200636 0.573775
vt 0.200636 0.542487
vt 0.353886 0.781242
vt 0.696967 0.862200
vt 0.734999 0.862200
vt 0.168222 0.444552
vt 0.168222 0.414016
vt 0.391608 0.781242
vt 0.168222 0.383480
vt 0.773031 0.862200
vt 0.168222 0.352945
vt 0.811062 0.862200
vt 0.168222 0.322409
vt 0.811062 0.856528
vt 0.168222 0.291873
vt 0.429331 0.781242
vt 0.168222 0.200266
vt 0.773031 0.856528
vt 0.168222 0.169731
vt 0.467054 0.781242
vt 0.168222 0.139195
vt 0.806558 0.775650
vt 0.168222 0.108659
vt 0.768835 0.775650
vt 0.168222 0.078123
vt 0.734999 0.856528
vt 0.168222 0.047588
vt 0.504776 0.781242
vt 0.731113 0.775650
vt 0.693390 0.775650
vt 0.200636 0.949243
vt 0.696967 0.856528
vt 0.200636 0.918005
vt 0.065623 0.886661
vt 0.065623 0.949243
vt 0.055265 0.047588
vt 0.055265 0.078123
vt 0.055265 0.108659
vt 0.055265 0.139195
vt 0.055265 0.169731
vt 0.055265 0.200266
vt 0.055265 0.291873
vt 0.055265 0.322409
vt 0.055265 0.352945
vt 0.055265 0.383480
vt 0.055265 0.414016
vt 0.055265 0.444552
vt 0.065623 0.542487
vt 0.065623 0.573775
vt 0.065623 0.605064
vt 0.065623 0.636352
vt 0.065623 0.667641
vt 0.065623 0.698929
vt 0.065623 0.792795
vt 0.065623 0.824084
vt 0.065623 0.855372
vt 0.065623 0.918005
vt 0.070075 0.886661
vt 0.070075 0.855372
vt 0.070075 0.824084
vt 0.070075 0.792795
vt 0.070075 0.698929
vt 0.070075 0.667641
vt 0.070075 0.636352
vt 0.070075 0.605064
vt 0.070075 0.573775
vt 0.070075 0.542487
vt 0.058990 0.444552
vt 0.058990 0.414016
vt 0.058990 0.383480
vt 0.058990 0.352945
vt 0.058990 0.322409
vt 0.058990 0.291873
vt 0.058990 0.200266
vt 0.058990 0.169731
vt 0.058990 0.139195
vt 0.058990 0.108659
vt 0.058990 0.078123
vt 0.058990 0.047588
vt 0.070075 0.949243
vt 0.070075 0.918005
vt 0.155845 0.200266
vt 0.155845 0.291873
vt 0.155845 0.322409
vt 0.155845 0.352945
vt 0.155845 0.383480
vt 0.155845 0.414016
vt 0.155845 0.444552
vt 0.185842 0.542487
vt 0.185842 0.573775
vt 0.189491 0.918005
vt 0.189491 0.949243
vt 0.158898 0.047588
vt 0.158898 0.078123
vt 0.158898 0.108659
vt 0.158898 0.139195
vt 0.158898 0.169731
vt 0.158898 0.200266
vt 0.158898 0.291873
vt 0.158898 0.322409
vt 0.158898 0.352945
vt 0.158898 0.383480
vt 0.158898 0.414016
vt 0.158898 0.444552
vt 0.189491 0.542487
vt 0.189491 0.573775
vt 0.189491 0.605064
vt 0.189491 0.636352
vt 0.189491 0.667641
vt 0.189491 0.698929
vt 0.189491 0.792795
vt 0.189491 0.824084
vt 0.189491 0.855372
vt 0.189491 0.886661
vt 0.155845 0.169731
vt 0.155845 0.139195
vt 0.155845 0.108659
vt 0.155845 0.078123
vt 0.185842 0.886661
vt 0.155845 0.047588
vt 0.185842 0.855372
vt 0.185842 0.824084
vt 0.185842 0.792795
vt 0.185842 0.949243
vt 0.185842 0.918005
vt 0.185842 0.698929
vt 0.185842 0.667641
vt 0.185842 0.636352
vt 0.185842 0.605064
vt 0.354614 0.987360
vt 0.316644 0.987360
vt 0.316163 0.652269
vt 0.353886 0.652269
vt 0.391608 0.652269
vt 0.429331 0.652269
vt 0.467054 0.652269
vt 0.504776 0.652269
vt 0.617944 0.652269
vt 0.655667 0.652269
vt 0.693390 0.652269
vt 0.731113 0.652269
vt 0.768835 0.652269
vt 0.806558 0.652269
vt 0.811062 0.987360
vt 0.773031 0.987360
vt 0.734999 0.987360
vt 0.696967 0.987360
vt 0.658935 0.987360
vt 0.620904 0.987360
vt 0.506809 0.987360
vt 0.468777 0.987360
vt 0.430745 0.987360
vt 0.392713 0.987360
vt 0.000591 0.949243
vt 0.316644 0.996132
vt 0.000857 0.047588
vt 0.316163 0.643622
vt 0.000857 0.078123
vt 0.353886 0.643622
vt 0.000857 0.108659
vt 0.391608 0.643622
vt 0.000857 0.139195
vt 0.429331 0.643622
vt 0.000857 0.169731
vt 0.467054 0.643622
vt 0.000857 0.200266
vt 0.504776 0.643622
vt 0.000857 0.291873
vt 0.617944 0.643622
vt 0.000857 0.322409
vt 0.655667 0.643622
vt 0.000857 0.352945
vt 0.693390 0.643622
vt 0.000857 0.383480
vt 0.731113 0.643622
vt 0.000857 0.414016
vt 0.768835 0.643622
vt 0.000857 0.444552
vt 0.806558 0.643622
vt 0.000591 0.542487
vt 0.811062 0.996132
vt 0.000591 0.573775
vt 0.773031 0.996132
vt 0.000591 0.605064
vt 0.734999 0.996132
vt 0.000591 0.636352
vt 0.696967 0.996132
vt 0.000591 0.667641
vt 0.658935 0.996132
vt 0.000591 0.698929
vt 0.620904 0.996132
vt 0.000591 0.792795
vt 0.506809 0.996132
vt 0.000591 0.824084
vt 0.468777 0.996132
vt 0.000591 0.855372
vt 0.430745 0.996132
vt 0.000591 0.886661
vt 0.392713 0.996132
vt 0.000591 0.918005
vt 0.354614 0.996132
vt 0.392713 0.859072
vt 0.430745 0.859072
vt 0.468777 0.859072
vt 0.506809 0.859072
vt 0.620904 0.859072
vt 0.658935 0.859072
vt 0.696967 0.859072
vt 0.734999 0.859072
vt 0.773031 0.859072
vt 0.811062 0.859072
vt 0.806558 0.778734
vt 0.768835 0.778734
vt 0.731113 0.778734
vt 0.693390 0.778734
vt 0.655667 0.778734
vt 0.617944 0.778734
vt 0.504776 0.778734
vt 0.467054 0.778734
vt 0.429331 0.778734
vt 0.391608 0.778734
vt 0.353886 0.778734
vt 0.316163 0.778734
vt 0.316644 0.859072
vt 0.354614 0.859072
vt 0.768835 0.781242
vt 0.506809 0.862200
vt 0.468777 0.856528
vt 0.468777 0.862200
vt 0.731113 0.781242
vt 0.430745 0.862200
vt 0.506809 0.856528
vt 0.316163 0.775650
vt 0.392713 0.862200
vt 0.353886 0.775650
vt 0.316644 0.856528
vt 0.693390 0.781242
vt 0.391608 0.775650
vt 0.429331 0.775650
vt 0.354614 0.856528
vt 0.655667 0.781242
vt 0.467054 0.775650
vt 0.504776 0.775650
vt 0.617944 0.781242
vt 0.620904 0.856528
vt 0.658935 0.856528
vt 0.617944 0.775650
vt 0.655667 0.775650
vt 0.850331 0.406651
vt 0.993627 0.416844
vt 0.995630 0.406651
vt 0.896962 0.416844
vt 0.848626 0.416844
vt 0.850331 0.393651
vt 0.993627 0.429880
vt 0.995630 0.393651
vt 0.896962 0.429880
vt 0.848626 0.429880
vt 0.850331 0.410153
vt 0.850331 0.379202
vt 0.993627 0.444370
vt 0.993627 0.413332
vt 0.995630 0.410153
vt 0.995630 0.379202
vt 0.896962 0.444370
vt 0.896962 0.413332
vt 0.848626 0.444370
vt 0.848626 0.413332
vt 0.777681 0.406651
vt 0.765570 0.406651
vt 0.814006 0.406651
vt 0.886656 0.406651
vt 0.922981 0.406651
vt 0.959306 0.406651
vt 0.957377 0.416844
vt 0.969463 0.416844
vt 0.921126 0.416844
vt 0.860712 0.416844
vt 0.850331 0.395650
vt 0.993627 0.427875
vt 0.995630 0.395650
vt 0.896962 0.427875
vt 0.848626 0.427875
vt 0.860712 0.429880
vt 0.921126 0.429880
vt 0.957377 0.429880
vt 0.969463 0.429880
vt 0.959306 0.393651
vt 0.922981 0.393651
vt 0.886656 0.393651
vt 0.814006 0.393651
vt 0.777681 0.393651
vt 0.765570 0.393651
vt 0.777681 0.410153
vt 0.777681 0.379202
vt 0.765570 0.410153
vt 0.765570 0.379202
vt 0.814006 0.410153
vt 0.814006 0.379202
vt 0.886656 0.410153
vt 0.886656 0.379202
vt 0.922981 0.410153
vt 0.922981 0.379202
vt 0.959306 0.410153
vt 0.959306 0.379202
vt 0.957377 0.444370
vt 0.957377 0.413332
vt 0.969463 0.444370
vt 0.969463 0.413332
vt 0.921126 0.444370
vt 0.921126 0.413332
vt 0.860712 0.444370
vt 0.860712 0.413332
vt 0.765570 0.395650
vt 0.777681 0.395650
vt 0.814006 0.395650
vt 0.886656 0.395650
vt 0.922981 0.395650
vt 0.959306 0.395650
vt 0.969463 0.427875
vt 0.957377 0.427875
vt 0.921126 0.427875
vt 0.860712 0.427875
vt 0.705023 0.406651
vt 0.511288 0.406651
vt 0.365987 0.406651
vt 0.705023 0.393651
vt 0.511288 0.393651
vt 0.365987 0.393651
vt 0.705023 0.410153
vt 0.705023 0.379202
vt 0.511288 0.410153
vt 0.511288 0.379202
vt 0.365987 0.410153
vt 0.365987 0.379202
vt 0.729237 0.406651
vt 0.741348 0.406651
vt 0.668698 0.406651
vt 0.620263 0.406651
vt 0.632373 0.406651
vt 0.583938 0.406651
vt 0.547613 0.406651
vt 0.474963 0.406651
vt 0.438638 0.406651
vt 0.402313 0.406651
vt 0.705023 0.395650
vt 0.511288 0.395650
vt 0.365987 0.395650
vt 0.402313 0.393651
vt 0.438638 0.393651
vt 0.474963 0.393651
vt 0.547613 0.393651
vt 0.583938 0.393651
vt 0.620263 0.393651
vt 0.632373 0.393651
vt 0.668698 0.393651
vt 0.729237 0.393651
vt 0.741348 0.393651
vt 0.729237 0.410153
vt 0.729237 0.379202
vt 0.741348 0.410153
vt 0.741348 0.379202
vt 0.668698 0.410153
vt 0.668698 0.379202
vt 0.620263 0.410153
vt 0.620263 0.379202
vt 0.632373 0.410153
vt 0.632373 0.379202
vt 0.583938 0.379202
vt 0.583938 0.410153
vt 0.547613 0.410153
vt 0.547613 0.379202
vt 0.474963 0.410153
vt 0.474963 0.379202
vt 0.438638 0.410153
vt 0.438638 0.379202
vt 0.402313 0.410153
vt 0.402313 0.379202
vt 0.741348 0.395650
vt 0.729237 0.395650
vt 0.668698 0.395650
vt 0.632373 0.395650
vt 0.620263 0.395650
vt 0.583938 0.395650
vt 0.547613 0.395650
vt 0.474963 0.395650
vt 0.438638 0.395650
vt 0.402313 0.395650
vt 0.510288 0.416844
vt 0.655289 0.416844
vt 0.703625 0.416844
vt 0.800290 0.416844
vt 0.510288 0.429880
vt 0.655289 0.429880
vt 0.703625 0.429880
vt 0.800290 0.429880
vt 0.510288 0.444370
vt 0.510288 0.413332
vt 0.655289 0.444370
vt 0.655289 0.413332
vt 0.703625 0.444370
vt 0.703625 0.413332
vt 0.800290 0.444370
vt 0.800290 0.413332
vt 0.486124 0.416844
vt 0.474038 0.416844
vt 0.546539 0.416844
vt 0.594874 0.416844
vt 0.582789 0.416844
vt 0.619039 0.416844
vt 0.691539 0.416844
vt 0.727789 0.416844
vt 0.764039 0.416844
vt 0.812376 0.416844
vt 0.510288 0.427875
vt 0.655289 0.427875
vt 0.703625 0.427875
vt 0.800290 0.427875
vt 0.812376 0.429880
vt 0.764039 0.429880
vt 0.727789 0.429880
vt 0.691539 0.429880
vt 0.619039 0.429880
vt 0.594874 0.429880
vt 0.582789 0.429880
vt 0.546539 0.429880
vt 0.486124 0.429880
vt 0.474038 0.429880
vt 0.486124 0.444370
vt 0.486124 0.413332
vt 0.474038 0.444370
vt 0.474038 0.413332
vt 0.546539 0.444370
vt 0.546539 0.413332
vt 0.594874 0.444370
vt 0.594874 0.413332
vt 0.582789 0.444370
vt 0.582789 0.413332
vt 0.619039 0.444370
vt 0.619039 0.413332
vt 0.691539 0.444370
vt 0.691539 0.413332
vt 0.727789 0.444370
vt 0.727789 0.413332
vt 0.764039 0.444370
vt 0.764039 0.413332
vt 0.812376 0.444370
vt 0.812376 0.413332
vt 0.474038 0.427875
vt 0.486124 0.427875
vt 0.546539 0.427875
vt 0.582789 0.427875
vt 0.594874 0.427875
vt 0.619039 0.427875
vt 0.691539 0.427875
vt 0.727789 0.427875
vt 0.764039 0.427875
vt 0.812376 0.427875
vt 0.268616 0.416844
vt 0.220280 0.416844
vt 0.220687 0.406651
vt 0.268616 0.429880
vt 0.220280 0.429880
vt 0.220687 0.393651
vt 0.268616 0.444370
vt 0.268616 0.413332
vt 0.220280 0.444369
vt 0.220280 0.413332
vt 0.220687 0.410153
vt 0.220687 0.379202
vt 0.437781 0.416844
vt 0.377366 0.416844
vt 0.401531 0.416844
vt 0.341116 0.416844
vt 0.304866 0.416844
vt 0.232366 0.416844
vt 0.257012 0.406651
vt 0.244902 0.406651
vt 0.293337 0.406651
vt 0.281226 0.406651
vt 0.329662 0.406651
vt 0.268616 0.427875
vt 0.220280 0.427875
vt 0.220687 0.395651
vt 0.329662 0.393651
vt 0.293337 0.393651
vt 0.281226 0.393651
vt 0.257012 0.393651
vt 0.244902 0.393651
vt 0.232366 0.429880
vt 0.304866 0.429880
vt 0.341116 0.429880
vt 0.377366 0.429880
vt 0.401531 0.429880
vt 0.437781 0.429880
vt 0.437781 0.444370
vt 0.437781 0.413332
vt 0.377366 0.444370
vt 0.377366 0.413332
vt 0.401531 0.444370
vt 0.401531 0.413332
vt 0.341116 0.444370
vt 0.341116 0.413332
vt 0.304866 0.444370
vt 0.304866 0.413332
vt 0.232366 0.444370
vt 0.232366 0.413332
vt 0.257012 0.410153
vt 0.257012 0.379202
vt 0.244902 0.410153
vt 0.244902 0.379202
vt 0.293337 0.410153
vt 0.293337 0.379202
vt 0.281226 0.410153
vt 0.281226 0.379202
vt 0.329662 0.410153
vt 0.329662 0.379202
vt 0.437781 0.427875
vt 0.401531 0.427875
vt 0.377366 0.427875
vt 0.341116 0.427875
vt 0.304866 0.427875
vt 0.232366 0.427875
vt 0.244902 0.395651
vt 0.257012 0.395651
vt 0.281226 0.395651
vt 0.293337 0.395651
vt 0.329662 0.395650
vt 0.812801 0.512412
vt 0.812801 0.483068
vt 0.858087 0.512412
vt 0.858087 0.483068
vt 0.903372 0.512412
vt 0.903372 0.483068
vt 0.948658 0.512412
vt 0.948658 0.483068
vt 0.269376 0.512412
vt 0.269376 0.483068
vt 0.993943 0.512412
vt 0.993943 0.483068
vt 0.314662 0.512412
vt 0.314662 0.483068
vt 0.337304 0.512412
vt 0.337304 0.483068
vt 0.382590 0.512412
vt 0.382590 0.483068
vt 0.427875 0.512412
vt 0.427875 0.483068
vt 0.473161 0.512412
vt 0.473161 0.483068
vt 0.518446 0.512412
vt 0.518446 0.483068
vt 0.563731 0.512412
vt 0.563731 0.483068
vt 0.609017 0.512412
vt 0.609017 0.483068
vt 0.654302 0.512412
vt 0.654302 0.483068
vt 0.699588 0.512412
vt 0.699588 0.483068
vt 0.744873 0.512412
vt 0.744873 0.483068
vt 0.790159 0.512412
vt 0.790159 0.483068
vt 0.812801 0.506700
vt 0.858087 0.506700
vt 0.903372 0.506700
vt 0.948658 0.506700
vt 0.269376 0.506700
vt 0.993943 0.506700
vt 0.314662 0.506700
vt 0.337304 0.506700
vt 0.382590 0.506700
vt 0.427875 0.506700
vt 0.473161 0.506700
vt 0.518446 0.506700
vt 0.563731 0.506700
vt 0.609017 0.506700
vt 0.654302 0.506700
vt 0.699588 0.506700
vt 0.744873 0.506700
vt 0.790159 0.506700
vt 0.812801 0.492516
vt 0.858087 0.492516
vt 0.903372 0.492516
vt 0.948658 0.492516
vt 0.269376 0.492516
vt 0.993943 0.492516
vt 0.314662 0.492516
vt 0.337304 0.492516
vt 0.382590 0.492516
vt 0.427875 0.492516
vt 0.473161 0.492516
vt 0.518446 0.492516
vt 0.563731 0.492516
vt 0.609017 0.492516
vt 0.654302 0.492516
vt 0.699588 0.492516
vt 0.744873 0.492516
vt 0.790159 0.492516
vt 0.812801 0.497053
vt 0.858087 0.497053
vt 0.903372 0.497053
vt 0.948658 0.497053
vt 0.269376 0.497053
vt 0.993943 0.497053
vt 0.314662 0.497053
vt 0.337304 0.497053
vt 0.382590 0.497053
vt 0.427875 0.497053
vt 0.473161 0.497053
vt 0.518446 0.497053
vt 0.563731 0.497053
vt 0.609017 0.497053
vt 0.654302 0.497053
vt 0.699588 0.497053
vt 0.744873 0.497053
vt 0.790159 0.497053
vt 0.538109 0.460502
vt 0.583826 0.460502
vt 0.629544 0.460502
vt 0.675262 0.460502
vt 0.720980 0.460502
vt 0.766698 0.460502
vt 0.812416 0.460502
vt 0.858134 0.460502
vt 0.903852 0.460502
vt 0.949570 0.460502
vt 0.263800 0.460502
vt 0.995288 0.460502
vt 0.309518 0.460502
vt 0.355237 0.460502
vt 0.400955 0.460502
vt 0.446673 0.460502
vt 0.492391 0.460502
vt 0.538109 0.479806
vt 0.538109 0.451030
vt 0.583826 0.479806
vt 0.583826 0.451030
vt 0.629544 0.479806
vt 0.629544 0.451030
vt 0.675262 0.479806
vt 0.675262 0.451030
vt 0.720980 0.479806
vt 0.720980 0.451030
vt 0.766698 0.479806
vt 0.766698 0.451030
vt 0.812416 0.479806
vt 0.812416 0.451030
vt 0.858134 0.479806
vt 0.858134 0.451030
vt 0.903852 0.479806
vt 0.903852 0.451030
vt 0.949570 0.479806
vt 0.949570 0.451030
vt 0.263800 0.479805
vt 0.263800 0.451030
vt 0.995288 0.479806
vt 0.995288 0.451030
vt 0.309518 0.479806
vt 0.309518 0.451030
vt 0.355237 0.479806
vt 0.355237 0.451030
vt 0.400955 0.479806
vt 0.400955 0.451030
vt 0.446673 0.479806
vt 0.446673 0.451030
vt 0.492391 0.479806
vt 0.492391 0.451030
vt 0.538109 0.465511
vt 0.583826 0.465511
vt 0.629544 0.465511
vt 0.675262 0.465511
vt 0.720980 0.465511
vt 0.766698 0.465511
vt 0.812416 0.465511
vt 0.858134 0.465511
vt 0.903852 0.465511
vt 0.949570 0.465511
vt 0.263800 0.465511
vt 0.995288 0.465511
vt 0.309518 0.465511
vt 0.355237 0.465511
vt 0.400955 0.465511
vt 0.446673 0.465511
vt 0.492391 0.465511
vt 0.538109 0.470432
vt 0.583826 0.470432
vt 0.629544 0.470432
vt 0.675262 0.470432
vt 0.720980 0.470432
vt 0.766698 0.470432
vt 0.812416 0.470432
vt 0.858134 0.470432
vt 0.903852 0.470432
vt 0.949570 0.470432
vt 0.263800 0.470432
vt 0.995288 0.470433
vt 0.309518 0.470432
vt 0.355237 0.470432
vt 0.400955 0.470432
vt 0.446673 0.470432
vt 0.492391 0.470432
vt 0.580417 0.081052
vt 0.610494 0.050974
vt 0.640572 0.081052
vt 0.610494 0.111129
vt 0.972573 0.027130
vt 0.997111 0.054691
vt 0.948858 0.027130
vt 0.997402 0.032942
vt 0.971285 0.054656
vt 0.972573 0.001672
vt 0.948858 0.001672
vt 0.972126 0.031187
vt 0.996489 0.054096
vt 0.996851 0.033474
vt 0.971786 0.054439
vt 0.972607 0.031437
vt 0.968706 0.080441
vt 0.971819 0.117357
vt 0.944991 0.080441
vt 0.971725 0.139108
vt 0.968706 0.054983
vt 0.997644 0.117158
vt 0.944991 0.054983
vt 0.997016 0.140634
vt 0.972446 0.117946
vt 0.972271 0.138571
vt 0.997145 0.117379
vt 0.996533 0.140388
vt 0.997322 0.027175
vt 0.997481 0.111016
vt 0.973607 0.027175
vt 0.997096 0.089268
vt 0.971666 0.111784
vt 0.997322 0.001717
vt 0.971777 0.088300
vt 0.973607 0.001717
vt 0.996841 0.110441
vt 0.996561 0.089817
vt 0.972161 0.111551
vt 0.972265 0.088535
vt 0.968667 0.053427
vt 0.971676 0.060615
vt 0.944951 0.053427
vt 0.971582 0.082365
vt 0.968667 0.027969
vt 0.997501 0.060415
vt 0.944951 0.027969
vt 0.996873 0.083892
vt 0.972303 0.061204
vt 0.972128 0.081829
vt 0.997001 0.060637
vt 0.996390 0.083645
vt 0.965205 0.641964
vt 0.976749 0.623921
vt 0.970481 0.627463
vt 0.970044 0.635761
vt 0.975337 0.626697
vt 0.975194 0.636519
vt 0.959522 0.638323
vt 0.966322 0.625107
vt 0.959522 0.629893
vt 0.965532 0.637954
vt 0.965205 0.626253
vt 0.976679 0.639579
vt 0.943342 0.598909
vt 0.954886 0.580865
vt 0.949610 0.595367
vt 0.950047 0.587069
vt 0.944754 0.596133
vt 0.944897 0.586311
vt 0.953769 0.597723
vt 0.960570 0.584507
vt 0.954559 0.584876
vt 0.960570 0.592937
vt 0.943412 0.583250
vt 0.954886 0.596577
vt 0.981262 0.597721
vt 0.992807 0.579677
vt 0.987530 0.594179
vt 0.987967 0.585881
vt 0.982675 0.594944
vt 0.982817 0.585123
vt 0.991689 0.596535
vt 0.998490 0.583319
vt 0.992479 0.583688
vt 0.998490 0.591748
vt 0.981332 0.582062
vt 0.992807 0.595388
vt 0.927290 0.643050
vt 0.938834 0.625007
vt 0.932566 0.628548
vt 0.932129 0.636846
vt 0.937422 0.627783
vt 0.937279 0.637605
vt 0.921606 0.639408
vt 0.928407 0.626192
vt 0.921606 0.630979
vt 0.927617 0.639039
vt 0.927290 0.627339
vt 0.938764 0.640665
vt 0.873116 0.688281
vt 0.884118 0.669901
vt 0.877958 0.673628
vt 0.877769 0.681936
vt 0.882789 0.672719
vt 0.882939 0.682540
vt 0.867327 0.684810
vt 0.873731 0.671397
vt 0.867076 0.676384
vt 0.873324 0.684262
vt 0.872648 0.672577
vt 0.884514 0.685555
vt 0.941138 0.532986
vt 0.952682 0.514942
vt 0.947406 0.529444
vt 0.947843 0.521146
vt 0.942550 0.530209
vt 0.942693 0.520388
vt 0.951565 0.531800
vt 0.958366 0.518584
vt 0.952355 0.518953
vt 0.958366 0.527013
vt 0.941208 0.517327
vt 0.952682 0.530653
vt 0.926100 0.576681
vt 0.937644 0.558637
vt 0.931376 0.562179
vt 0.930939 0.570477
vt 0.936231 0.561414
vt 0.936089 0.571235
vt 0.920416 0.573039
vt 0.927217 0.559823
vt 0.920416 0.564610
vt 0.926427 0.572670
vt 0.926100 0.560970
vt 0.937574 0.574296
vt 0.962970 0.578276
vt 0.974514 0.560232
vt 0.968246 0.563774
vt 0.967809 0.572072
vt 0.973101 0.563009
vt 0.972959 0.572830
vt 0.957286 0.574634
vt 0.964087 0.561418
vt 0.957286 0.566205
vt 0.963297 0.574265
vt 0.962970 0.562565
vt 0.974444 0.575891
vt 0.906168 0.659823
vt 0.917713 0.641780
vt 0.912436 0.656282
vt 0.912873 0.647984
vt 0.907581 0.657047
vt 0.907723 0.647225
vt 0.916595 0.658638
vt 0.923396 0.645422
vt 0.917385 0.645791
vt 0.923396 0.653851
vt 0.906238 0.644165
vt 0.917713 0.657491
vt 0.981027 0.660958
vt 0.992571 0.642914
vt 0.987295 0.657416
vt 0.987732 0.649119
vt 0.982439 0.658182
vt 0.982582 0.648360
vt 0.991454 0.659772
vt 0.998255 0.646557
vt 0.992244 0.646925
vt 0.998255 0.654986
vt 0.981097 0.645300
vt 0.992571 0.658626
vt 0.943702 0.662346
vt 0.955246 0.644303
vt 0.949970 0.658805
vt 0.950407 0.650507
vt 0.945114 0.659570
vt 0.945257 0.649748
vt 0.954128 0.661161
vt 0.960929 0.647945
vt 0.954919 0.648314
vt 0.960929 0.656374
vt 0.943772 0.646688
vt 0.955246 0.660014
vt 0.978998 0.532577
vt 0.990543 0.514533
vt 0.985266 0.529035
vt 0.985703 0.520737
vt 0.980411 0.529800
vt 0.980553 0.519979
vt 0.989425 0.531391
vt 0.996226 0.518175
vt 0.990215 0.518544
vt 0.996226 0.526604
vt 0.979069 0.516918
vt 0.990543 0.530244
vt 0.734073 0.236393
vt 0.834569 0.253910
vt 0.751589 0.135898
vt 0.852085 0.153414
vt 0.640980 0.301852
vt 0.900027 0.347003
vt 0.945178 0.087956
vt 0.686131 0.042804
vt 0.703457 0.257921
vt 0.782991 0.252783
vt 0.850958 0.204992
vt 0.803167 0.137025
vt 0.735200 0.184815
vt 0.856096 0.284525
vt 0.882700 0.131887
vt 0.730062 0.105282
vt 0.614532 0.163783
vt 0.824199 0.016357
vt 0.971626 0.226024
vt 0.761958 0.373451
vt 0.774787 0.299848
vt 0.898023 0.213195
vt 0.811370 0.089960
vt 0.688135 0.176612
vt 0.793079 0.194904
vt 0.887127 0.328657
vt 0.926832 0.100856
vt 0.699031 0.061151
vt 0.659326 0.288952
vt 0.950981 0.222426
vt 0.635176 0.167382
vt 0.765557 0.352806
vt 0.820601 0.037001
vt 0.380601 0.152482
vt 0.389121 0.245546
vt 0.473660 0.143961
vt 0.482180 0.237027
vt 0.306272 0.090646
vt 0.327256 0.319852
vt 0.556502 0.298884
vt 0.535515 0.069637
vt 0.290667 0.077666
vt 0.314267 0.335450
vt 0.572104 0.311869
vt 0.548499 0.054035
vt 0.377838 0.199657
vt 0.436290 0.248296
vt 0.484931 0.189852
vt 0.426486 0.141212
vt 0.416761 0.035061
vt 0.591084 0.180134
vt 0.446002 0.354448
vt 0.271724 0.209370
vt 0.414947 0.015260
vt 0.610884 0.178321
vt 0.447813 0.374249
vt 0.251938 0.211181
vt 0.431387 0.194754
vt 0.342880 0.121100
vt 0.357726 0.283256
vt 0.519898 0.268419
vt 0.505051 0.106242
vt 0.319268 0.205018
vt 0.441650 0.306876
vt 0.543511 0.184489
vt 0.421120 0.082633
vt 0.979389 0.312678
vt 0.976771 0.309462
vt 0.974810 0.299183
vt 0.975048 0.293365
vt 0.976138 0.287800
vt 0.982320 0.280971
vt 0.986585 0.281284
vt 0.993254 0.290117
vt 0.993897 0.296869
vt 0.992673 0.303528
vt 0.986286 0.312580
vt 0.982599 0.313767
vt 0.977089 0.318598
vt 0.981731 0.310088
vt 0.985143 0.308007
vt 0.973429 0.313578
vt 0.980301 0.308759
vt 0.987181 0.305950
vt 0.977699 0.299408
vt 0.971191 0.299524
vt 0.989534 0.298564
vt 0.971271 0.292205
vt 0.978197 0.293032
vt 0.989588 0.294284
vt 0.972136 0.284490
vt 0.979787 0.287794
vt 0.988842 0.290402
vt 0.983153 0.285158
vt 0.984980 0.285977
vt 0.980803 0.272702
vt 0.982664 0.286331
vt 0.987426 0.273035
vt 0.984609 0.285282
vt 0.979186 0.291663
vt 0.989473 0.289879
vt 0.997754 0.287181
vt 0.978356 0.295729
vt 0.990567 0.296454
vt 0.998483 0.296778
vt 0.978274 0.300002
vt 0.989328 0.303252
vt 0.996611 0.305915
vt 0.980632 0.306922
vt 0.983533 0.309893
vt 0.987287 0.318838
vt 0.981741 0.320478
vt 0.982433 0.310314
vt 0.982828 0.308403
vt 0.980244 0.311489
vt 0.977953 0.308801
vt 0.976155 0.299169
vt 0.976432 0.293544
vt 0.977519 0.288323
vt 0.982680 0.282742
vt 0.985918 0.282987
vt 0.991686 0.290530
vt 0.992335 0.296796
vt 0.991234 0.303048
vt 0.985519 0.311277
vt 0.982620 0.312245
vt 0.984686 0.307196
vt 0.986407 0.305434
vt 0.988628 0.298470
vt 0.988678 0.294367
vt 0.987969 0.290696
vt 0.984796 0.286921
vt 0.983100 0.287139
vt 0.980055 0.291936
vt 0.979257 0.295824
vt 0.979203 0.299921
vt 0.981361 0.306266
vt 0.983013 0.307475
vt 0.978703 0.315217
vt 0.975771 0.311355
vt 0.973556 0.299365
vt 0.973756 0.292744
vt 0.974889 0.286196
vt 0.981864 0.277567
vt 0.986619 0.277925
vt 0.994686 0.288750
vt 0.995438 0.296751
vt 0.993948 0.304541
vt 0.986331 0.315171
vt 0.982208 0.316540
vt 0.978505 0.315938
vt 0.975485 0.311909
vt 0.973220 0.299417
vt 0.973406 0.292569
vt 0.974534 0.285728
vt 0.981718 0.276606
vt 0.986620 0.276953
vt 0.995081 0.288346
vt 0.995860 0.296715
vt 0.994292 0.304834
vt 0.986327 0.315917
vt 0.982086 0.317316
vt 0.928274 0.010936
vt 0.912486 0.010551
vt 0.920380 0.004420
vt 0.909305 0.027672
vt 0.931327 0.027540
vt 0.920519 0.027605
vt 0.928474 0.044180
vt 0.912691 0.044754
vt 0.920658 0.050790
vt 0.981976 0.264281
vt 0.976907 0.258044
vt 0.975980 0.252850
vt 0.975892 0.247128
vt 0.976500 0.241377
vt 0.981367 0.232721
vt 0.985407 0.231662
vt 0.993169 0.237981
vt 0.994798 0.244287
vt 0.994473 0.251116
vt 0.992446 0.257285
vt 0.985406 0.264253
vt 0.980349 0.270677
vt 0.983112 0.261065
vt 0.985013 0.259231
vt 0.973340 0.261041
vt 0.980122 0.258126
vt 0.989011 0.255239
vt 0.972364 0.253944
vt 0.978929 0.253303
vt 0.990203 0.251497
vt 0.972251 0.246751
vt 0.990655 0.247258
vt 0.978833 0.247048
vt 0.972586 0.239276
vt 0.979911 0.240992
vt 0.990303 0.243120
vt 0.978842 0.225258
vt 0.987151 0.237343
vt 0.983498 0.236117
vt 0.985020 0.223230
vt 0.984819 0.236824
vt 0.984862 0.236097
vt 0.980887 0.240761
vt 0.989200 0.238440
vt 0.997235 0.233470
vt 0.979712 0.244492
vt 0.991294 0.243825
vt 0.999417 0.242830
vt 0.991231 0.250819
vt 0.979255 0.248707
vt 0.998783 0.252298
vt 0.988946 0.256813
vt 0.995848 0.260804
vt 0.979593 0.252883
vt 0.982699 0.258690
vt 0.983849 0.260977
vt 0.985450 0.270892
vt 0.982458 0.262907
vt 0.978158 0.257614
vt 0.977297 0.252741
vt 0.977235 0.247204
vt 0.977902 0.241694
vt 0.982159 0.234215
vt 0.985227 0.233486
vt 0.991701 0.238702
vt 0.993215 0.244436
vt 0.992950 0.250827
vt 0.991108 0.256598
vt 0.984989 0.262792
vt 0.984849 0.258319
vt 0.988178 0.254852
vt 0.989313 0.251316
vt 0.989747 0.247250
vt 0.989405 0.243301
vt 0.986664 0.238195
vt 0.984962 0.237742
vt 0.981721 0.241135
vt 0.980599 0.244672
vt 0.980151 0.248722
vt 0.980504 0.252694
vt 0.983215 0.257861
vt 0.981416 0.266984
vt 0.975772 0.259485
vt 0.974737 0.253423
vt 0.974628 0.246920
vt 0.975205 0.240299
vt 0.980725 0.229602
vt 0.985187 0.228212
vt 0.994355 0.235982
vt 0.996335 0.243558
vt 0.995917 0.251579
vt 0.993469 0.258797
vt 0.985198 0.266977
vt 0.981254 0.267740
vt 0.975455 0.259905
vt 0.974402 0.253588
vt 0.974291 0.246863
vt 0.974847 0.239990
vt 0.980522 0.228702
vt 0.985107 0.227223
vt 0.994684 0.235386
vt 0.996757 0.243343
vt 0.996310 0.251712
vt 0.993741 0.259235
vt 0.985124 0.267746
vt 0.620706 0.276021
vt 0.604918 0.275637
vt 0.612812 0.269505
vt 0.601737 0.292758
vt 0.623759 0.292626
vt 0.612951 0.292691
vt 0.620906 0.309266
vt 0.605123 0.309840
vt 0.613090 0.315876
vt 0.570488 0.366014
vt 0.564574 0.361160
vt 0.561022 0.354331
vt 0.566840 0.372941
vt 0.558501 0.366129
vt 0.553448 0.356579
vt 0.566365 0.373833
vt 0.572633 0.361917
vt 0.593777 0.349634
vt 0.557708 0.366767
vt 0.568150 0.358241
vt 0.593247 0.344138
vt 0.565499 0.353046
vt 0.590810 0.339256
vt 0.552463 0.356862
vt 0.570820 0.365388
vt 0.565129 0.360713
vt 0.561713 0.354132
vt 0.593277 0.349589
vt 0.592783 0.344269
vt 0.590419 0.339558
vt 0.568692 0.369409
vt 0.561589 0.363587
vt 0.557301 0.355418
vt 0.568377 0.370002
vt 0.561069 0.364010
vt 0.556648 0.355610
vt 0.585449 0.367311
vt 0.592364 0.363765
vt 0.597290 0.357633
vt 0.587714 0.374923
vt 0.597368 0.369976
vt 0.604432 0.361517
vt 0.588631 0.359381
vt 0.587989 0.375889
vt 0.584136 0.363023
vt 0.583838 0.362027
vt 0.589265 0.360029
vt 0.598013 0.370779
vt 0.578417 0.362577
vt 0.593219 0.355440
vt 0.605352 0.362006
vt 0.585235 0.366607
vt 0.591900 0.363203
vt 0.596627 0.357277
vt 0.588312 0.358999
vt 0.583693 0.361558
vt 0.578469 0.362090
vt 0.586600 0.371094
vt 0.594830 0.366797
vt 0.600828 0.359546
vt 0.586794 0.371742
vt 0.595261 0.367330
vt 0.601433 0.359874
vt 0.574191 0.328928
vt 0.567447 0.332793
vt 0.562608 0.338960
vt 0.571692 0.321321
vt 0.562217 0.326743
vt 0.555455 0.335289
vt 0.571082 0.337278
vt 0.571353 0.320317
vt 0.575590 0.333372
vt 0.570496 0.336262
vt 0.575927 0.334613
vt 0.561541 0.325949
vt 0.554532 0.334802
vt 0.566948 0.341100
vt 0.581419 0.334075
vt 0.574416 0.329614
vt 0.567928 0.333351
vt 0.563267 0.339301
vt 0.571393 0.337647
vt 0.576079 0.335103
vt 0.581368 0.334561
vt 0.572985 0.325213
vt 0.564870 0.329809
vt 0.559075 0.337142
vt 0.572772 0.324561
vt 0.564425 0.329291
vt 0.558465 0.336827
vt 0.589310 0.330411
vt 0.595324 0.335372
vt 0.598954 0.342297
vt 0.593170 0.323393
vt 0.601529 0.330389
vt 0.606619 0.340047
vt 0.566023 0.346960
vt 0.587132 0.334478
vt 0.593671 0.322473
vt 0.566545 0.352549
vt 0.591624 0.338316
vt 0.602334 0.329728
vt 0.569052 0.357449
vt 0.594380 0.343632
vt 0.607613 0.339739
vt 0.588953 0.331052
vt 0.594756 0.335826
vt 0.598252 0.342500
vt 0.566541 0.347011
vt 0.567023 0.352409
vt 0.569450 0.357132
vt 0.591206 0.326948
vt 0.598369 0.332919
vt 0.602719 0.341188
vt 0.591534 0.326347
vt 0.598898 0.332492
vt 0.603373 0.340994
vt 0.563403 0.024385
vt 0.568064 0.042300
vt 0.580337 0.019549
vt 0.584748 0.038073
vt 0.562576 0.034164
vt 0.586238 0.027668
vt 0.577590 0.043679
vt 0.570754 0.018777
vt 0.574109 0.030998
vt 0.237677 0.101330
vt 0.228210 0.089647
vt 0.227575 0.081848
vt 0.234028 0.108257
vt 0.220636 0.091895
vt 0.219582 0.081095
vt 0.233554 0.109149
vt 0.239822 0.097233
vt 0.260966 0.084950
vt 0.232687 0.088362
vt 0.257999 0.074572
vt 0.219652 0.092178
vt 0.232344 0.082423
vt 0.253793 0.070991
vt 0.218552 0.080990
vt 0.238009 0.100704
vt 0.228902 0.089447
vt 0.228317 0.081920
vt 0.260465 0.084905
vt 0.257608 0.074874
vt 0.253549 0.071434
vt 0.236118 0.104276
vt 0.224982 0.090589
vt 0.224142 0.081510
vt 0.235565 0.105318
vt 0.223836 0.090926
vt 0.222943 0.081396
vt 0.245009 0.103532
vt 0.259552 0.099081
vt 0.264478 0.092949
vt 0.244301 0.111274
vt 0.264556 0.105292
vt 0.271621 0.096833
vt 0.244214 0.112268
vt 0.259356 0.090350
vt 0.245417 0.098857
vt 0.251026 0.097343
vt 0.256453 0.095345
vt 0.265202 0.106094
vt 0.260407 0.090756
vt 0.272541 0.097322
vt 0.245605 0.097893
vt 0.245077 0.102818
vt 0.259089 0.098519
vt 0.263815 0.092593
vt 0.258896 0.090107
vt 0.250882 0.096874
vt 0.245657 0.097406
vt 0.244697 0.106839
vt 0.261693 0.101711
vt 0.267555 0.094613
vt 0.244587 0.108011
vt 0.262450 0.102646
vt 0.268622 0.095190
vt 0.249099 0.063376
vt 0.234636 0.068109
vt 0.229796 0.074276
vt 0.249888 0.055406
vt 0.229406 0.062059
vt 0.222644 0.070605
vt 0.234823 0.076883
vt 0.248607 0.068094
vt 0.250000 0.054347
vt 0.228729 0.061265
vt 0.237685 0.071578
vt 0.243115 0.069928
vt 0.221720 0.070118
vt 0.234136 0.076416
vt 0.248608 0.069391
vt 0.249032 0.064101
vt 0.235117 0.068667
vt 0.230456 0.074617
vt 0.235266 0.077118
vt 0.243267 0.070418
vt 0.248556 0.069877
vt 0.249422 0.060010
vt 0.232396 0.065516
vt 0.226724 0.072697
vt 0.249536 0.058809
vt 0.231613 0.064607
vt 0.225654 0.072143
vt 0.256499 0.065727
vt 0.266142 0.077613
vt 0.266830 0.085449
vt 0.260358 0.058708
vt 0.273808 0.075363
vt 0.274860 0.086282
vt 0.233211 0.082276
vt 0.254321 0.069794
vt 0.260859 0.057788
vt 0.236241 0.092765
vt 0.261568 0.078948
vt 0.274801 0.075054
vt 0.262139 0.084921
vt 0.240445 0.096274
vt 0.275899 0.086375
vt 0.256142 0.066367
vt 0.265441 0.077816
vt 0.266094 0.085380
vt 0.233729 0.082327
vt 0.236638 0.092448
vt 0.240675 0.095857
vt 0.258146 0.062718
vt 0.269410 0.076652
vt 0.270271 0.085802
vt 0.258723 0.061663
vt 0.270561 0.076310
vt 0.271475 0.085923
vt 0.236403 0.076854
vt 0.241064 0.094769
vt 0.253337 0.072017
vt 0.257748 0.090541
vt 0.235576 0.086633
vt 0.259238 0.080137
vt 0.250590 0.096147
vt 0.243754 0.071246
vt 0.247109 0.083467
vt 0.896883 0.358437
vt 0.904662 0.354399
vt 0.910096 0.353953
vt 0.915792 0.354187
vt 0.921241 0.355254
vt 0.927927 0.361306
vt 0.927621 0.365482
vt 0.918973 0.372012
vt 0.912361 0.372641
vt 0.905842 0.371444
vt 0.900461 0.368760
vt 0.895817 0.361580
vt 0.899240 0.361084
vt 0.889793 0.358369
vt 0.901042 0.362953
vt 0.899419 0.360730
vt 0.891087 0.356185
vt 0.901456 0.364071
vt 0.902726 0.350827
vt 0.904197 0.357444
vt 0.906708 0.367553
vt 0.909876 0.356782
vt 0.909762 0.350410
vt 0.910702 0.368370
vt 0.916119 0.357270
vt 0.914893 0.368423
vt 0.916928 0.350489
vt 0.918693 0.367692
vt 0.921247 0.358826
vt 0.924482 0.351336
vt 0.923026 0.363911
vt 0.936024 0.359821
vt 0.923827 0.362122
vt 0.922679 0.361644
vt 0.935697 0.366306
vt 0.923706 0.363548
vt 0.917459 0.358238
vt 0.919205 0.368310
vt 0.921847 0.376418
vt 0.912768 0.369381
vt 0.912451 0.377132
vt 0.913478 0.357426
vt 0.903505 0.375299
vt 0.906112 0.368168
vt 0.909294 0.357345
vt 0.895952 0.371447
vt 0.901447 0.365189
vt 0.905438 0.358105
vt 0.899198 0.361417
vt 0.901069 0.361804
vt 0.889247 0.360739
vt 0.898047 0.359275
vt 0.904900 0.355678
vt 0.910110 0.355270
vt 0.915618 0.355542
vt 0.920729 0.356606
vt 0.926194 0.361659
vt 0.925953 0.364829
vt 0.918568 0.370477
vt 0.912433 0.371112
vt 0.906312 0.370035
vt 0.901347 0.367576
vt 0.897307 0.361601
vt 0.901939 0.362792
vt 0.902250 0.363624
vt 0.906980 0.366701
vt 0.910794 0.367483
vt 0.914812 0.367532
vt 0.918406 0.366837
vt 0.922101 0.363731
vt 0.921888 0.362071
vt 0.917191 0.359089
vt 0.913384 0.358308
vt 0.909373 0.358255
vt 0.905746 0.358976
vt 0.901978 0.361985
vt 0.894397 0.357765
vt 0.903687 0.353206
vt 0.909918 0.352726
vt 0.916401 0.352922
vt 0.922812 0.354031
vt 0.931260 0.360860
vt 0.930910 0.365516
vt 0.920310 0.373414
vt 0.912477 0.374150
vt 0.904850 0.372692
vt 0.898535 0.369463
vt 0.893102 0.361197
vt 0.893691 0.357572
vt 0.903405 0.352879
vt 0.909867 0.352397
vt 0.916572 0.352579
vt 0.923270 0.353684
vt 0.932201 0.360717
vt 0.931862 0.365517
vt 0.920706 0.373801
vt 0.912512 0.374563
vt 0.904564 0.373028
vt 0.897975 0.369645
vt 0.892342 0.361078
vt 0.719681 0.023018
vt 0.720065 0.007230
vt 0.726197 0.015124
vt 0.702944 0.004048
vt 0.703076 0.026070
vt 0.703011 0.015263
vt 0.686436 0.023217
vt 0.685862 0.007435
vt 0.679826 0.015402
vt 0.271305 0.029689
vt 0.277858 0.016269
vt 0.284504 0.012662
vt 0.262357 0.029033
vt 0.271874 0.009437
vt 0.281697 0.003804
vt 0.277347 0.027796
vt 0.261312 0.028961
vt 0.275999 0.030073
vt 0.271157 0.008630
vt 0.281002 0.019833
vt 0.278247 0.038567
vt 0.281373 0.002775
vt 0.285892 0.017018
vt 0.281626 0.042798
vt 0.272196 0.029753
vt 0.278431 0.016927
vt 0.284773 0.013517
vt 0.277942 0.027975
vt 0.278785 0.038288
vt 0.282005 0.042340
vt 0.267549 0.029410
vt 0.275425 0.013477
vt 0.283361 0.009057
vt 0.266354 0.029322
vt 0.274634 0.012567
vt 0.282996 0.007908
vt 0.272157 0.037324
vt 0.275763 0.044116
vt 0.288856 0.051311
vt 0.263441 0.039938
vt 0.268601 0.049906
vt 0.287903 0.060439
vt 0.262422 0.040231
vt 0.276692 0.035863
vt 0.279991 0.022841
vt 0.284263 0.019342
vt 0.267759 0.050584
vt 0.279546 0.041134
vt 0.287794 0.061506
vt 0.289351 0.046773
vt 0.294849 0.018303
vt 0.273015 0.037065
vt 0.276456 0.043542
vt 0.288949 0.050423
vt 0.280468 0.023237
vt 0.284548 0.019883
vt 0.294670 0.018867
vt 0.268550 0.038425
vt 0.272822 0.046498
vt 0.288466 0.055050
vt 0.267398 0.038772
vt 0.271875 0.047265
vt 0.288341 0.056240
vt 0.308895 0.025922
vt 0.299309 0.014042
vt 0.292004 0.011878
vt 0.317684 0.023279
vt 0.303619 0.005969
vt 0.292921 0.002791
vt 0.301089 0.040783
vt 0.304213 0.027409
vt 0.318718 0.022973
vt 0.304104 0.005018
vt 0.291624 0.045879
vt 0.296957 0.018264
vt 0.286273 0.045345
vt 0.291529 0.016454
vt 0.293039 0.001728
vt 0.308025 0.026186
vt 0.298883 0.014817
vt 0.291916 0.012772
vt 0.300613 0.040384
vt 0.291565 0.045282
vt 0.286452 0.044781
vt 0.312556 0.024813
vt 0.301099 0.010750
vt 0.292379 0.008109
vt 0.313728 0.024461
vt 0.301675 0.009682
vt 0.292496 0.006909
vt 0.309658 0.033645
vt 0.302883 0.047014
vt 0.296312 0.050609
vt 0.318841 0.034433
vt 0.308688 0.053895
vt 0.299029 0.059287
vt 0.305011 0.033261
vt 0.319917 0.034520
vt 0.303759 0.035838
vt 0.302845 0.025068
vt 0.299889 0.043481
vt 0.309355 0.054697
vt 0.299484 0.020843
vt 0.294955 0.046236
vt 0.299354 0.060302
vt 0.308748 0.033568
vt 0.302308 0.046349
vt 0.296055 0.049760
vt 0.303163 0.035660
vt 0.302308 0.025346
vt 0.299105 0.021299
vt 0.313486 0.033976
vt 0.305292 0.049848
vt 0.297420 0.054169
vt 0.314701 0.034082
vt 0.306064 0.050759
vt 0.297774 0.055306
vt 0.640036 0.025234
vt 0.644705 0.043181
vt 0.657000 0.020389
vt 0.661419 0.038946
vt 0.639208 0.035030
vt 0.662912 0.028523
vt 0.654248 0.044562
vt 0.647400 0.019616
vt 0.650761 0.031858
vt 0.564695 0.048822
vt 0.555229 0.037139
vt 0.554594 0.029340
vt 0.561047 0.055750
vt 0.547655 0.039388
vt 0.546601 0.028588
vt 0.587984 0.032443
vt 0.560572 0.056641
vt 0.566840 0.044725
vt 0.546670 0.039671
vt 0.585017 0.022064
vt 0.559705 0.035854
vt 0.545571 0.028482
vt 0.559362 0.029916
vt 0.580811 0.018483
vt 0.565027 0.048196
vt 0.555920 0.036940
vt 0.555335 0.029412
vt 0.587483 0.032397
vt 0.584626 0.022366
vt 0.580568 0.018927
vt 0.563137 0.051768
vt 0.552001 0.038082
vt 0.551160 0.029003
vt 0.562583 0.052811
vt 0.550854 0.038418
vt 0.549962 0.028889
vt 0.572027 0.051025
vt 0.586571 0.046574
vt 0.591497 0.040441
vt 0.571320 0.058766
vt 0.591575 0.052784
vt 0.598639 0.044325
vt 0.571232 0.059760
vt 0.572435 0.046349
vt 0.586374 0.037842
vt 0.578044 0.044835
vt 0.583472 0.042837
vt 0.592220 0.053587
vt 0.572624 0.045386
vt 0.587426 0.038248
vt 0.599559 0.044815
vt 0.572095 0.050310
vt 0.586107 0.046011
vt 0.590834 0.040085
vt 0.585914 0.037599
vt 0.577900 0.044366
vt 0.572676 0.044898
vt 0.571716 0.054332
vt 0.588711 0.049203
vt 0.594573 0.042106
vt 0.571606 0.055503
vt 0.589468 0.050138
vt 0.595640 0.042682
vt 0.576118 0.010868
vt 0.561654 0.015601
vt 0.556815 0.021768
vt 0.576906 0.002899
vt 0.556424 0.009551
vt 0.549662 0.018098
vt 0.577018 0.001839
vt 0.561841 0.024375
vt 0.575625 0.015587
vt 0.555747 0.008758
vt 0.564703 0.019070
vt 0.570134 0.017421
vt 0.561155 0.023908
vt 0.548739 0.017610
vt 0.575626 0.016883
vt 0.576051 0.011593
vt 0.562135 0.016159
vt 0.557474 0.022109
vt 0.562284 0.024610
vt 0.570285 0.017911
vt 0.575574 0.017369
vt 0.576440 0.007502
vt 0.559414 0.013009
vt 0.553743 0.020189
vt 0.576554 0.006301
vt 0.558632 0.012099
vt 0.552672 0.019635
vt 0.583517 0.013219
vt 0.593161 0.025105
vt 0.593848 0.032942
vt 0.587377 0.006201
vt 0.600826 0.022855
vt 0.601878 0.033775
vt 0.587877 0.005281
vt 0.581339 0.017286
vt 0.560230 0.029768
vt 0.588587 0.026441
vt 0.601820 0.022547
vt 0.563259 0.040258
vt 0.567464 0.043767
vt 0.602917 0.033867
vt 0.589158 0.032413
vt 0.583160 0.013860
vt 0.592459 0.025308
vt 0.593113 0.032872
vt 0.560748 0.029819
vt 0.563657 0.039940
vt 0.567693 0.043349
vt 0.585164 0.010210
vt 0.596428 0.024144
vt 0.597289 0.033294
vt 0.585741 0.009156
vt 0.597580 0.023802
vt 0.598494 0.033415
vt 0.569022 0.341809
vt 0.573683 0.359723
vt 0.585956 0.336972
vt 0.590367 0.355496
vt 0.568195 0.351587
vt 0.591857 0.345092
vt 0.583209 0.361102
vt 0.576373 0.336200
vt 0.579728 0.348421
vt 0.631607 0.030001
vt 0.633527 0.022622
vt 0.644807 0.012973
vt 0.622660 0.029344
vt 0.625422 0.018646
vt 0.641999 0.004115
vt 0.621615 0.029272
vt 0.636302 0.030385
vt 0.637668 0.028113
vt 0.624464 0.018179
vt 0.637078 0.033608
vt 0.637874 0.024722
vt 0.641941 0.043094
vt 0.641676 0.003087
vt 0.646195 0.017329
vt 0.632498 0.030064
vt 0.634311 0.023014
vt 0.645076 0.013828
vt 0.638263 0.028291
vt 0.637686 0.033554
vt 0.642320 0.042637
vt 0.627852 0.029721
vt 0.630205 0.020986
vt 0.643664 0.009369
vt 0.626657 0.029634
vt 0.629129 0.020456
vt 0.643299 0.008220
vt 0.636065 0.044427
vt 0.641914 0.049428
vt 0.649159 0.051623
vt 0.628904 0.050217
vt 0.637583 0.057341
vt 0.648206 0.060751
vt 0.644575 0.019671
vt 0.628062 0.050895
vt 0.639849 0.041445
vt 0.637071 0.058295
vt 0.644268 0.045263
vt 0.649801 0.018097
vt 0.648096 0.061817
vt 0.649653 0.047084
vt 0.655146 0.018633
vt 0.636758 0.043853
vt 0.642342 0.048661
vt 0.649251 0.050734
vt 0.644859 0.020211
vt 0.649857 0.018697
vt 0.654967 0.019196
vt 0.633124 0.046809
vt 0.640116 0.052687
vt 0.648769 0.055361
vt 0.632178 0.047576
vt 0.639535 0.053747
vt 0.648644 0.056551
vt 0.665544 0.019365
vt 0.659612 0.014354
vt 0.652306 0.012189
vt 0.672778 0.013485
vt 0.663922 0.006280
vt 0.653224 0.003103
vt 0.661741 0.022372
vt 0.673645 0.012791
vt 0.657113 0.044573
vt 0.651925 0.046171
vt 0.657260 0.018575
vt 0.664407 0.005329
vt 0.651832 0.016766
vt 0.646581 0.045638
vt 0.653342 0.002040
vt 0.664847 0.019946
vt 0.659185 0.015128
vt 0.652219 0.013084
vt 0.656828 0.044035
vt 0.651866 0.045574
vt 0.646761 0.045074
vt 0.668510 0.016947
vt 0.661402 0.011061
vt 0.652682 0.008421
vt 0.669461 0.016169
vt 0.661978 0.009993
vt 0.652799 0.007220
vt 0.669961 0.033957
vt 0.667901 0.041345
vt 0.656615 0.050921
vt 0.679143 0.034744
vt 0.676020 0.045593
vt 0.659331 0.059598
vt 0.664043 0.036144
vt 0.665314 0.033573
vt 0.680219 0.034831
vt 0.663688 0.039244
vt 0.664603 0.030645
vt 0.676968 0.046105
vt 0.655257 0.046548
vt 0.659657 0.060613
vt 0.659774 0.021170
vt 0.669051 0.033879
vt 0.667115 0.040929
vt 0.656358 0.050072
vt 0.663448 0.035966
vt 0.663994 0.030699
vt 0.659396 0.021625
vt 0.673788 0.034287
vt 0.671236 0.043073
vt 0.657722 0.054480
vt 0.675003 0.034393
vt 0.672308 0.043630
vt 0.658077 0.055617
vt 0.236450 0.338018
vt 0.241130 0.356003
vt 0.253451 0.333162
vt 0.257879 0.351759
vt 0.235620 0.347834
vt 0.259375 0.341314
vt 0.250693 0.357387
vt 0.243831 0.332387
vt 0.247198 0.344656
vt 0.228088 0.342685
vt 0.230007 0.335306
vt 0.241287 0.325658
vt 0.219139 0.342029
vt 0.221902 0.331331
vt 0.238479 0.316800
vt 0.218095 0.341957
vt 0.232782 0.343069
vt 0.234122 0.340789
vt 0.233530 0.346295
vt 0.220944 0.330864
vt 0.234354 0.337406
vt 0.238156 0.315771
vt 0.242675 0.330014
vt 0.238403 0.355800
vt 0.228979 0.342749
vt 0.230791 0.335699
vt 0.241556 0.326513
vt 0.234717 0.340968
vt 0.234140 0.346241
vt 0.238783 0.355343
vt 0.224331 0.342406
vt 0.226685 0.333670
vt 0.240144 0.322053
vt 0.223137 0.342318
vt 0.225608 0.333141
vt 0.239779 0.320904
vt 0.232545 0.357112
vt 0.238394 0.362113
vt 0.245639 0.364307
vt 0.225384 0.362902
vt 0.234063 0.370025
vt 0.244686 0.373435
vt 0.224542 0.363580
vt 0.236328 0.354130
vt 0.241042 0.332331
vt 0.233551 0.370979
vt 0.240748 0.357948
vt 0.246279 0.330753
vt 0.244577 0.374501
vt 0.246133 0.359769
vt 0.251635 0.331291
vt 0.233238 0.356538
vt 0.238822 0.361346
vt 0.245731 0.363419
vt 0.241327 0.332872
vt 0.246335 0.331355
vt 0.251455 0.331855
vt 0.229604 0.359494
vt 0.236596 0.365371
vt 0.245249 0.368046
vt 0.228658 0.360260
vt 0.236014 0.366431
vt 0.245124 0.369236
vt 0.262024 0.332050
vt 0.256091 0.327038
vt 0.248787 0.324874
vt 0.269258 0.326170
vt 0.260402 0.318965
vt 0.249704 0.315787
vt 0.253605 0.357282
vt 0.258221 0.335057
vt 0.270125 0.325475
vt 0.248407 0.358884
vt 0.253740 0.331259
vt 0.260887 0.318014
vt 0.248312 0.329450
vt 0.249822 0.314724
vt 0.243053 0.358349
vt 0.261327 0.332631
vt 0.255665 0.327813
vt 0.248699 0.325768
vt 0.253320 0.356743
vt 0.248349 0.358286
vt 0.243233 0.357784
vt 0.264990 0.329632
vt 0.257882 0.323746
vt 0.249162 0.321105
vt 0.265942 0.328854
vt 0.258458 0.322677
vt 0.249279 0.319905
vt 0.266441 0.346641
vt 0.264381 0.354030
vt 0.253095 0.363605
vt 0.275623 0.347429
vt 0.272500 0.358277
vt 0.255811 0.372283
vt 0.260549 0.348837
vt 0.276699 0.347516
vt 0.261794 0.346257
vt 0.260167 0.351929
vt 0.261111 0.343326
vt 0.273449 0.358790
vt 0.256272 0.333832
vt 0.251737 0.359232
vt 0.256137 0.373298
vt 0.265531 0.346564
vt 0.263595 0.353613
vt 0.252838 0.362756
vt 0.259953 0.348658
vt 0.260501 0.343381
vt 0.255893 0.334288
vt 0.270269 0.346972
vt 0.267716 0.355758
vt 0.254202 0.367165
vt 0.271483 0.347078
vt 0.268788 0.356315
vt 0.254557 0.368302
vt 0.630043 0.340516
vt 0.634688 0.358367
vt 0.646918 0.335696
vt 0.651313 0.354155
vt 0.629220 0.350260
vt 0.652798 0.343787
vt 0.644180 0.359741
vt 0.637369 0.334927
vt 0.640712 0.347105
vt 0.958535 0.366928
vt 0.949068 0.355245
vt 0.948434 0.347446
vt 0.954887 0.373856
vt 0.941495 0.357494
vt 0.940441 0.346694
vt 0.954412 0.374747
vt 0.960680 0.362831
vt 0.981824 0.350549
vt 0.940510 0.357776
vt 0.953545 0.353960
vt 0.978857 0.340170
vt 0.939411 0.346588
vt 0.953202 0.348022
vt 0.974651 0.336589
vt 0.958867 0.366302
vt 0.949760 0.355046
vt 0.949175 0.347518
vt 0.981323 0.350503
vt 0.978466 0.340472
vt 0.974408 0.337032
vt 0.956976 0.369874
vt 0.945841 0.356187
vt 0.945000 0.347109
vt 0.956423 0.370916
vt 0.944694 0.356524
vt 0.943802 0.346995
vt 0.965867 0.369130
vt 0.980411 0.364679
vt 0.985337 0.358547
vt 0.965160 0.376872
vt 0.985415 0.370890
vt 0.992479 0.362431
vt 0.965073 0.377866
vt 0.980214 0.355948
vt 0.966275 0.364455
vt 0.971884 0.362941
vt 0.977312 0.360943
vt 0.986060 0.371693
vt 0.993399 0.362920
vt 0.966464 0.363492
vt 0.981265 0.356354
vt 0.965935 0.368416
vt 0.979947 0.364117
vt 0.984674 0.358191
vt 0.979754 0.355705
vt 0.971740 0.362472
vt 0.966516 0.363004
vt 0.965555 0.372438
vt 0.982551 0.367309
vt 0.988413 0.360212
vt 0.965446 0.373609
vt 0.983308 0.368244
vt 0.989480 0.360788
vt 0.969958 0.328974
vt 0.955494 0.333707
vt 0.950655 0.339874
vt 0.970746 0.321005
vt 0.950264 0.327657
vt 0.943502 0.336203
vt 0.969465 0.333693
vt 0.955681 0.342481
vt 0.970858 0.319945
vt 0.949587 0.326864
vt 0.958543 0.337176
vt 0.963974 0.335527
vt 0.942579 0.335716
vt 0.954995 0.342014
vt 0.969466 0.334989
vt 0.969890 0.329699
vt 0.955975 0.334265
vt 0.951314 0.340215
vt 0.956124 0.342716
vt 0.964125 0.336017
vt 0.969414 0.335475
vt 0.970280 0.325608
vt 0.953254 0.331114
vt 0.947583 0.338295
vt 0.970394 0.324407
vt 0.952471 0.330205
vt 0.946512 0.337741
vt 0.977357 0.331325
vt 0.987001 0.343211
vt 0.987688 0.351048
vt 0.981216 0.324307
vt 0.994666 0.340961
vt 0.995718 0.351881
vt 0.981717 0.323387
vt 0.954070 0.347874
vt 0.975179 0.335392
vt 0.957099 0.358363
vt 0.982427 0.344546
vt 0.995660 0.340653
vt 0.996757 0.351973
vt 0.961304 0.361873
vt 0.982998 0.350519
vt 0.977000 0.331966
vt 0.986299 0.343414
vt 0.986953 0.350978
vt 0.954588 0.347925
vt 0.957497 0.358046
vt 0.961533 0.361455
vt 0.979004 0.328316
vt 0.990268 0.342250
vt 0.991129 0.351400
vt 0.979581 0.327261
vt 0.991419 0.341908
vt 0.992334 0.351521
vt 0.957267 0.342332
vt 0.961928 0.360247
vt 0.974201 0.337496
vt 0.978612 0.356020
vt 0.956441 0.352111
vt 0.980102 0.345616
vt 0.971454 0.361626
vt 0.964618 0.336724
vt 0.967973 0.348945
vt 0.623643 0.337705
vt 0.628277 0.331665
vt 0.634924 0.328057
vt 0.615539 0.333730
vt 0.622293 0.324832
vt 0.632116 0.319199
vt 0.627175 0.348693
vt 0.614581 0.333263
vt 0.627990 0.339806
vt 0.621576 0.324025
vt 0.628667 0.353962
vt 0.631421 0.335228
vt 0.636311 0.332413
vt 0.631792 0.318171
vt 0.632045 0.358193
vt 0.624428 0.338098
vt 0.628850 0.332322
vt 0.635193 0.328912
vt 0.627785 0.348640
vt 0.629204 0.353683
vt 0.632425 0.357736
vt 0.620321 0.336070
vt 0.625844 0.328872
vt 0.633780 0.324453
vt 0.619245 0.335540
vt 0.625053 0.327962
vt 0.633415 0.323304
vt 0.622576 0.352719
vt 0.626182 0.359511
vt 0.639275 0.366706
vt 0.613860 0.355333
vt 0.619020 0.365301
vt 0.638323 0.375835
vt 0.612841 0.355626
vt 0.627111 0.351258
vt 0.630410 0.338236
vt 0.618179 0.365979
vt 0.629965 0.356529
vt 0.634683 0.334738
vt 0.638213 0.376901
vt 0.639770 0.362168
vt 0.645268 0.333699
vt 0.623435 0.352460
vt 0.626875 0.358937
vt 0.639368 0.365818
vt 0.630888 0.338632
vt 0.634967 0.335278
vt 0.645089 0.334262
vt 0.618969 0.353820
vt 0.623241 0.361893
vt 0.638885 0.370445
vt 0.617817 0.354167
vt 0.622295 0.362660
vt 0.638761 0.371635
vt 0.659315 0.341317
vt 0.655661 0.334449
vt 0.642423 0.327273
vt 0.668104 0.338674
vt 0.662894 0.328569
vt 0.643341 0.318186
vt 0.651508 0.356178
vt 0.654633 0.342805
vt 0.669138 0.338368
vt 0.647238 0.359674
vt 0.663762 0.327874
vt 0.651858 0.337456
vt 0.641948 0.331850
vt 0.643459 0.317123
vt 0.636692 0.360740
vt 0.658444 0.341582
vt 0.654963 0.335030
vt 0.642336 0.328168
vt 0.651032 0.355780
vt 0.646953 0.359135
vt 0.636872 0.360176
vt 0.662975 0.340208
vt 0.658627 0.332031
vt 0.642798 0.323504
vt 0.664148 0.339856
vt 0.659578 0.331253
vt 0.642916 0.322304
vt 0.658018 0.356429
vt 0.653303 0.362410
vt 0.646732 0.366004
vt 0.666137 0.360677
vt 0.659108 0.369291
vt 0.649448 0.374682
vt 0.653804 0.354328
vt 0.667085 0.361189
vt 0.654739 0.345727
vt 0.650308 0.358876
vt 0.653264 0.340464
vt 0.659774 0.370093
vt 0.645374 0.361632
vt 0.649774 0.375697
vt 0.649903 0.336238
vt 0.657232 0.356013
vt 0.652727 0.361744
vt 0.646475 0.365156
vt 0.654129 0.345781
vt 0.652727 0.340741
vt 0.649525 0.336694
vt 0.661353 0.358157
vt 0.655711 0.365243
vt 0.647839 0.369564
vt 0.662424 0.358714
vt 0.656484 0.366154
vt 0.648194 0.370701
vt 0.278746 0.034849
vt 0.302549 0.028315
vt 0.293849 0.044421
vt 0.286973 0.019371
vt 0.231035 0.048175
vt 0.227750 0.045760
vt 0.224401 0.035529
vt 0.224304 0.029198
vt 0.226862 0.017161
vt 0.230361 0.013258
vt 0.239609 0.014067
vt 0.245221 0.026054
vt 0.244861 0.033610
vt 0.238991 0.045512
vt 0.229235 0.055252
vt 0.234396 0.042589
vt 0.232292 0.044617
vt 0.224552 0.051424
vt 0.236835 0.041193
vt 0.231319 0.043938
vt 0.220401 0.036739
vt 0.227664 0.036030
vt 0.240137 0.034031
vt 0.227558 0.029110
vt 0.220277 0.028780
vt 0.240637 0.029342
vt 0.222626 0.011923
vt 0.230861 0.018193
vt 0.238997 0.020878
vt 0.236760 0.018372
vt 0.227568 0.005002
vt 0.232719 0.017016
vt 0.231751 0.019140
vt 0.236112 0.017344
vt 0.241970 0.005857
vt 0.228530 0.026281
vt 0.241344 0.025543
vt 0.250331 0.024443
vt 0.228025 0.030945
vt 0.241275 0.033282
vt 0.249630 0.034918
vt 0.229706 0.039450
vt 0.235170 0.043535
vt 0.241115 0.051623
vt 0.231569 0.046655
vt 0.228940 0.044743
vt 0.225859 0.035408
vt 0.225790 0.029282
vt 0.228271 0.018039
vt 0.231238 0.014912
vt 0.238472 0.015613
vt 0.243469 0.026219
vt 0.243177 0.033291
vt 0.237864 0.044288
vt 0.234214 0.041579
vt 0.236109 0.040461
vt 0.239152 0.033831
vt 0.239633 0.029333
vt 0.238043 0.021416
vt 0.236222 0.019315
vt 0.232464 0.019856
vt 0.229512 0.026480
vt 0.229016 0.030962
vt 0.230630 0.038930
vt 0.230415 0.051165
vt 0.226829 0.048265
vt 0.223026 0.036163
vt 0.222906 0.028968
vt 0.225653 0.014768
vt 0.229652 0.009807
vt 0.240041 0.010679
vt 0.246921 0.025248
vt 0.246460 0.034122
vt 0.239401 0.048085
vt 0.230237 0.052002
vt 0.226564 0.048990
vt 0.222655 0.036345
vt 0.222533 0.028904
vt 0.225295 0.014059
vt 0.229426 0.008812
vt 0.240159 0.009678
vt 0.247389 0.025010
vt 0.246893 0.034269
vt 0.239499 0.048833
vt 0.887439 0.021211
vt 0.887823 0.005423
vt 0.893955 0.013316
vt 0.870702 0.002241
vt 0.870834 0.024263
vt 0.854194 0.021410
vt 0.853620 0.005628
vt 0.847584 0.013594
vt 0.230821 0.166717
vt 0.224467 0.158900
vt 0.223305 0.152389
vt 0.223194 0.145216
vt 0.223957 0.138007
vt 0.230057 0.127156
vt 0.235121 0.125829
vt 0.244851 0.133750
vt 0.246893 0.141654
vt 0.246486 0.150215
vt 0.243945 0.157949
vt 0.235120 0.166682
vt 0.228782 0.174736
vt 0.232245 0.162686
vt 0.234458 0.160501
vt 0.219995 0.162657
vt 0.228497 0.159002
vt 0.239470 0.155497
vt 0.218772 0.153760
vt 0.227002 0.152957
vt 0.240963 0.150806
vt 0.218631 0.144743
vt 0.226881 0.145116
vt 0.241530 0.145493
vt 0.219050 0.135374
vt 0.228233 0.137525
vt 0.241088 0.140306
vt 0.232729 0.131413
vt 0.226893 0.117802
vt 0.237137 0.133064
vt 0.234636 0.115260
vt 0.234214 0.132413
vt 0.234439 0.131389
vt 0.229285 0.137348
vt 0.239877 0.134326
vt 0.249949 0.128096
vt 0.227813 0.142025
vt 0.242501 0.141075
vt 0.252684 0.139828
vt 0.242422 0.149843
vt 0.227240 0.147309
vt 0.251889 0.151697
vt 0.227664 0.152543
vt 0.239558 0.157357
vt 0.248209 0.162359
vt 0.231558 0.159823
vt 0.235176 0.175004
vt 0.233169 0.162576
vt 0.231426 0.164995
vt 0.226035 0.158360
vt 0.224956 0.152252
vt 0.224878 0.145311
vt 0.225714 0.138405
vt 0.231051 0.129030
vt 0.234896 0.128116
vt 0.243011 0.134654
vt 0.244909 0.141841
vt 0.244577 0.149853
vt 0.242268 0.157088
vt 0.234598 0.164852
vt 0.234253 0.159358
vt 0.238425 0.155012
vt 0.239847 0.150579
vt 0.240392 0.145483
vt 0.239963 0.140533
vt 0.236528 0.134132
vt 0.234394 0.133564
vt 0.230331 0.137818
vt 0.228925 0.142250
vt 0.228363 0.147328
vt 0.228806 0.152307
vt 0.232204 0.158783
vt 0.230119 0.170105
vt 0.223045 0.160705
vt 0.221747 0.153108
vt 0.221611 0.144955
vt 0.222333 0.136656
vt 0.229253 0.123246
vt 0.234846 0.121505
vt 0.246338 0.131244
vt 0.248820 0.140741
vt 0.248297 0.150795
vt 0.245228 0.159843
vt 0.234860 0.170097
vt 0.229916 0.171053
vt 0.222647 0.161232
vt 0.221326 0.153313
vt 0.221188 0.144884
vt 0.221884 0.136269
vt 0.228998 0.122119
vt 0.234745 0.120265
vt 0.246751 0.130498
vt 0.249349 0.140471
vt 0.248788 0.150962
vt 0.245569 0.160393
vt 0.234767 0.171061
vt 0.500694 0.005606
vt 0.500309 0.021395
vt 0.494178 0.013501
vt 0.517430 0.024576
vt 0.517298 0.002554
vt 0.517363 0.013362
vt 0.533938 0.005407
vt 0.534512 0.021189
vt 0.540549 0.013223
vt 0.230986 0.304070
vt 0.227423 0.301450
vt 0.223790 0.290352
vt 0.223685 0.283484
vt 0.224415 0.276582
vt 0.230255 0.266194
vt 0.235104 0.264924
vt 0.244419 0.272507
vt 0.246374 0.280075
vt 0.245984 0.288270
vt 0.243551 0.295674
vt 0.235102 0.304036
vt 0.229034 0.311746
vt 0.232350 0.300210
vt 0.234568 0.298052
vt 0.237214 0.296538
vt 0.223954 0.307594
vt 0.231294 0.299473
vt 0.219451 0.291665
vt 0.227330 0.290895
vt 0.240796 0.288769
vt 0.219316 0.283032
vt 0.227214 0.283389
vt 0.241339 0.283683
vt 0.228509 0.276121
vt 0.219717 0.274062
vt 0.240916 0.278717
vt 0.232813 0.270270
vt 0.227225 0.257239
vt 0.237134 0.271784
vt 0.234335 0.271161
vt 0.234450 0.270247
vt 0.234639 0.254805
vt 0.229616 0.275885
vt 0.239656 0.273059
vt 0.249299 0.267094
vt 0.228206 0.280363
vt 0.242169 0.279520
vt 0.251917 0.278326
vt 0.227658 0.285421
vt 0.242093 0.287914
vt 0.251156 0.289689
vt 0.239352 0.295108
vt 0.247634 0.299897
vt 0.228064 0.290433
vt 0.231792 0.297403
vt 0.235155 0.312003
vt 0.233234 0.300105
vt 0.231565 0.302421
vt 0.228714 0.300347
vt 0.225371 0.290220
vt 0.225297 0.283576
vt 0.226098 0.276963
vt 0.231206 0.267988
vt 0.234888 0.267113
vt 0.242657 0.273372
vt 0.244474 0.280253
vt 0.244156 0.287924
vt 0.241946 0.294850
vt 0.234602 0.302283
vt 0.234372 0.296957
vt 0.236427 0.295744
vt 0.239728 0.288552
vt 0.240250 0.283673
vt 0.239839 0.278934
vt 0.236550 0.272806
vt 0.234507 0.272262
vt 0.230617 0.276335
vt 0.229271 0.280579
vt 0.228734 0.285440
vt 0.229157 0.290207
vt 0.232410 0.296407
vt 0.230314 0.307313
vt 0.226424 0.304167
vt 0.222298 0.291040
vt 0.222168 0.283235
vt 0.222860 0.275289
vt 0.229486 0.262451
vt 0.234840 0.260784
vt 0.245842 0.270108
vt 0.248218 0.279200
vt 0.247717 0.288826
vt 0.244779 0.297488
vt 0.234853 0.307306
vt 0.230120 0.308220
vt 0.226137 0.304954
vt 0.221896 0.291237
vt 0.221763 0.283166
vt 0.222431 0.274919
vt 0.229241 0.261372
vt 0.234744 0.259597
vt 0.246237 0.269393
vt 0.248725 0.278942
vt 0.248188 0.288986
vt 0.245106 0.298015
vt 0.234764 0.308228
vt 0.370239 0.014071
vt 0.346986 0.002996
vt 0.347118 0.025018
vt 0.323868 0.014349
vt 0.238075 0.185008
vt 0.238811 0.184072
vt 0.237914 0.185055
vt 0.240004 0.184055
vt 0.238942 0.183980
vt 0.239996 0.247839
vt 0.240715 0.248689
vt 0.239840 0.247793
vt 0.241852 0.248779
vt 0.240837 0.248775
vn -0.702693 0.708293 0.067399
vn -0.101299 0.165499 0.980994
vn -0.053499 0.998376 0.019600
vn -0.435006 -0.081701 0.896713
vn -0.860209 0.006100 0.509905
vn 0.000000 -0.038299 0.999266
vn -0.425913 0.895127 -0.131704
vn 0.000000 0.981218 0.192904
vn 0.000000 -0.035499 0.999370
vn 0.000000 0.980465 0.196693
vn -0.854535 0.452819 0.254411
vn 0.106303 0.810923 0.575416
vn -0.825808 0.555806 0.095501
vn 0.287802 0.344702 0.893505
vn 0.702693 0.708293 0.067399
vn 0.101299 0.165499 0.980994
vn 0.053499 0.998376 0.019600
vn 0.435006 -0.081701 0.896713
vn 0.860209 0.006100 0.509905
vn 0.425913 0.895127 -0.131704
vn 0.854535 0.452819 0.254411
vn -0.106303 0.810923 0.575416
vn 0.825808 0.555806 0.095501
vn -0.287802 0.344702 0.893505
vn -0.325108 -0.225405 -0.918421
vn -0.325108 -0.225405 -0.918421
vn 0.339606 -0.927116 -0.158503
vn 0.316895 0.067099 -0.946084
vn 0.316895 0.067099 -0.946084
vn -0.069497 -0.995860 -0.058598
vn -0.069497 -0.995860 -0.058598
vn -0.542983 -0.777575 -0.317090
vn -0.542983 -0.777575 -0.317090
vn 0.000000 -0.991697 0.128600
vn 0.000000 -0.991697 0.128600
vn -0.096402 0.080002 -0.992122
vn -0.096402 0.080002 -0.992122
vn -0.000000 0.053598 -0.998563
vn -0.000000 0.053598 -0.998563
vn -0.000000 -0.993697 0.112100
vn 0.000000 0.034400 -0.999408
vn -0.475301 -0.484201 -0.734601
vn -0.475301 -0.484201 -0.734601
vn 0.591987 -0.399991 -0.699685
vn -0.473989 -0.313893 -0.822682
vn -0.473989 -0.313893 -0.822682
vn 0.703887 -0.683787 -0.192296
vn 0.325108 -0.225405 -0.918421
vn 0.325108 -0.225405 -0.918421
vn -0.339606 -0.927116 -0.158503
vn -0.316895 0.067099 -0.946084
vn -0.316895 0.067099 -0.946084
vn 0.069497 -0.995860 -0.058598
vn 0.069497 -0.995860 -0.058598
vn 0.542983 -0.777575 -0.317090
vn 0.542983 -0.777575 -0.317090
vn 0.096402 0.080002 -0.992122
vn 0.096402 0.080002 -0.992122
vn 0.475301 -0.484201 -0.734601
vn 0.475301 -0.484201 -0.734601
vn -0.591987 -0.399991 -0.699685
vn 0.473989 -0.313893 -0.822682
vn 0.473989 -0.313893 -0.822682
vn -0.703887 -0.683787 -0.192296
vn -0.783525 -0.605219 -0.140705
vn -0.783525 -0.605219 -0.140705
vn 0.697313 -0.642112 -0.318506
vn 0.697313 -0.642112 -0.318506
vn -0.586715 -0.809720 -0.010900
vn -0.586715 -0.809720 -0.010900
vn 0.544583 -0.305790 -0.780975
vn 0.544583 -0.305790 -0.780975
vn -0.374498 -0.821495 0.429997
vn -0.374498 -0.821495 0.429997
vn 0.511508 -0.809112 0.289304
vn 0.511508 -0.809112 0.289304
vn -0.406700 0.911899 0.055100
vn 0.458912 0.887124 -0.049101
vn 0.573079 -0.794571 -0.200593
vn 0.573079 -0.794571 -0.200593
vn -0.737323 -0.300109 -0.605219
vn -0.737323 -0.300109 -0.605219
vn -0.395307 0.041401 0.917616
vn 0.609633 0.014901 0.792543
vn -0.956517 0.125902 0.263105
vn 0.996338 0.085503 0.000200
vn -0.783525 -0.605219 0.140705
vn -0.783525 -0.605219 0.140705
vn 0.697313 -0.642112 0.318506
vn 0.697313 -0.642112 0.318506
vn -0.586715 -0.809720 0.010900
vn -0.586715 -0.809720 0.010900
vn 0.544583 -0.305790 0.780975
vn 0.544583 -0.305790 0.780975
vn -0.374514 -0.821530 -0.429916
vn -0.374514 -0.821530 -0.429916
vn 0.511508 -0.809112 -0.289304
vn 0.511508 -0.809112 -0.289304
vn -0.406700 0.911899 -0.055100
vn 0.458912 0.887124 0.049101
vn 0.573079 -0.794571 0.200593
vn 0.573079 -0.794571 0.200593
vn -0.737323 -0.300109 0.605219
vn -0.737323 -0.300109 0.605219
vn -0.395307 0.041401 -0.917616
vn 0.609633 0.014901 -0.792543
vn -0.956517 0.125902 -0.263105
vn 0.996338 0.085503 -0.000200
vn 0.783525 -0.605219 -0.140705
vn 0.783525 -0.605219 -0.140705
vn -0.697313 -0.642112 -0.318506
vn -0.697313 -0.642112 -0.318506
vn 0.586715 -0.809720 -0.010900
vn 0.586715 -0.809720 -0.010900
vn -0.544583 -0.305790 -0.780975
vn -0.544583 -0.305790 -0.780975
vn 0.374514 -0.821530 0.429916
vn 0.374514 -0.821530 0.429916
vn -0.511508 -0.809112 0.289304
vn -0.511508 -0.809112 0.289304
vn 0.406700 0.911899 0.055100
vn -0.458912 0.887124 -0.049101
vn -0.573079 -0.794571 -0.200593
vn -0.573079 -0.794571 -0.200593
vn 0.737323 -0.300109 -0.605219
vn 0.737323 -0.300109 -0.605219
vn 0.395307 0.041401 0.917616
vn -0.609633 0.014901 0.792543
vn 0.956517 0.125902 0.263105
vn -0.996338 0.085503 0.000200
vn 0.783525 -0.605219 0.140705
vn 0.783525 -0.605219 0.140705
vn -0.697313 -0.642112 0.318506
vn -0.697313 -0.642112 0.318506
vn 0.586715 -0.809720 0.010900
vn 0.586715 -0.809720 0.010900
vn -0.544583 -0.305790 0.780975
vn -0.544583 -0.305790 0.780975
vn 0.374498 -0.821495 -0.429997
vn 0.374498 -0.821495 -0.429997
vn -0.511508 -0.809112 -0.289304
vn -0.511508 -0.809112 -0.289304
vn 0.406700 0.911899 -0.055100
vn -0.458912 0.887124 0.049101
vn -0.573079 -0.794571 0.200593
vn -0.573079 -0.794571 0.200593
vn 0.737323 -0.300109 0.605219
vn 0.737323 -0.300109 0.605219
vn 0.395307 0.041401 -0.917616
vn -0.609633 0.014901 -0.792543
vn 0.956517 0.125902 -0.263105
vn -0.996338 0.085503 -0.000200
vn 0.035401 -0.379711 0.924427
vn 0.035401 -0.379711 0.924427
vn -0.315505 -0.660510 -0.681310
vn -0.315505 -0.660510 -0.681310
vn 0.006500 -0.679316 0.733817
vn 0.006500 -0.679316 0.733817
vn -0.775995 -0.314398 -0.546796
vn -0.775995 -0.314398 -0.546796
vn 0.505806 -0.727609 0.463406
vn 0.505806 -0.727609 0.463406
vn 0.249309 -0.682224 -0.687325
vn 0.249309 -0.682224 -0.687325
vn 0.049299 0.912188 0.406795
vn -0.046800 0.884806 -0.463603
vn -0.399407 -0.560710 -0.725313
vn -0.399407 -0.560710 -0.725313
vn -0.611013 -0.295707 0.734316
vn -0.611013 -0.295707 0.734316
vn 0.912000 0.137100 0.386600
vn 0.791813 0.149402 -0.592209
vn -0.140705 -0.605219 -0.783525
vn -0.140705 -0.605219 -0.783525
vn -0.318506 -0.642112 0.697313
vn -0.318506 -0.642112 0.697313
vn -0.010900 -0.809720 -0.586715
vn -0.010900 -0.809720 -0.586715
vn -0.780975 -0.305790 0.544583
vn -0.780975 -0.305790 0.544583
vn 0.429916 -0.821530 -0.374514
vn 0.429916 -0.821530 -0.374514
vn 0.289304 -0.809112 0.511508
vn 0.289304 -0.809112 0.511508
vn 0.055100 0.911899 -0.406700
vn -0.049101 0.887124 0.458912
vn -0.200593 -0.794571 0.573079
vn -0.200593 -0.794571 0.573079
vn -0.605219 -0.300109 -0.737323
vn -0.605219 -0.300109 -0.737323
vn 0.917616 0.041401 -0.395307
vn 0.792543 0.014901 0.609633
vn 0.263105 0.125902 -0.956517
vn 0.000200 0.085503 0.996338
vn 0.140803 -0.605211 0.783514
vn 0.140803 -0.605211 0.783514
vn 0.318506 -0.642112 -0.697313
vn 0.318506 -0.642112 -0.697313
vn 0.010900 -0.809720 0.586715
vn 0.010900 -0.809720 0.586715
vn 0.780975 -0.305790 -0.544583
vn 0.780975 -0.305790 -0.544583
vn -0.429916 -0.821530 0.374514
vn -0.429916 -0.821530 0.374514
vn -0.289304 -0.809112 -0.511508
vn -0.289304 -0.809112 -0.511508
vn -0.055100 0.911899 0.406700
vn 0.049101 0.887124 -0.458912
vn 0.200593 -0.794571 -0.573079
vn 0.200593 -0.794571 -0.573079
vn 0.605219 -0.300109 0.737323
vn 0.605219 -0.300109 0.737323
vn -0.917616 0.041401 0.395307
vn -0.792543 0.014901 -0.609633
vn -0.263105 0.125902 0.956517
vn -0.000200 0.085603 -0.996329
vn 0.140705 -0.605219 -0.783525
vn 0.140705 -0.605219 -0.783525
vn 0.318506 -0.642112 0.697313
vn 0.318506 -0.642112 0.697313
vn 0.010900 -0.809720 -0.586715
vn 0.010900 -0.809720 -0.586715
vn 0.780975 -0.305790 0.544583
vn 0.780975 -0.305790 0.544583
vn -0.429916 -0.821530 -0.374514
vn -0.429916 -0.821530 -0.374514
vn -0.289304 -0.809112 0.511508
vn -0.289304 -0.809112 0.511508
vn -0.055100 0.911899 -0.406700
vn 0.049101 0.887124 0.458912
vn 0.200593 -0.794571 0.573079
vn 0.200593 -0.794571 0.573079
vn 0.605219 -0.300109 -0.737323
vn 0.605219 -0.300109 -0.737323
vn -0.917616 0.041401 -0.395307
vn -0.792543 0.014901 0.609633
vn -0.263105 0.125902 -0.956517
vn -0.000200 0.085503 0.996338
vn 0.063599 -0.509891 0.857885
vn 0.063599 -0.509891 0.857885
vn 0.537001 -0.595101 0.597901
vn 0.537001 -0.595101 0.597901
vn -0.687769 -0.535076 -0.490578
vn -0.687769 -0.535076 -0.490578
vn 0.114392 -0.473669 0.873242
vn 0.114392 -0.473669 0.873242
vn -0.894977 -0.377390 -0.237894
vn -0.894977 -0.377390 -0.237894
vn 0.643618 -0.674318 0.362010
vn 0.643618 -0.674318 0.362010
vn 0.069800 -0.809105 -0.583504
vn 0.069800 -0.809105 -0.583504
vn 0.211711 0.915047 0.343318
vn -0.213605 0.892523 -0.397210
vn -0.405984 -0.794569 -0.451483
vn -0.405984 -0.794569 -0.451483
vn -0.190999 -0.394798 0.898696
vn -0.190999 -0.394798 0.898696
vn -0.266800 -0.631301 -0.728201
vn -0.266800 -0.631301 -0.728201
vn 0.974339 0.223009 -0.030501
vn 0.500120 0.023601 -0.865635
vn -0.380006 0.096702 -0.919915
vn 0.172106 -0.605223 -0.777229
vn 0.172106 -0.605223 -0.777229
vn -0.562685 -0.642083 0.520686
vn -0.562685 -0.642083 0.520686
vn 0.216005 -0.809720 -0.545614
vn 0.216005 -0.809720 -0.545614
vn -0.930525 -0.305808 0.201505
vn -0.930525 -0.305808 0.201505
vn 0.541025 -0.821538 -0.179908
vn 0.541025 -0.821538 -0.179908
vn 0.069800 -0.809105 0.583504
vn 0.069800 -0.809105 0.583504
vn 0.207603 0.911911 -0.354004
vn -0.222207 0.887127 0.404512
vn -0.406017 -0.794532 0.451518
vn -0.406017 -0.794532 0.451518
vn -0.274305 -0.300105 -0.913616
vn -0.274305 -0.300105 -0.913616
vn 0.999080 0.041399 -0.011200
vn 0.496385 0.014900 0.867974
vn 0.611372 0.125894 -0.781265
vn -0.384102 0.085700 0.919305
vn -0.172106 -0.605223 0.777229
vn -0.172106 -0.605223 0.777229
vn 0.562685 -0.642083 -0.520686
vn 0.562685 -0.642083 -0.520686
vn -0.216101 -0.809703 0.545602
vn -0.216101 -0.809703 0.545602
vn 0.930525 -0.305808 -0.201505
vn 0.930525 -0.305808 -0.201505
vn -0.541025 -0.821538 0.179908
vn -0.541025 -0.821538 0.179908
vn -0.069800 -0.809105 -0.583504
vn -0.069800 -0.809105 -0.583504
vn -0.207603 0.911911 0.354004
vn 0.222207 0.887127 -0.404512
vn 0.405984 -0.794569 -0.451483
vn 0.405984 -0.794569 -0.451483
vn 0.274305 -0.300105 0.913616
vn 0.274305 -0.300105 0.913616
vn -0.999080 0.041399 0.011200
vn -0.496385 0.014900 -0.867974
vn -0.611405 0.126101 0.781206
vn 0.383598 0.085900 -0.919496
vn -0.172106 -0.605223 -0.777229
vn -0.172106 -0.605223 -0.777229
vn 0.562685 -0.642083 0.520686
vn 0.562685 -0.642083 0.520686
vn -0.216005 -0.809720 -0.545614
vn -0.216005 -0.809720 -0.545614
vn 0.930525 -0.305808 0.201505
vn 0.930525 -0.305808 0.201505
vn -0.541025 -0.821538 -0.179908
vn -0.541025 -0.821538 -0.179908
vn -0.069800 -0.809105 0.583504
vn -0.069800 -0.809105 0.583504
vn -0.207603 0.911911 -0.354004
vn 0.222207 0.887127 0.404512
vn 0.405984 -0.794569 0.451483
vn 0.405984 -0.794569 0.451483
vn 0.274305 -0.300105 -0.913616
vn 0.274305 -0.300105 -0.913616
vn -0.999081 0.041399 -0.011100
vn -0.496385 0.014900 0.867974
vn -0.611294 0.126099 -0.781293
vn 0.384194 0.085499 0.919285
vn 0.006700 -0.957515 -0.288305
vn -0.615300 -0.193400 0.764200
vn -0.615300 -0.193400 0.764200
vn -0.618571 0.102895 -0.778963
vn -0.618571 0.102895 -0.778963
vn -0.396312 0.910527 0.117803
vn -0.419498 0.891196 0.172599
vn -0.427000 0.784099 -0.450400
vn -0.388397 0.617495 0.683994
vn -0.268791 0.879069 0.393686
vn -0.082797 -0.239491 0.967362
vn -0.082797 -0.239491 0.967362
vn -0.087597 0.207194 -0.974370
vn -0.087597 0.207194 -0.974370
vn -0.272291 0.957067 -0.099397
vn -0.006700 -0.957515 -0.288305
vn 0.615300 -0.193400 0.764200
vn 0.615300 -0.193400 0.764200
vn 0.618571 0.102895 -0.778963
vn 0.618571 0.102895 -0.778963
vn 0.396312 0.910527 0.117803
vn 0.419498 0.891196 0.172599
vn 0.427000 0.784099 -0.450400
vn 0.388397 0.617495 0.683994
vn 0.268791 0.879069 0.393686
vn 0.082797 -0.239491 0.967362
vn 0.082797 -0.239491 0.967362
vn 0.087597 0.207194 -0.974370
vn 0.087597 0.207194 -0.974370
vn 0.272291 0.957067 -0.099397
vn -0.522095 0.849592 0.074899
vn -0.452512 0.885824 0.102703
vn -0.889749 -0.442975 -0.110094
vn -0.889749 -0.442975 -0.110094
vn -0.501597 0.861695 0.076700
vn 0.005000 -0.983082 -0.183097
vn 0.522095 0.849592 0.074899
vn 0.452512 0.885824 0.102703
vn 0.889749 -0.442975 -0.110094
vn 0.889749 -0.442975 -0.110094
vn 0.501597 0.861695 0.076700
vn -0.005000 -0.983082 -0.183097
vn -0.615300 -0.193400 -0.764200
vn -0.615300 -0.193400 -0.764200
vn -0.620372 0.101095 0.777765
vn -0.620372 0.101095 0.777765
vn -0.396312 0.910527 -0.117803
vn -0.419498 0.891196 -0.172599
vn -0.427000 0.784099 0.450400
vn -0.388397 0.617495 -0.683994
vn -0.268791 0.879069 -0.393686
vn -0.082797 -0.239491 -0.967362
vn -0.082797 -0.239491 -0.967362
vn -0.094503 0.198007 0.975634
vn -0.094503 0.198007 0.975634
vn -0.272291 0.957067 0.099397
vn 0.615300 -0.193400 -0.764200
vn 0.615300 -0.193400 -0.764200
vn 0.620372 0.101095 0.777765
vn 0.620372 0.101095 0.777765
vn 0.396312 0.910527 -0.117803
vn 0.419498 0.891196 -0.172599
vn 0.427000 0.784099 0.450400
vn 0.388397 0.617495 -0.683994
vn 0.268791 0.879069 -0.393686
vn 0.082797 -0.239491 -0.967362
vn 0.082797 -0.239491 -0.967362
vn 0.094503 0.198007 0.975634
vn 0.094503 0.198007 0.975634
vn 0.272291 0.957067 0.099397
vn -0.522095 0.849592 -0.074899
vn -0.452512 0.885824 -0.102703
vn -0.889579 -0.443290 0.110197
vn -0.889579 -0.443290 0.110197
vn -0.501597 0.861695 -0.076700
vn 0.005400 -0.983041 0.183308
vn 0.522095 0.849592 -0.074899
vn 0.452512 0.885824 -0.102703
vn 0.889579 -0.443290 0.110197
vn 0.889579 -0.443290 0.110197
vn 0.501597 0.861695 -0.076700
vn -0.005400 -0.983041 0.183308
vn -0.913631 0.382513 0.137705
vn -0.514686 0.772478 0.371990
vn -0.607699 0.785899 -0.114300
vn 0.884574 0.382489 -0.266892
vn 0.624402 0.772502 0.115600
vn 0.500189 0.785883 -0.363592
vn -0.807296 -0.587797 -0.052600
vn -0.807296 -0.587797 -0.052600
vn -0.485607 -0.248504 0.838112
vn -0.485607 -0.248504 0.838112
vn -0.686523 -0.037801 -0.726125
vn -0.686523 -0.037801 -0.726125
vn -0.503383 0.849272 0.159195
vn -0.503383 0.849272 0.159195
vn -0.426192 0.863683 0.269095
vn -0.462301 0.880802 0.102300
vn -0.462301 0.880802 0.102300
vn 0.706907 -0.587806 -0.393404
vn 0.706907 -0.587806 -0.393404
vn 0.797813 -0.248504 0.549309
vn 0.797813 -0.248504 0.549309
vn 0.309213 -0.037802 -0.950241
vn 0.309213 -0.037802 -0.950241
vn 0.523074 0.849258 -0.071796
vn 0.500387 0.863678 0.060598
vn 0.500387 0.863678 0.060598
vn 0.461592 0.880785 -0.105598
vn -0.742701 -0.540201 -0.395700
vn -0.742701 -0.540201 -0.395700
vn -0.794386 -0.229496 0.562390
vn -0.794386 -0.229496 0.562390
vn -0.328003 0.032800 -0.944107
vn -0.328003 0.032800 -0.944107
vn -0.533302 0.842404 -0.077100
vn -0.533302 0.842404 -0.077100
vn -0.507789 0.859581 0.057199
vn -0.507789 0.859581 0.057199
vn -0.468698 0.874796 -0.122699
vn 0.840603 -0.540202 -0.039600
vn 0.840603 -0.540202 -0.039600
vn 0.477082 -0.229491 0.848367
vn 0.477082 -0.229491 0.848367
vn 0.700701 0.032800 -0.712701
vn 0.700701 0.032800 -0.712701
vn 0.514996 0.842393 0.158599
vn 0.514996 0.842393 0.158599
vn 0.434393 0.859587 0.269096
vn 0.476102 0.874803 0.089700
vn 0.476102 0.874803 0.089700
vn -0.688908 0.382505 0.615707
vn -0.614795 0.772494 0.158999
vn -0.299695 0.785888 0.540891
vn 0.769912 0.382506 -0.510808
vn 0.309299 0.772498 -0.554599
vn 0.599091 0.785888 -0.153198
vn -0.474510 -0.587712 0.655313
vn -0.474510 -0.587712 0.655313
vn -0.955192 -0.248498 -0.160799
vn -0.955192 -0.248498 -0.160799
vn 0.121201 -0.037800 0.991908
vn 0.121201 -0.037800 0.991908
vn -0.443786 0.849272 0.285991
vn -0.443786 0.849272 0.285991
vn -0.479098 0.863697 0.156499
vn -0.479098 0.863697 0.156499
vn -0.373706 0.880815 0.290705
vn -0.373706 0.880815 0.290705
vn 0.753959 -0.587768 -0.293384
vn 0.753959 -0.587768 -0.293384
vn 0.086001 -0.248502 -0.964806
vn 0.086001 -0.248502 -0.964806
vn 0.929012 -0.037900 0.368105
vn 0.929012 -0.037900 0.368105
vn 0.388984 0.849266 -0.356986
vn 0.272591 0.863672 -0.423986
vn 0.272591 0.863672 -0.423986
vn 0.375804 0.880810 -0.288003
vn -0.778580 -0.540186 -0.319392
vn -0.778580 -0.540186 -0.319392
vn -0.073701 -0.229503 -0.970514
vn -0.073701 -0.229503 -0.970514
vn -0.936289 0.032800 0.349696
vn -0.936289 0.032800 0.349696
vn -0.399600 0.842400 -0.361500
vn -0.279898 0.859595 -0.427497
vn -0.279898 0.859595 -0.427497
vn -0.393504 0.874809 -0.282603
vn 0.505790 -0.540189 0.672586
vn 0.505790 -0.540189 0.672586
vn 0.957652 -0.229488 -0.173891
vn 0.957652 -0.229488 -0.173891
vn -0.101796 0.032799 0.994264
vn -0.101796 0.032799 0.994264
vn 0.450707 0.842413 0.295304
vn 0.450707 0.842413 0.295304
vn 0.484386 0.859574 0.162795
vn 0.484386 0.859574 0.162795
vn 0.372803 0.874807 0.309403
vn 0.002000 -0.664704 0.747104
vn -0.747104 -0.664704 0.002000
vn -0.747104 -0.664704 0.002000
vn -0.002000 -0.664704 -0.747104
vn 0.747104 -0.664704 -0.002000
vn 0.747104 -0.664704 -0.002000
vn -0.001400 -0.840579 -0.541687
vn -0.002100 0.618994 -0.785393
vn 0.541687 -0.840579 -0.001400
vn 0.541687 -0.840579 -0.001400
vn 0.785393 0.618994 -0.002100
vn 0.785393 0.618994 -0.002100
vn 0.001400 -0.840579 0.541687
vn 0.002100 0.618994 0.785393
vn -0.541687 -0.840579 0.001400
vn -0.541687 -0.840579 0.001400
vn -0.785393 0.618994 0.002100
vn -0.785393 0.618994 0.002100
vn -0.001500 0.832188 -0.554492
vn 0.554677 0.832065 -0.001500
vn 0.554677 0.832065 -0.001500
vn 0.001400 0.831988 0.554792
vn -0.554607 0.832111 0.001400
vn -0.554607 0.832111 0.001400
vn -0.000400 0.985582 -0.169197
vn 0.168906 0.985632 -0.000500
vn 0.168906 0.985632 -0.000500
vn 0.000400 0.985652 0.168792
vn -0.169100 0.985599 0.000400
vn -0.169100 0.985599 0.000400
vn -0.000700 0.958768 -0.284190
vn 0.284190 0.958768 -0.000700
vn 0.284190 0.958768 -0.000700
vn 0.000700 0.958768 0.284190
vn -0.284190 0.958768 0.000700
vn -0.284190 0.958768 0.000700
vn 0.002400 0.363116 0.931741
vn -0.000100 0.999782 -0.020900
vn -0.931741 0.363116 0.002400
vn -0.931741 0.363116 0.002400
vn 0.020900 0.999782 -0.000100
vn 0.020900 0.999782 -0.000100
vn -0.002400 0.363116 -0.931741
vn 0.000100 0.999782 0.020900
vn 0.931741 0.363116 -0.002400
vn 0.931741 0.363116 -0.002400
vn -0.020900 0.999782 0.000100
vn -0.020900 0.999782 0.000100
vn -0.001800 0.884243 -0.467023
vn 0.000600 0.981669 0.190594
vn 0.441322 0.897344 -0.003000
vn 0.441322 0.897344 -0.003000
vn -0.198000 0.980201 0.001100
vn -0.198000 0.980201 0.001100
vn 0.000600 0.904165 0.427183
vn -0.000400 0.979263 -0.202592
vn -0.451808 0.892115 -0.000800
vn -0.451808 0.892115 -0.000800
vn 0.194808 0.980841 0.000100
vn 0.194808 0.980841 0.000100
vn -0.000100 -0.999058 -0.043398
vn 0.043398 -0.999058 -0.000100
vn 0.043398 -0.999058 -0.000100
vn 0.000100 -0.999058 0.043398
vn -0.043398 -0.999058 0.000100
vn -0.043398 -0.999058 0.000100
vn -0.414892 -0.844483 -0.338693
vn -0.606897 0.621497 -0.495397
vn -0.340804 -0.844510 -0.413105
vn -0.498589 0.621487 -0.604287
vn -0.253706 -0.844521 -0.471612
vn -0.371111 0.621519 -0.689921
vn -0.144700 -0.842499 -0.518900
vn -0.211210 0.620128 -0.755534
vn -0.002600 -0.106402 -0.994320
vn -0.002600 -0.106402 -0.994320
vn 0.141996 -0.842475 -0.519685
vn 0.207210 0.620131 -0.756638
vn 0.251199 -0.844495 -0.472997
vn 0.367492 0.621486 -0.691885
vn 0.338693 -0.844483 -0.414892
vn 0.495397 0.621497 -0.606897
vn 0.413105 -0.844510 -0.340804
vn 0.604287 0.621487 -0.498589
vn 0.471612 -0.844521 -0.253706
vn 0.689921 0.621519 -0.371111
vn 0.518900 -0.842499 -0.144700
vn 0.755534 0.620128 -0.211210
vn 0.994320 -0.106402 -0.002600
vn 0.994320 -0.106402 -0.002600
vn 0.994320 -0.106402 -0.002600
vn 0.994320 -0.106402 -0.002600
vn 0.519685 -0.842475 0.141996
vn 0.756638 0.620131 0.207210
vn 0.472997 -0.844495 0.251199
vn 0.691885 0.621486 0.367492
vn 0.414892 -0.844483 0.338693
vn 0.606897 0.621497 0.495397
vn 0.340804 -0.844510 0.413105
vn 0.498589 0.621487 0.604287
vn 0.253706 -0.844521 0.471612
vn 0.371111 0.621519 0.689921
vn 0.144700 -0.842499 0.518900
vn 0.211210 0.620128 0.755534
vn 0.002600 -0.106402 0.994320
vn 0.002600 -0.106402 0.994320
vn -0.141996 -0.842475 0.519685
vn -0.207210 0.620131 0.756638
vn -0.251199 -0.844495 0.472997
vn -0.367492 0.621486 0.691885
vn -0.338693 -0.844483 0.414892
vn -0.495397 0.621497 0.606897
vn -0.413105 -0.844510 0.340804
vn -0.604287 0.621487 0.498589
vn -0.471612 -0.844521 0.253706
vn -0.689921 0.621519 0.371111
vn -0.518900 -0.842499 0.144700
vn -0.755534 0.620128 0.211210
vn -0.994320 -0.106402 0.002600
vn -0.994320 -0.106402 0.002600
vn -0.994320 -0.106402 0.002600
vn -0.994320 -0.106402 0.002600
vn -0.519685 -0.842475 -0.141996
vn -0.756638 0.620131 -0.207210
vn -0.472997 -0.844495 -0.251199
vn -0.691885 0.621486 -0.367492
vn -0.427087 0.834274 -0.348689
vn -0.350888 0.834272 -0.425286
vn -0.261201 0.834303 -0.485502
vn -0.148692 0.833157 -0.532673
vn 0.145890 0.833145 -0.533465
vn 0.258600 0.834299 -0.486900
vn 0.348689 0.834274 -0.427087
vn 0.425321 0.834242 -0.350917
vn 0.485619 0.834232 -0.261210
vn 0.532789 0.833082 -0.148697
vn 0.533697 0.832995 0.145899
vn 0.487121 0.834136 0.258711
vn 0.427307 0.834113 0.348805
vn 0.351092 0.834082 0.425491
vn 0.261300 0.834099 0.485799
vn 0.148701 0.833007 0.532905
vn -0.145899 0.832995 0.533697
vn -0.258711 0.834136 0.487121
vn -0.348805 0.834113 0.427307
vn -0.425388 0.834177 0.350990
vn -0.485695 0.834192 0.261197
vn -0.532789 0.833082 0.148697
vn -0.533509 0.833115 -0.145903
vn -0.486900 0.834299 -0.258600
vn -0.133395 0.985062 -0.108896
vn -0.109596 0.985066 -0.132795
vn -0.081596 0.985054 -0.151693
vn -0.046101 0.985315 -0.164403
vn 0.045200 0.985307 -0.164701
vn 0.080797 0.985058 -0.152094
vn 0.108896 0.985062 -0.133395
vn 0.132699 0.985089 -0.109499
vn 0.151499 0.985092 -0.081499
vn 0.164208 0.985348 -0.046102
vn 0.164394 0.985363 0.045098
vn 0.151803 0.985119 0.080602
vn 0.133103 0.985123 0.108703
vn 0.109403 0.985126 0.132504
vn 0.081402 0.985130 0.151305
vn 0.045999 0.985388 0.163998
vn -0.045099 0.985379 0.164297
vn -0.080602 0.985119 0.151803
vn -0.108701 0.985110 0.133201
vn -0.132602 0.985113 0.109401
vn -0.151500 0.985100 0.081400
vn -0.164209 0.985352 0.046002
vn -0.164604 0.985324 -0.045201
vn -0.151996 0.985073 -0.080798
vn -0.000600 0.971778 -0.235895
vn 0.236390 0.971658 -0.000600
vn 0.236390 0.971658 -0.000600
vn 0.000600 0.971584 0.236696
vn -0.236201 0.971704 0.000600
vn -0.236201 0.971704 0.000600
vn 0.568606 -0.672807 0.473305
vn 0.479804 -0.656905 0.581605
vn 0.357199 -0.656898 0.663998
vn 0.201898 -0.660694 0.722994
vn -0.198106 -0.660719 0.724020
vn -0.353692 -0.656886 0.665885
vn -0.476793 -0.656891 0.584092
vn -0.581605 -0.656905 0.479804
vn -0.663998 -0.656898 0.357199
vn -0.722994 -0.660694 0.201898
vn -0.724020 -0.660719 -0.198106
vn -0.665885 -0.656886 -0.353692
vn -0.584092 -0.656891 -0.476793
vn -0.479804 -0.656905 -0.581605
vn -0.357199 -0.656898 -0.663998
vn -0.201898 -0.660694 -0.722994
vn 0.198106 -0.660719 -0.724020
vn 0.353692 -0.656886 -0.665885
vn 0.476793 -0.656891 -0.584092
vn 0.581605 -0.656905 -0.479804
vn 0.663998 -0.656898 -0.357199
vn 0.722994 -0.660694 -0.201898
vn 0.710784 -0.678484 0.185596
vn 0.635799 -0.692198 0.341499
vn 0.000400 -0.989923 0.141603
vn -0.141603 -0.989923 0.000400
vn -0.141603 -0.989923 0.000400
vn -0.000400 -0.989923 -0.141603
vn 0.141603 -0.989923 -0.000400
vn 0.141603 -0.989923 -0.000400
vn -0.251200 0.958699 -0.133400
vn -0.274302 0.958707 -0.075101
vn -0.273903 0.958710 0.076501
vn -0.250497 0.958687 0.134798
vn -0.219400 0.958699 0.181000
vn -0.179896 0.958678 0.220395
vn -0.133400 0.958699 0.251200
vn -0.075101 0.958707 0.274302
vn 0.076501 0.958710 0.273903
vn 0.134798 0.958687 0.250497
vn 0.181000 0.958699 0.219400
vn 0.220395 0.958678 0.179896
vn 0.251200 0.958699 0.133400
vn 0.274302 0.958707 0.075101
vn 0.273903 0.958710 -0.076501
vn 0.250497 0.958687 -0.134798
vn 0.219400 0.958699 -0.181000
vn 0.179896 0.958678 -0.220395
vn 0.133400 0.958699 -0.251200
vn 0.075101 0.958707 -0.274302
vn -0.076501 0.958710 -0.273903
vn -0.134798 0.958687 -0.250497
vn -0.181000 0.958699 -0.219400
vn -0.220395 0.958678 -0.179896
vn -0.008900 0.999934 -0.007200
vn 0.722592 0.360396 0.589894
vn -0.007300 0.999935 -0.008800
vn 0.593621 0.360413 0.719525
vn -0.005400 0.999934 -0.010100
vn 0.441894 0.360395 0.821489
vn -0.003800 0.999870 -0.015700
vn 0.250596 0.361694 0.897986
vn 0.001500 0.819696 0.572797
vn 0.003700 0.999868 -0.015800
vn -0.245896 0.361694 0.899285
vn 0.005400 0.999934 -0.010100
vn -0.437594 0.360395 0.823788
vn 0.007200 0.999934 -0.008900
vn -0.589894 0.360396 0.722592
vn 0.008800 0.999935 -0.007300
vn -0.719525 0.360413 0.593621
vn 0.010100 0.999934 -0.005400
vn -0.821489 0.360395 0.441894
vn 0.015799 0.999868 -0.003800
vn -0.897986 0.361694 0.250596
vn -0.572797 0.819696 0.001500
vn -0.572797 0.819696 0.001500
vn 0.015800 0.999868 0.003700
vn -0.899285 0.361694 -0.245896
vn 0.010100 0.999934 0.005400
vn -0.823788 0.360395 -0.437594
vn 0.008900 0.999934 0.007200
vn -0.722592 0.360396 -0.589894
vn 0.007300 0.999935 0.008800
vn -0.593621 0.360413 -0.719525
vn 0.005400 0.999934 0.010100
vn -0.441894 0.360395 -0.821489
vn 0.003800 0.999870 0.015700
vn -0.250596 0.361694 -0.897986
vn -0.001500 0.819696 -0.572797
vn -0.003700 0.999868 0.015800
vn 0.245896 0.361694 -0.899285
vn -0.005400 0.999934 0.010100
vn 0.437594 0.360395 -0.823788
vn -0.007200 0.999934 0.008900
vn 0.589894 0.360396 -0.722592
vn -0.008800 0.999935 0.007300
vn 0.719525 0.360413 -0.593621
vn -0.010100 0.999934 0.005400
vn 0.821489 0.360395 -0.441894
vn -0.015799 0.999868 0.003800
vn 0.897986 0.361694 -0.250596
vn 0.572797 0.819696 -0.001500
vn 0.572797 0.819696 -0.001500
vn -0.015800 0.999868 -0.003700
vn 0.899285 0.361694 0.245896
vn -0.010100 0.999934 -0.005400
vn 0.823788 0.360395 0.437594
vn 0.002600 0.054002 0.998537
vn -0.998537 0.054002 0.002600
vn -0.998537 0.054002 0.002600
vn -0.002600 0.054002 -0.998537
vn 0.998537 0.054002 -0.002600
vn 0.998537 0.054002 -0.002600
vn 0.000100 0.996415 0.084601
vn 0.087100 0.996199 -0.000600
vn 0.087100 0.996199 -0.000600
vn -0.000100 0.990955 -0.134194
vn 0.102899 0.994692 0.000400
vn 0.102899 0.994692 0.000400
vn 0.000400 0.996346 0.085404
vn -0.115698 0.993284 0.001100
vn -0.115698 0.993284 0.001100
vn 0.175600 0.980002 0.093600
vn 0.189494 0.980467 0.052698
vn 0.192698 0.979788 -0.053699
vn 0.180504 0.978819 -0.096602
vn 0.159191 0.978546 -0.130793
vn 0.131302 0.978312 -0.160202
vn 0.097900 0.978095 -0.183699
vn 0.054898 0.978665 -0.197993
vn -0.055898 0.978466 -0.198693
vn -0.099396 0.977757 -0.184692
vn -0.133406 0.977846 -0.161308
vn -0.161799 0.977996 -0.131699
vn -0.183597 0.978184 -0.097198
vn -0.196007 0.979136 -0.053602
vn -0.192207 0.979834 0.054602
vn -0.177505 0.979426 0.096003
vn -0.154495 0.979668 0.127996
vn -0.125899 0.979891 0.154799
vn -0.092897 0.980070 0.175595
vn -0.051500 0.980895 0.187599
vn 0.052497 0.981053 0.186491
vn 0.093297 0.980370 0.173695
vn 0.125599 0.980290 0.152499
vn 0.153394 0.980164 0.125495
vn -0.352216 0.890339 -0.288513
vn -0.290710 0.889230 -0.353212
vn -0.217106 0.888526 -0.404212
vn -0.124301 0.886006 -0.446703
vn 0.120400 0.887500 -0.444800
vn 0.211993 0.891172 -0.401087
vn 0.284087 0.892758 -0.349683
vn 0.343993 0.894581 -0.285294
vn 0.389604 0.896509 -0.210902
vn 0.426083 0.896664 -0.120195
vn 0.417495 0.901689 0.112499
vn 0.375506 0.905313 0.198503
vn 0.327497 0.906491 0.266497
vn 0.267800 0.907399 0.323900
vn 0.198697 0.907985 0.368894
vn 0.113397 0.906277 0.407190
vn -0.112596 0.905070 0.410086
vn -0.199404 0.905818 0.373807
vn -0.270492 0.904474 0.329790
vn -0.332288 0.902868 0.272790
vn -0.382402 0.901104 0.204401
vn -0.426491 0.896880 0.117097
vn -0.436700 0.891500 -0.120500
vn -0.399184 0.891765 -0.213092
vn -0.088904 0.996040 -0.000100
vn -0.088904 0.996040 -0.000100
vn -0.000300 0.995778 -0.091798
vn -0.038901 -0.999025 -0.020901
vn -0.039400 -0.999092 -0.016200
vn -0.041898 -0.999053 0.011699
vn -0.038398 -0.999050 0.020599
vn -0.033598 -0.999052 0.027699
vn -0.027599 -0.999048 0.033798
vn -0.020399 -0.999050 0.038498
vn -0.011499 -0.999056 0.041898
vn 0.011699 -0.999053 0.041898
vn 0.020599 -0.999050 0.038398
vn 0.027699 -0.999052 0.033598
vn 0.033798 -0.999048 0.027599
vn 0.038498 -0.999050 0.020399
vn 0.041898 -0.999056 0.011499
vn 0.041898 -0.999053 -0.011699
vn 0.038398 -0.999050 -0.020599
vn 0.033598 -0.999052 -0.027699
vn 0.027599 -0.999051 -0.033698
vn 0.020399 -0.999050 -0.038498
vn 0.011499 -0.999056 -0.041898
vn -0.011699 -0.999053 -0.041898
vn -0.020599 -0.999050 -0.038398
vn -0.027699 -0.999052 -0.033598
vn -0.036199 -0.999078 -0.023099
vn 0.994974 -0.100097 -0.002600
vn 0.994974 -0.100097 -0.002600
vn 0.994974 -0.100097 -0.002600
vn 0.994974 -0.100097 -0.002600
vn -0.002600 -0.100097 -0.994974
vn -0.002600 -0.100097 -0.994974
vn -0.994974 -0.100097 0.002600
vn -0.994974 -0.100097 0.002600
vn -0.994974 -0.100097 0.002600
vn -0.994974 -0.100097 0.002600
vn 0.002600 -0.100097 0.994974
vn 0.002600 -0.100097 0.994974
vn -0.000500 -0.983795 -0.179299
vn 0.005600 -0.999984 -0.000000
vn 0.005600 -0.999984 -0.000000
vn 0.179299 -0.983795 -0.000500
vn 0.179299 -0.983795 -0.000500
vn 0.000100 -0.999556 0.029799
vn -0.029799 -0.999556 0.000100
vn -0.029799 -0.999556 0.000100
vn -0.000100 -0.999556 -0.029799
vn 0.029799 -0.999556 -0.000100
vn 0.029799 -0.999556 -0.000100
vn -0.005600 -0.999984 0.000000
vn -0.005600 -0.999984 0.000000
vn -0.179299 -0.983795 0.000500
vn -0.179299 -0.983795 0.000500
vn -0.000000 -0.999984 -0.005600
vn 0.000500 -0.983795 0.179299
vn 0.000000 -0.999984 0.005600
vn -0.770090 -0.108199 -0.628692
vn -0.770090 -0.108199 -0.628692
vn -0.632700 -0.108200 -0.766800
vn -0.632700 -0.108200 -0.766800
vn -0.470911 -0.108202 -0.875520
vn -0.470911 -0.108202 -0.875520
vn -0.268707 -0.107303 -0.957226
vn -0.268707 -0.107303 -0.957226
vn 0.263612 -0.107305 -0.958642
vn 0.263612 -0.107305 -0.958642
vn 0.466294 -0.108199 -0.877988
vn 0.466294 -0.108199 -0.877988
vn 0.628692 -0.108199 -0.770090
vn 0.628692 -0.108199 -0.770090
vn 0.766800 -0.108200 -0.632700
vn 0.766800 -0.108200 -0.632700
vn 0.875520 -0.108202 -0.470911
vn 0.875520 -0.108202 -0.470911
vn 0.957226 -0.107303 -0.268707
vn 0.957226 -0.107303 -0.268707
vn 0.958642 -0.107305 0.263612
vn 0.958642 -0.107305 0.263612
vn 0.877988 -0.108199 0.466294
vn 0.877988 -0.108199 0.466294
vn 0.770090 -0.108199 0.628692
vn 0.770090 -0.108199 0.628692
vn 0.632700 -0.108200 0.766800
vn 0.632700 -0.108200 0.766800
vn 0.470911 -0.108202 0.875520
vn 0.470911 -0.108202 0.875520
vn 0.268707 -0.107303 0.957226
vn 0.268707 -0.107303 0.957226
vn -0.263612 -0.107305 0.958642
vn -0.263612 -0.107305 0.958642
vn -0.466294 -0.108199 0.877988
vn -0.466294 -0.108199 0.877988
vn -0.628692 -0.108199 0.770090
vn -0.628692 -0.108199 0.770090
vn -0.766800 -0.108200 0.632700
vn -0.766800 -0.108200 0.632700
vn -0.875520 -0.108202 0.470911
vn -0.875520 -0.108202 0.470911
vn -0.957226 -0.107303 0.268707
vn -0.957226 -0.107303 0.268707
vn -0.958642 -0.107305 -0.263612
vn -0.958642 -0.107305 -0.263612
vn -0.877988 -0.108199 -0.466294
vn -0.877988 -0.108199 -0.466294
vn -0.178102 0.973210 -0.145402
vn -0.170404 -0.984224 -0.047601
vn -0.146303 0.973221 -0.177304
vn -0.108903 0.973228 -0.202406
vn -0.154498 -0.984585 -0.081999
vn -0.062300 0.972503 -0.224401
vn 0.002000 -0.999995 0.002400
vn 0.001300 -0.999999 -0.000200
vn 0.061099 0.972488 -0.224797
vn -0.001300 -0.999999 -0.000200
vn 0.107803 0.973225 -0.203005
vn 0.046602 -0.984133 -0.171206
vn 0.145402 0.973210 -0.178102
vn 0.002400 -0.999995 0.002000
vn 0.177398 0.973189 -0.146398
vn 0.082300 -0.984496 -0.154899
vn 0.202595 0.973178 -0.108997
vn 0.224801 0.972405 -0.062400
vn 0.002800 -0.999995 -0.001500
vn 0.110901 -0.984509 -0.135801
vn 0.135300 -0.984500 -0.111600
vn 0.225291 0.972361 0.061298
vn 0.203594 0.973070 0.108097
vn 0.002400 -0.999995 -0.002000
vn 0.178593 0.973062 0.145794
vn 0.154401 -0.984507 -0.083101
vn 0.146693 0.973055 0.177892
vn 0.170907 -0.984141 -0.047502
vn 0.109205 0.973047 0.203110
vn 0.001300 -0.999999 0.000200
vn 0.062500 0.972306 0.225201
vn 0.002000 -0.999995 -0.002400
vn -0.061301 0.972312 0.225503
vn -0.002800 -0.999995 0.001500
vn -0.108097 0.973070 0.203594
vn 0.001500 -0.999995 -0.002800
vn -0.145699 0.973093 0.178499
vn 0.171206 -0.984133 0.046602
vn -0.177701 0.973104 0.146601
vn 0.154899 -0.984496 0.082300
vn -0.202805 0.973122 0.109102
vn -0.002400 -0.999995 0.002000
vn -0.224801 0.972405 0.062400
vn 0.000200 -0.999999 0.001300
vn 0.135801 -0.984509 0.110901
vn 0.111600 -0.984500 0.135300
vn -0.224891 0.972460 -0.061197
vn -0.002000 -0.999995 0.002400
vn -0.203005 0.973225 -0.107803
vn 0.773549 0.053903 0.631440
vn 0.963093 0.054000 0.263698
vn 0.961708 0.054000 -0.268702
vn 0.879409 0.053901 -0.473005
vn 0.770210 0.053901 -0.635508
vn 0.631440 0.053903 -0.773549
vn 0.468388 0.053899 -0.881877
vn 0.263698 0.054000 -0.963093
vn -0.268702 0.054000 -0.961708
vn -0.473005 0.053901 -0.879409
vn -0.635508 0.053901 -0.770210
vn -0.773549 0.053903 -0.631440
vn -0.881877 0.053899 -0.468388
vn -0.963093 0.054000 -0.263698
vn -0.961708 0.054000 0.268702
vn -0.879409 0.053901 0.473005
vn -0.770210 0.053901 0.635508
vn -0.631440 0.053903 0.773549
vn -0.468388 0.053899 0.881877
vn -0.263698 0.054000 0.963093
vn 0.268702 0.054000 0.961708
vn 0.473005 0.053901 0.879409
vn 0.635508 0.053901 0.770210
vn 0.881877 0.053899 0.468388
vn 0.448887 0.814976 0.366489
vn 0.368791 0.814981 0.446989
vn 0.274489 0.814966 0.510379
vn 0.155193 0.817263 0.554975
vn -0.152293 0.817264 0.555776
vn -0.271795 0.814984 0.511790
vn -0.366489 0.814976 0.448887
vn -0.446989 0.814981 0.368791
vn -0.510379 0.814966 0.274489
vn -0.554975 0.817263 0.155193
vn -0.555776 0.817264 -0.152293
vn -0.511790 0.814984 -0.271795
vn -0.448887 0.814976 -0.366489
vn -0.368791 0.814981 -0.446989
vn -0.274489 0.814966 -0.510379
vn -0.155193 0.817263 -0.554975
vn 0.152293 0.817264 -0.555776
vn 0.271795 0.814984 -0.511790
vn 0.366489 0.814976 -0.448887
vn 0.446989 0.814981 -0.368791
vn 0.510379 0.814966 -0.274489
vn 0.554975 0.817263 -0.155193
vn 0.555776 0.817264 0.152293
vn 0.511790 0.814984 0.271795
vn -0.022500 0.996395 0.081800
vn 0.022701 0.996431 0.081303
vn 0.040001 0.996433 0.074302
vn 0.053901 0.996415 0.065201
vn 0.065899 0.996386 0.053599
vn 0.075504 0.996347 0.039902
vn 0.083099 0.996287 0.022500
vn 0.084602 0.996128 -0.023901
vn 0.077897 0.996068 -0.042199
vn -0.128096 0.989469 -0.067398
vn -0.126395 0.991362 -0.034999
vn -0.113102 0.993018 0.033501
vn -0.106601 0.992609 0.058001
vn -0.089697 0.993164 0.074697
vn -0.070797 0.993655 0.087396
vn -0.050698 0.994061 0.096296
vn -0.026300 0.995309 0.093101
vn 0.026101 0.995627 0.089702
vn 0.048600 0.994692 0.090699
vn 0.066302 0.994531 0.080702
vn 0.082598 0.994274 0.067798
vn 0.097101 0.993915 0.052001
vn 0.101401 0.994411 0.029400
vn 0.114105 0.992947 -0.032202
vn 0.117500 0.991104 -0.062500
vn 0.106804 0.990440 -0.087304
vn 0.090402 0.989823 -0.109903
vn 0.068998 0.989268 -0.128796
vn 0.038599 0.990067 -0.135195
vn -0.039799 0.989563 -0.138495
vn -0.072400 0.988306 -0.134201
vn -0.096197 0.988569 -0.116096
vn -0.115096 0.988963 -0.093297
vn -0.040098 0.996362 0.075197
vn -0.054301 0.996321 0.066301
vn -0.066698 0.996267 0.054798
vn -0.076601 0.996218 0.041001
vn -0.070198 0.995875 -0.057499
vn -0.084703 0.996134 0.023301
vn -0.058002 0.995831 -0.070402
vn -0.043300 0.995806 -0.080600
vn -0.024600 0.995781 -0.088398
vn -0.086497 0.995965 -0.023899
vn -0.079701 0.995912 -0.042501
vn 0.023901 0.995833 -0.088003
vn 0.042300 0.995897 -0.080000
vn 0.056703 0.995948 -0.069803
vn 0.068701 0.996008 -0.057000
vn 0.089504 -0.995045 0.043302
vn 0.125097 -0.991880 0.022900
vn 0.139506 -0.989441 -0.039302
vn 0.130397 -0.988974 -0.070198
vn 0.114197 -0.988973 -0.094297
vn 0.093697 -0.988972 -0.114697
vn 0.069498 -0.988970 -0.130796
vn 0.038602 -0.989440 -0.139706
vn -0.039302 -0.989441 -0.139506
vn -0.070198 -0.988974 -0.130397
vn -0.094297 -0.988973 -0.114197
vn -0.114697 -0.988972 -0.093697
vn -0.130796 -0.988970 -0.069498
vn -0.139706 -0.989440 -0.038602
vn -0.139506 -0.989441 0.039302
vn -0.130397 -0.988974 0.070198
vn -0.114197 -0.988973 0.094297
vn -0.093697 -0.988972 0.114697
vn -0.069498 -0.988970 0.130796
vn -0.038602 -0.989440 0.139706
vn 0.039302 -0.989441 0.139506
vn 0.070198 -0.988974 0.130397
vn 0.094297 -0.988973 0.114197
vn 0.095598 -0.991279 0.090698
vn 0.959693 -0.099899 0.262698
vn 0.959693 -0.099899 0.262698
vn 0.958309 -0.099901 -0.267702
vn 0.958309 -0.099901 -0.267702
vn 0.876306 -0.099801 -0.471303
vn 0.876306 -0.099801 -0.471303
vn 0.767516 -0.099802 -0.633213
vn 0.767516 -0.099802 -0.633213
vn 0.629205 -0.099801 -0.770806
vn 0.629205 -0.099801 -0.770806
vn 0.466727 -0.099806 -0.878752
vn 0.466727 -0.099806 -0.878752
vn 0.262698 -0.099899 -0.959693
vn 0.262698 -0.099899 -0.959693
vn -0.267702 -0.099901 -0.958309
vn -0.267702 -0.099901 -0.958309
vn -0.471303 -0.099801 -0.876306
vn -0.471303 -0.099801 -0.876306
vn -0.633213 -0.099802 -0.767516
vn -0.633213 -0.099802 -0.767516
vn -0.770806 -0.099801 -0.629205
vn -0.770806 -0.099801 -0.629205
vn -0.878752 -0.099806 -0.466727
vn -0.878752 -0.099806 -0.466727
vn -0.959693 -0.099899 -0.262698
vn -0.959693 -0.099899 -0.262698
vn -0.958309 -0.099901 0.267702
vn -0.958309 -0.099901 0.267702
vn -0.876306 -0.099801 0.471303
vn -0.876306 -0.099801 0.471303
vn -0.767516 -0.099802 0.633213
vn -0.767516 -0.099802 0.633213
vn -0.629205 -0.099801 0.770806
vn -0.629205 -0.099801 0.770806
vn -0.466727 -0.099806 0.878752
vn -0.466727 -0.099806 0.878752
vn -0.262698 -0.099899 0.959693
vn -0.262698 -0.099899 0.959693
vn 0.267702 -0.099901 0.958309
vn 0.267702 -0.099901 0.958309
vn 0.471303 -0.099801 0.876306
vn 0.471303 -0.099801 0.876306
vn 0.633213 -0.099802 0.767516
vn 0.633213 -0.099802 0.767516
vn 0.770806 -0.099801 0.629205
vn 0.770806 -0.099801 0.629205
vn 0.878752 -0.099806 0.466727
vn 0.878752 -0.099806 0.466727
vn 0.015900 -0.999789 0.013000
vn 0.013100 -0.999789 0.015800
vn 0.009700 -0.999789 0.018100
vn 0.006200 -0.999683 0.024400
vn -0.006100 -0.999684 0.024400
vn -0.009600 -0.999790 0.018100
vn -0.013000 -0.999789 0.015900
vn -0.015800 -0.999789 0.013100
vn -0.018100 -0.999789 0.009700
vn -0.024400 -0.999683 0.006200
vn -0.024400 -0.999684 -0.006100
vn -0.018100 -0.999790 -0.009600
vn -0.015900 -0.999789 -0.013000
vn -0.013100 -0.999789 -0.015800
vn -0.009700 -0.999789 -0.018100
vn -0.006200 -0.999683 -0.024400
vn 0.006100 -0.999684 -0.024400
vn 0.009600 -0.999790 -0.018100
vn 0.013000 -0.999789 -0.015900
vn 0.015800 -0.999789 -0.013100
vn 0.018100 -0.999789 -0.009700
vn 0.024400 -0.999683 -0.006200
vn 0.024400 -0.999684 0.006100
vn 0.018100 -0.999790 0.009600
vn -0.002800 -0.999995 -0.001500
vn -0.047502 -0.984141 -0.170907
vn 0.001500 -0.999995 0.002800
vn -0.083101 -0.984507 -0.154401
vn -0.002400 -0.999995 -0.002000
vn -0.111600 -0.984500 -0.135300
vn 0.000200 -0.999999 -0.001300
vn -0.170907 -0.984141 0.047502
vn -0.136199 -0.984589 -0.109699
vn -0.154401 -0.984507 0.083101
vn -0.001300 -0.999999 0.000200
vn -0.002000 -0.999995 -0.002400
vn -0.135300 -0.984500 0.111600
vn -0.110901 -0.984509 0.135801
vn 0.002800 -0.999995 0.001500
vn -0.001500 -0.999995 -0.002800
vn -0.082300 -0.984496 0.154899
vn -0.046602 -0.984133 0.171206
vn -0.000200 -0.999999 0.001300
vn -0.000200 -0.999999 -0.001300
vn -0.001500 -0.999995 0.002800
vn 0.047502 -0.984141 0.170907
vn 0.083101 -0.984507 0.154401
vn -0.516789 0.397792 -0.758084
vn -0.019601 0.399713 -0.916431
vn -0.019601 0.399713 -0.916431
vn 0.353102 0.399703 -0.845906
vn 0.520006 0.401705 -0.753809
vn 0.558296 0.132499 0.818993
vn 0.021899 0.131497 0.991075
vn 0.021899 0.131497 0.991075
vn -0.382482 0.131494 0.914558
vn -0.563885 0.130497 0.815478
vn -0.223896 -0.917585 -0.328495
vn -0.223896 -0.917585 -0.328495
vn -0.008700 -0.919622 -0.392709
vn -0.008700 -0.919622 -0.392709
vn -0.008700 -0.919622 -0.392709
vn -0.008700 -0.919622 -0.392709
vn 0.151601 -0.919609 -0.362404
vn 0.151601 -0.919609 -0.362404
vn 0.220788 -0.921650 -0.319083
vn 0.220788 -0.921650 -0.319083
vn -0.699201 0.401700 -0.591401
vn -0.746388 0.403693 -0.529091
vn -0.622430 0.397819 -0.674033
vn -0.399995 0.397795 -0.825690
vn -0.274511 0.397816 -0.875435
vn -0.143106 0.397816 -0.906236
vn 0.147795 0.401688 -0.903772
vn 0.070100 0.403701 -0.912202
vn 0.247302 0.399804 -0.882609
vn 0.444210 0.401709 -0.800817
vn -0.053400 0.995491 -0.078399
vn -0.002100 0.995692 -0.092699
vn -0.002100 0.995692 -0.092699
vn 0.035800 0.995695 -0.085500
vn 0.051600 0.995893 -0.074399
vn -0.480003 0.130501 0.867506
vn -0.266691 0.131496 0.954769
vn -0.161096 0.130496 0.978273
vn -0.075600 0.129401 0.988706
vn 0.154593 0.132494 0.979054
vn 0.296590 0.132496 0.945769
vn 0.432115 0.132505 0.892031
vn 0.672471 0.132494 0.728168
vn 0.756289 0.130498 0.641091
vn 0.809203 0.129400 0.573102
vn -0.295887 -0.921659 -0.250989
vn -0.295887 -0.921659 -0.250989
vn -0.312697 -0.923690 -0.221398
vn -0.312697 -0.923690 -0.221398
vn -0.269701 -0.917604 -0.292001
vn -0.269701 -0.917604 -0.292001
vn -0.173296 -0.917580 -0.357792
vn -0.173296 -0.917580 -0.357792
vn -0.118900 -0.917602 -0.379301
vn -0.118900 -0.917602 -0.379301
vn -0.061999 -0.917578 -0.392691
vn -0.061999 -0.917578 -0.392691
vn 0.063198 -0.921672 -0.382788
vn 0.063198 -0.921672 -0.382788
vn 0.029200 -0.923701 -0.382000
vn 0.029200 -0.923701 -0.382000
vn 0.105604 -0.919634 -0.378314
vn 0.105604 -0.919634 -0.378314
vn 0.187698 -0.921690 -0.339496
vn 0.187698 -0.921690 -0.339496
vn -0.072199 0.996086 -0.050999
vn -0.068999 0.995888 -0.058699
vn -0.064300 0.995494 -0.069700
vn -0.041300 0.995499 -0.085300
vn -0.028400 0.995492 -0.090499
vn -0.014800 0.995491 -0.093699
vn 0.006700 0.996089 -0.088099
vn 0.014900 0.995893 -0.089299
vn 0.024900 0.995694 -0.089299
vn 0.043700 0.995893 -0.079299
vn -0.854156 0.399726 -0.332622
vn -0.844313 0.397806 0.359006
vn -0.502585 0.397788 0.767576
vn 0.923990 0.131499 0.359096
vn 0.912175 0.132496 -0.387790
vn 0.543006 0.132501 -0.829209
vn -0.366116 -0.919639 -0.142206
vn -0.366116 -0.919639 -0.142206
vn -0.365804 -0.917609 0.155502
vn -0.365804 -0.917609 0.155502
vn -0.217795 -0.917577 0.332592
vn -0.217795 -0.917577 0.332592
vn -0.815908 0.403704 -0.413904
vn -0.783453 0.403627 -0.472532
vn -0.892017 0.397808 -0.214604
vn -0.915666 0.401685 -0.014299
vn -0.909922 0.401710 -0.103302
vn -0.912184 0.397793 0.098398
vn -0.887850 0.397822 0.231213
vn -0.782503 0.397802 0.479002
vn -0.703739 0.397822 0.588633
vn -0.609797 0.397798 0.685496
vn -0.086400 0.995697 -0.033500
vn -0.087299 0.995491 0.037100
vn -0.051900 0.995499 0.079300
vn 0.658780 0.132496 -0.740577
vn 0.760307 0.132501 -0.635906
vn 0.845373 0.132496 -0.517484
vn 0.959190 0.132499 -0.249797
vn 0.985457 0.132494 -0.106395
vn 0.991343 0.130506 0.014401
vn 0.984999 0.130500 0.112900
vn 0.963698 0.132500 0.231799
vn 0.884514 0.129402 0.448207
vn 0.848887 0.129398 0.512492
vn -0.341798 -0.923694 -0.173099
vn -0.341798 -0.923694 -0.173099
vn -0.327992 -0.923677 -0.198095
vn -0.327992 -0.923677 -0.198095
vn -0.386496 -0.917590 -0.092999
vn -0.386496 -0.917590 -0.092999
vn -0.387895 -0.921687 -0.005500
vn -0.387895 -0.921687 -0.005500
vn -0.385395 -0.921688 -0.044299
vn -0.385395 -0.921688 -0.044299
vn -0.395201 -0.917602 0.042700
vn -0.395201 -0.917602 0.042700
vn -0.384695 -0.917589 0.100199
vn -0.384695 -0.917589 0.100199
vn -0.339006 -0.917615 0.207503
vn -0.339006 -0.917615 0.207503
vn -0.304903 -0.917610 0.255003
vn -0.304903 -0.917610 0.255003
vn -0.264200 -0.917600 0.297000
vn -0.264200 -0.917600 0.297000
vn -0.075599 0.996091 -0.045700
vn -0.078899 0.996084 -0.039899
vn -0.092199 0.995493 -0.022200
vn -0.089900 0.995895 -0.010500
vn -0.090599 0.995887 -0.001200
vn -0.094299 0.995492 0.010200
vn -0.091799 0.995491 0.023900
vn -0.080899 0.995492 0.049500
vn -0.072700 0.995499 0.060800
vn -0.062999 0.995492 0.070899
vn 0.854183 0.399692 0.332593
vn 0.898124 0.397810 -0.187405
vn 0.837584 0.403592 -0.368193
vn 0.657080 0.401688 -0.637881
vn -0.923990 0.131499 -0.359096
vn -0.970298 0.132500 0.202400
vn -0.907599 0.129400 0.399400
vn -0.712121 0.130504 0.689820
vn 0.366116 -0.919639 0.142206
vn 0.366116 -0.919639 0.142206
vn 0.389188 -0.917573 -0.081198
vn 0.389188 -0.917573 -0.081198
vn 0.350691 -0.923676 -0.154396
vn 0.350691 -0.923676 -0.154396
vn 0.278785 -0.921651 -0.269886
vn 0.278785 -0.921651 -0.269886
vn 0.815908 0.403704 0.413904
vn 0.778408 0.401704 0.482405
vn 0.892017 0.397808 0.214604
vn 0.914588 0.403595 0.025300
vn 0.909922 0.401710 0.103302
vn 0.914378 0.399690 -0.064498
vn 0.866713 0.401706 -0.295704
vn 0.798987 0.399694 -0.449293
vn 0.731790 0.397794 -0.553392
vn 0.591891 0.401694 -0.698790
vn 0.086400 0.995697 0.033500
vn 0.092800 0.995496 -0.019400
vn 0.080899 0.996083 -0.035699
vn 0.065199 0.995888 -0.062899
vn -0.640006 0.130501 0.757207
vn -0.790612 0.132502 0.597809
vn -0.863721 0.131503 0.486512
vn -0.938694 0.130499 0.319098
vn -0.988806 0.131501 0.070500
vn -0.991224 0.129403 -0.027001
vn -0.984999 0.130500 -0.112900
vn -0.963698 0.132500 -0.231799
vn -0.884514 0.129402 -0.448207
vn -0.842171 0.130495 -0.523182
vn 0.341798 -0.923694 0.173099
vn 0.341798 -0.923694 0.173099
vn 0.329493 -0.921680 0.204795
vn 0.329493 -0.921680 0.204795
vn 0.386496 -0.917590 0.092999
vn 0.386496 -0.917590 0.092999
vn 0.382996 -0.923691 0.010400
vn 0.382996 -0.923691 0.010400
vn 0.385395 -0.921688 0.044299
vn 0.385395 -0.921688 0.044299
vn 0.391809 -0.919621 -0.028001
vn 0.391809 -0.919621 -0.028001
vn 0.367388 -0.921671 -0.124696
vn 0.367388 -0.921671 -0.124696
vn 0.342211 -0.919629 -0.192806
vn 0.342211 -0.919629 -0.192806
vn 0.317093 -0.917579 -0.239794
vn 0.317093 -0.917579 -0.239794
vn 0.250296 -0.921684 -0.296395
vn 0.250296 -0.921684 -0.296395
vn 0.076800 0.995895 0.047900
vn 0.078899 0.996084 0.039899
vn 0.092199 0.995493 0.022200
vn 0.089900 0.995895 0.010500
vn 0.088398 0.996082 0.002400
vn 0.092400 0.995700 -0.006700
vn 0.085799 0.995890 -0.029000
vn 0.080700 0.995695 -0.045600
vn 0.075600 0.995496 -0.057200
vn 0.058299 0.995891 -0.069299
vn 0.187405 0.397810 0.898124
vn -0.002600 0.403612 0.914927
vn -0.002600 0.403612 0.914927
vn -0.202400 0.132500 -0.970298
vn 0.003200 0.129398 -0.991588
vn 0.003200 0.129398 -0.991588
vn 0.081198 -0.917573 0.389188
vn 0.081198 -0.917573 0.389188
vn -0.001300 -0.923670 0.383187
vn -0.001300 -0.923670 0.383187
vn -0.001300 -0.923670 0.383187
vn -0.001300 -0.923670 0.383187
vn 0.714606 0.397803 0.575405
vn 0.544028 0.399721 0.737738
vn 0.629914 0.399709 0.665914
vn 0.439993 0.397794 0.805088
vn 0.317109 0.397811 0.860923
vn 0.075596 0.401680 0.912655
vn -0.136806 0.403618 0.904641
vn -0.070100 0.403701 0.912202
vn -0.278800 0.401700 0.872300
vn -0.203189 0.403679 0.892053
vn -0.384505 0.397805 0.833011
vn 0.019400 0.995496 0.092800
vn -0.000300 0.996085 0.088399
vn -0.000300 0.996085 0.088399
vn 0.415414 0.132504 -0.899930
vn 0.302913 0.130506 -0.944040
vn 0.219900 0.129400 -0.966902
vn 0.148599 0.129399 -0.980395
vn 0.075600 0.129401 -0.988706
vn -0.082898 0.130497 -0.987977
vn -0.342597 0.132499 -0.930092
vn -0.475414 0.132504 -0.869726
vn -0.587822 0.131505 -0.798230
vn -0.681811 0.131502 -0.719612
vn -0.772028 0.132505 -0.621623
vn 0.309601 -0.917603 0.249301
vn 0.309601 -0.917603 0.249301
vn 0.232811 -0.919643 0.316315
vn 0.232811 -0.919643 0.316315
vn 0.270206 -0.919621 0.285107
vn 0.270206 -0.919621 0.285107
vn 0.190698 -0.917592 0.348797
vn 0.190698 -0.917592 0.348797
vn 0.137400 -0.917601 0.373000
vn 0.137400 -0.917601 0.373000
vn 0.032599 -0.921676 0.386590
vn 0.032599 -0.921676 0.386590
vn -0.057500 -0.923692 0.378797
vn -0.057500 -0.923692 0.378797
vn -0.029200 -0.923701 0.382000
vn -0.029200 -0.923701 0.382000
vn -0.118597 -0.921676 0.369390
vn -0.118597 -0.921676 0.369390
vn -0.084900 -0.923697 0.373599
vn -0.084900 -0.923697 0.373599
vn -0.166600 -0.917603 0.360901
vn -0.166600 -0.917603 0.360901
vn 0.073899 0.995489 0.059499
vn 0.063800 0.995698 0.067200
vn 0.054900 0.995694 0.074700
vn 0.045500 0.995494 0.083199
vn 0.032800 0.995492 0.088999
vn 0.007700 0.995894 0.090199
vn -0.006700 0.996089 0.088099
vn -0.013300 0.996085 0.087399
vn -0.019500 0.996087 0.086199
vn -0.027800 0.995890 0.086199
vn -0.039700 0.995495 0.086100
vn 0.799493 -0.599295 0.040700
vn 0.799493 -0.599295 0.040700
vn 0.729430 -0.613726 0.302113
vn 0.729430 -0.613726 0.302113
vn 0.558293 -0.613692 0.558293
vn 0.558293 -0.613692 0.558293
vn 0.302113 -0.613726 0.729430
vn 0.302113 -0.613726 0.729430
vn 0.000000 -0.613719 0.789524
vn 0.000000 -0.613719 0.789524
vn 0.000000 -0.613719 0.789524
vn 0.000000 -0.613719 0.789524
vn -0.268305 -0.599311 0.754214
vn -0.268305 -0.599311 0.754214
vn -0.478015 -0.599319 0.642120
vn -0.478015 -0.599319 0.642120
vn -0.656503 -0.613703 0.438602
vn -0.656503 -0.613703 0.438602
vn -0.774345 -0.613736 0.154009
vn -0.774345 -0.613736 0.154009
vn -0.774345 -0.613736 -0.154009
vn -0.774345 -0.613736 -0.154009
vn -0.656503 -0.613703 -0.438602
vn -0.656503 -0.613703 -0.438602
vn -0.438602 -0.613703 -0.656503
vn -0.438602 -0.613703 -0.656503
vn -0.154009 -0.613736 -0.774345
vn -0.154009 -0.613736 -0.774345
vn 0.154009 -0.613736 -0.774345
vn 0.154009 -0.613736 -0.774345
vn 0.438602 -0.613703 -0.656503
vn 0.438602 -0.613703 -0.656503
vn 0.656503 -0.613703 -0.438602
vn 0.656503 -0.613703 -0.438602
vn 0.776191 -0.599293 -0.195898
vn 0.776191 -0.599293 -0.195898
vn -0.645915 -0.762717 -0.032501
vn -0.606418 -0.754422 -0.251207
vn -0.464124 -0.754439 -0.464124
vn -0.251207 -0.754422 -0.606418
vn -0.000000 -0.754407 -0.656406
vn -0.000000 -0.754407 -0.656406
vn 0.217199 -0.762695 -0.609196
vn 0.385817 -0.762733 -0.519022
vn 0.545723 -0.754432 -0.364716
vn 0.643747 -0.754455 -0.128009
vn 0.643806 -0.754407 0.128001
vn 0.545723 -0.754432 0.364716
vn 0.364716 -0.754432 0.545723
vn 0.128009 -0.754455 0.643747
vn -0.128009 -0.754455 0.643747
vn -0.364716 -0.754432 0.545723
vn -0.545723 -0.754432 0.364716
vn -0.627132 -0.762739 0.157908
vn 0.510015 0.859825 0.024201
vn 0.459103 0.867805 0.190101
vn 0.351318 0.867843 0.351318
vn 0.190101 0.867805 0.459103
vn 0.000000 0.867806 0.496903
vn 0.000000 0.867806 0.496903
vn -0.172809 0.859843 0.480424
vn -0.303415 0.859843 0.410621
vn -0.413108 0.867817 0.276106
vn -0.487318 0.867831 0.096904
vn -0.487318 0.867831 -0.096904
vn -0.413108 0.867817 -0.276106
vn -0.276106 0.867817 -0.413108
vn -0.096904 0.867831 -0.487318
vn 0.096904 0.867831 -0.487318
vn 0.276106 0.867817 -0.413108
vn 0.413108 0.867817 -0.276106
vn 0.495511 0.859820 -0.123203
vn -0.820418 0.570412 -0.039301
vn -0.765301 0.560201 -0.317000
vn -0.585757 0.560159 -0.585757
vn -0.317000 0.560201 -0.765301
vn -0.000000 0.560180 -0.828371
vn -0.000000 0.560180 -0.828371
vn 0.277607 0.570415 -0.773021
vn 0.488504 0.570404 -0.660305
vn 0.688782 0.560185 -0.460188
vn 0.812461 0.560173 -0.161592
vn 0.812461 0.560173 0.161592
vn 0.688782 0.560185 0.460188
vn 0.460188 0.560185 0.688782
vn 0.161592 0.560173 0.812461
vn -0.161592 0.560173 0.812461
vn -0.460188 0.560185 0.688782
vn -0.688782 0.560185 0.460188
vn -0.796997 0.570398 0.198599
vn 0.829083 0.096198 0.550788
vn 0.976745 0.096204 0.191609
vn 0.975731 0.096203 -0.196706
vn 0.826155 0.096195 -0.555170
vn 0.550788 0.096198 -0.829083
vn 0.191609 0.096204 -0.976745
vn -0.196706 0.096203 -0.975731
vn -0.555170 0.096195 -0.826155
vn -0.829083 0.096198 -0.550788
vn -0.976745 0.096204 -0.191609
vn -0.975731 0.096203 0.196706
vn -0.975731 0.096203 0.196706
vn -0.826155 0.096195 0.555170
vn -0.550788 0.096198 0.829083
vn -0.191609 0.096204 0.976745
vn 0.196706 0.096203 0.975731
vn 0.555170 0.096195 0.826155
vn -0.303686 0.931158 -0.201791
vn -0.303686 0.931158 -0.201791
vn -0.357785 0.931162 -0.070197
vn -0.357785 0.931162 -0.070197
vn -0.357388 0.931169 0.072098
vn -0.357388 0.931169 0.072098
vn -0.302595 0.931186 0.203297
vn -0.302595 0.931186 0.203297
vn -0.201695 0.931177 0.303692
vn -0.201695 0.931177 0.303692
vn -0.070200 0.931195 0.357698
vn -0.070200 0.931195 0.357698
vn 0.072098 0.931169 0.357388
vn 0.072098 0.931169 0.357388
vn 0.203297 0.931186 0.302595
vn 0.203297 0.931186 0.302595
vn 0.303692 0.931177 0.201695
vn 0.303692 0.931177 0.201695
vn 0.357785 0.931162 0.070197
vn 0.357785 0.931162 0.070197
vn 0.357388 0.931169 -0.072098
vn 0.357388 0.931169 -0.072098
vn 0.357388 0.931169 -0.072098
vn 0.357388 0.931169 -0.072098
vn 0.302595 0.931186 -0.203297
vn 0.302595 0.931186 -0.203297
vn 0.201791 0.931158 -0.303686
vn 0.201791 0.931158 -0.303686
vn 0.070197 0.931162 -0.357785
vn 0.070197 0.931162 -0.357785
vn -0.072098 0.931169 -0.357388
vn -0.072098 0.931169 -0.357388
vn -0.203297 0.931186 -0.302595
vn -0.203297 0.931186 -0.302595
vn 0.277110 -0.943035 0.184107
vn 0.326507 -0.943019 0.064101
vn 0.326202 -0.943007 -0.065800
vn 0.276202 -0.943008 -0.185602
vn 0.184107 -0.943035 -0.277110
vn 0.064101 -0.943019 -0.326507
vn -0.065800 -0.943007 -0.326202
vn -0.185602 -0.943008 -0.276202
vn -0.277110 -0.943035 -0.184107
vn -0.326507 -0.943019 -0.064101
vn -0.326202 -0.943007 0.065800
vn -0.326202 -0.943007 0.065800
vn -0.276202 -0.943008 0.185602
vn -0.184107 -0.943035 0.277110
vn -0.064101 -0.943019 0.326507
vn 0.065800 -0.943007 0.326202
vn 0.185602 -0.943008 0.276202
vn -0.717581 -0.507786 -0.476687
vn -0.845364 -0.507778 -0.165893
vn -0.844482 -0.507789 0.170296
vn -0.715061 -0.507772 0.480474
vn -0.476687 -0.507786 0.717581
vn -0.165893 -0.507778 0.845364
vn 0.170296 -0.507789 0.844482
vn 0.480474 -0.507772 0.715061
vn 0.717581 -0.507786 0.476687
vn 0.845364 -0.507778 0.165893
vn 0.844482 -0.507789 -0.170296
vn 0.844482 -0.507789 -0.170296
vn 0.715061 -0.507772 -0.480474
vn 0.476687 -0.507786 -0.717581
vn 0.165893 -0.507778 -0.845364
vn -0.170296 -0.507789 -0.844482
vn -0.480474 -0.507772 -0.715061
vn 0.000000 1.000000 -0.000000
vn 0.000000 1.000000 -0.000000
vn 0.000000 1.000000 -0.000000
vn 0.000000 1.000000 -0.000000
vn 0.012400 0.662903 -0.748603
vn 0.012400 0.662903 -0.748603
vn -0.710803 0.661903 0.238001
vn -0.710803 0.661903 0.238001
vn 0.841334 0.527921 -0.116005
vn 0.841334 0.527921 -0.116005
vn 0.142397 0.527588 0.837481
vn 0.142397 0.527588 0.837481
vn -0.230303 -0.457606 -0.858811
vn -0.888712 -0.456906 0.037800
vn 0.772788 -0.622690 -0.122698
vn 0.115200 -0.624103 0.772803
vn 0.012400 0.662903 0.748603
vn 0.012400 0.662903 0.748603
vn -0.710803 0.661903 -0.238001
vn -0.710803 0.661903 -0.238001
vn 0.841334 0.527921 0.116005
vn 0.841334 0.527921 0.116005
vn 0.142397 0.527588 -0.837481
vn 0.142397 0.527588 -0.837481
vn -0.230303 -0.457606 0.858811
vn -0.888712 -0.456906 -0.037800
vn 0.772788 -0.622690 0.122698
vn 0.115200 -0.624103 -0.772803
vn -0.012400 0.662903 -0.748603
vn -0.012400 0.662903 -0.748603
vn 0.710803 0.661903 0.238001
vn 0.710803 0.661903 0.238001
vn -0.841334 0.527921 -0.116005
vn -0.841334 0.527921 -0.116005
vn -0.142397 0.527588 0.837481
vn -0.142397 0.527588 0.837481
vn 0.230303 -0.457606 -0.858811
vn 0.888712 -0.456906 0.037800
vn -0.772788 -0.622690 -0.122698
vn -0.115200 -0.624103 0.772803
vn -0.012400 0.662903 0.748603
vn -0.012400 0.662903 0.748603
vn 0.710803 0.661903 -0.238001
vn 0.710803 0.661903 -0.238001
vn -0.841334 0.527921 0.116005
vn -0.841334 0.527921 0.116005
vn -0.142397 0.527588 -0.837481
vn -0.142397 0.527588 -0.837481
vn 0.230303 -0.457606 0.858811
vn 0.888712 -0.456906 -0.037800
vn -0.772788 -0.622690 0.122698
vn -0.115200 -0.624103 -0.772803
vn -0.756431 -0.446119 0.478320
vn -0.756431 -0.446119 0.478320
vn -0.440703 0.400402 -0.803405
vn 0.261995 0.384692 -0.885082
vn -0.661716 0.577614 0.478011
vn 0.778420 0.545514 0.310608
vn -0.455627 -0.827650 -0.327720
vn -0.455627 -0.827650 -0.327720
vn 0.331592 -0.845179 -0.419189
vn 0.331592 -0.845179 -0.419189
vn 0.825562 -0.481378 0.294487
vn 0.825562 -0.481378 0.294487
vn -0.748204 -0.459802 -0.478302
vn -0.748204 -0.459802 -0.478302
vn -0.447890 0.392391 0.803382
vn 0.254992 0.389388 0.885074
vn -0.672102 0.565502 -0.478002
vn 0.768419 0.559514 -0.310608
vn -0.440583 -0.835768 0.327687
vn -0.440583 -0.835768 0.327687
vn 0.346814 -0.839034 0.419217
vn 0.346814 -0.839034 0.419217
vn 0.834177 -0.466287 -0.294492
vn 0.834177 -0.466287 -0.294492
vn 0.756398 -0.446199 0.478299
vn 0.756398 -0.446199 0.478299
vn 0.440703 0.400402 -0.803405
vn -0.261995 0.384692 -0.885082
vn 0.661716 0.577614 0.478011
vn -0.778420 0.545514 0.310608
vn 0.455627 -0.827650 -0.327720
vn 0.455627 -0.827650 -0.327720
vn -0.331592 -0.845179 -0.419189
vn -0.331592 -0.845179 -0.419189
vn -0.825562 -0.481378 0.294487
vn -0.825562 -0.481378 0.294487
vn 0.756398 -0.446199 -0.478299
vn 0.756398 -0.446199 -0.478299
vn 0.440703 0.400402 0.803405
vn -0.261995 0.384692 0.885082
vn 0.661716 0.577614 -0.478011
vn -0.778420 0.545514 -0.310608
vn 0.455627 -0.827650 0.327720
vn 0.455627 -0.827650 0.327720
vn -0.331592 -0.845179 0.419189
vn -0.331592 -0.845179 0.419189
vn -0.825562 -0.481378 -0.294487
vn -0.825562 -0.481378 -0.294487
vn 0.478299 -0.446199 0.756398
vn 0.478299 -0.446199 0.756398
vn -0.803405 0.400402 0.440703
vn -0.885082 0.384692 -0.261995
vn 0.478011 0.577614 0.661716
vn 0.310608 0.545514 -0.778420
vn -0.327720 -0.827650 0.455627
vn -0.327720 -0.827650 0.455627
vn -0.419189 -0.845179 -0.331592
vn -0.419189 -0.845179 -0.331592
vn 0.294487 -0.481378 -0.825562
vn 0.294487 -0.481378 -0.825562
vn 0.478299 -0.446199 -0.756398
vn 0.478299 -0.446199 -0.756398
vn -0.803405 0.400402 -0.440703
vn -0.885082 0.384692 0.261995
vn 0.478011 0.577614 -0.661716
vn 0.310608 0.545514 0.778420
vn -0.327720 -0.827650 -0.455627
vn -0.327720 -0.827650 -0.455627
vn -0.419189 -0.845179 0.331592
vn -0.419189 -0.845179 0.331592
vn 0.294487 -0.481378 0.825562
vn 0.294487 -0.481378 0.825562
vn -0.478320 -0.446119 0.756431
vn -0.478320 -0.446119 0.756431
vn 0.803405 0.400402 0.440703
vn 0.885082 0.384692 -0.261995
vn -0.478011 0.577614 0.661716
vn -0.310608 0.545514 -0.778420
vn 0.327720 -0.827650 0.455627
vn 0.327720 -0.827650 0.455627
vn 0.419189 -0.845179 -0.331592
vn 0.419189 -0.845179 -0.331592
vn -0.294487 -0.481378 -0.825562
vn -0.294487 -0.481378 -0.825562
vn -0.478320 -0.446119 -0.756431
vn -0.478320 -0.446119 -0.756431
vn 0.803405 0.400402 -0.440703
vn 0.885082 0.384692 0.261995
vn -0.478011 0.577614 -0.661716
vn -0.310608 0.545514 0.778420
vn 0.327720 -0.827650 -0.455627
vn 0.327720 -0.827650 -0.455627
vn 0.419189 -0.845179 0.331592
vn 0.419189 -0.845179 0.331592
vn -0.294487 -0.481378 0.825562
vn -0.294487 -0.481378 0.825562
vn 0.732887 -0.446092 0.513691
vn 0.732887 -0.446092 0.513691
vn -0.571495 0.400396 0.716294
vn -0.917678 0.384691 0.099398
vn 0.696102 0.577602 0.426401
vn -0.013400 0.545502 -0.838003
vn -0.126808 -0.827649 0.546733
vn -0.126808 -0.827649 0.546733
vn -0.514593 -0.845188 -0.144398
vn -0.514593 -0.845188 -0.144398
vn -0.046399 -0.481388 -0.875279
vn -0.046399 -0.481388 -0.875279
vn 0.732854 -0.446172 -0.513668
vn 0.732854 -0.446172 -0.513668
vn -0.571495 0.400396 -0.716294
vn -0.917687 0.384695 -0.099299
vn 0.696102 0.577602 -0.426401
vn -0.013300 0.545502 0.838004
vn -0.126808 -0.827649 -0.546733
vn -0.126808 -0.827649 -0.546733
vn -0.514593 -0.845188 0.144398
vn -0.514593 -0.845188 0.144398
vn -0.046399 -0.481388 0.875279
vn -0.046399 -0.481388 0.875279
vn -0.732854 -0.446172 0.513668
vn -0.732854 -0.446172 0.513668
vn 0.571495 0.400396 0.716294
vn 0.917678 0.384691 0.099398
vn -0.696102 0.577602 0.426401
vn 0.013400 0.545502 -0.838003
vn 0.126808 -0.827649 0.546733
vn 0.126808 -0.827649 0.546733
vn 0.514593 -0.845188 -0.144398
vn 0.514593 -0.845188 -0.144398
vn 0.046399 -0.481388 -0.875279
vn 0.046399 -0.481388 -0.875279
vn -0.732854 -0.446172 -0.513668
vn -0.732854 -0.446172 -0.513668
vn 0.571495 0.400396 -0.716294
vn 0.917687 0.384695 -0.099299
vn -0.696102 0.577602 -0.426401
vn 0.013300 0.545502 0.838004
vn 0.126808 -0.827649 -0.546733
vn 0.126808 -0.827649 -0.546733
vn 0.514593 -0.845188 0.144398
vn 0.514593 -0.845188 0.144398
vn 0.046399 -0.481388 0.875279
vn 0.046399 -0.481388 0.875279
vn 0.105399 -0.994290 -0.016700
vn -0.016700 -0.994290 -0.105399
vn 0.016700 -0.994290 0.105399
vn -0.105399 -0.994290 0.016700
vn 0.064498 -0.997866 -0.010200
vn -0.010200 -0.997866 -0.064498
vn -0.064498 -0.997866 0.010200
vn 0.010200 -0.997866 0.064498
vn 0.303505 -0.951615 -0.048101
vn 0.053503 -0.995851 -0.073604
vn -0.073604 -0.995851 -0.053503
vn -0.053503 -0.995851 0.073604
vn 0.073604 -0.995851 0.053503
vn -0.048101 -0.951615 -0.303505
vn -0.303505 -0.951615 0.048101
vn 0.048101 -0.951615 0.303505
vn 0.053998 -0.997767 0.039299
vn -0.039299 -0.997767 0.053998
vn -0.053998 -0.997767 -0.039299
vn 0.039299 -0.997767 -0.053998
vn 0.182194 -0.950768 -0.250691
vn -0.250691 -0.950768 -0.182194
vn -0.182194 -0.950768 0.250691
vn 0.250691 -0.950768 0.182194
vn -0.000000 -1.000000 0.000000
vn -0.030300 -0.981005 -0.191601
vn -0.191601 -0.981005 0.030300
vn 0.030300 -0.981005 0.191601
vn 0.191601 -0.981005 -0.030300
vn -0.164997 -0.978979 -0.119897
vn 0.164997 -0.978979 0.119897
vn 0.119897 -0.978979 -0.164997
vn -0.119897 -0.978979 0.164997
vn 0.168294 0.971264 0.168294
vn -0.168294 0.971264 0.168294
vn 0.168294 0.971264 -0.168294
vn -0.168294 0.971264 -0.168294
vn 0.332699 0.882396 0.332699
vn -0.332699 0.882396 0.332699
vn -0.332699 0.882396 -0.332699
vn 0.332699 0.882396 -0.332699
vn 0.206907 0.956232 0.206907
vn -0.206907 0.956232 0.206907
vn -0.206907 0.956232 -0.206907
vn 0.206907 0.956232 -0.206907
vn -0.000000 0.979323 0.202305
vn -0.202305 0.979323 -0.000000
vn 0.000000 0.979323 -0.202305
vn 0.202305 0.979323 -0.000000
vn 0.484692 0.874685 -0.000000
vn -0.000000 0.874685 -0.484692
vn -0.484692 0.874685 -0.000000
vn 0.000000 0.874685 0.484692
vn 0.298594 0.954380 -0.000000
vn -0.000000 0.954380 -0.298594
vn -0.298594 0.954380 -0.000000
vn 0.000000 0.954380 0.298594
vn 0.000000 1.000000 -0.000000
vn 0.403903 0.820807 0.403903
vn -0.403903 0.820807 0.403903
vn -0.403903 0.820807 -0.403903
vn 0.403903 0.820807 -0.403903
vn -0.000000 0.816971 0.576679
vn -0.576679 0.816971 -0.000000
vn 0.000000 0.816971 -0.576679
vn 0.576679 0.816971 -0.000000
vn 0.411995 -0.625592 0.662492
vn -0.007200 -0.519518 0.854429
vn -0.295311 -0.469417 0.832130
vn -0.474813 -0.466112 0.746520
vn -0.649811 -0.526509 0.548209
vn -0.730295 -0.682495 -0.029500
vn -0.333709 -0.640117 -0.692018
vn 0.108404 -0.526822 -0.843035
vn 0.329109 -0.492114 -0.805923
vn 0.501221 -0.510721 -0.698529
vn 0.703575 -0.588380 -0.398486
vn 0.717309 -0.672808 0.181102
vn -0.557196 0.239498 -0.795094
vn -0.557196 0.239498 -0.795094
vn -0.557196 0.239498 -0.795094
vn -0.053498 0.283191 -0.957570
vn -0.053498 0.283191 -0.957570
vn -0.053498 0.283191 -0.957570
vn 0.311603 0.322503 -0.893809
vn 0.311694 0.322493 -0.893781
vn 0.311694 0.322493 -0.893781
vn 0.516699 0.328599 -0.790598
vn 0.516699 0.328599 -0.790598
vn 0.516699 0.328599 -0.790598
vn 0.762074 0.283390 -0.582180
vn 0.762074 0.283390 -0.582180
vn 0.762095 0.283298 -0.582197
vn 0.971437 0.207008 0.116004
vn 0.971437 0.207008 0.116004
vn 0.971458 0.206912 0.116007
vn 0.487509 0.246105 0.837716
vn 0.487509 0.246105 0.837716
vn 0.487614 0.246207 0.837624
vn -0.091900 0.334799 0.937797
vn -0.091900 0.334799 0.937797
vn -0.091900 0.334799 0.937797
vn -0.348604 0.366105 0.862811
vn -0.348604 0.366105 0.862811
vn -0.348604 0.366105 0.862811
vn -0.559933 0.349221 0.751345
vn -0.559933 0.349221 0.751345
vn -0.559933 0.349221 0.751345
vn -0.867212 0.284004 0.409006
vn -0.867212 0.284004 0.409006
vn -0.867212 0.284004 0.409006
vn -0.940931 0.231808 -0.246808
vn -0.940931 0.231808 -0.246808
vn -0.940931 0.231808 -0.246808
vn 0.357304 0.790709 0.497105
vn 0.034900 0.772795 0.633696
vn -0.213700 0.752300 0.623200
vn -0.365113 0.742026 0.562219
vn -0.501812 0.774218 0.385709
vn -0.528221 0.846133 -0.071003
vn -0.272593 0.807380 -0.523287
vn 0.078802 0.740321 -0.667619
vn 0.265211 0.716030 -0.645727
vn 0.403810 0.732018 -0.548714
vn 0.563226 0.773736 -0.290014
vn 0.582601 0.801902 0.132400
vn -0.566218 -0.007000 -0.824226
vn -0.042499 -0.014800 -0.998987
vn 0.328811 -0.017601 -0.944232
vn 0.544414 -0.018100 -0.838621
vn 0.788277 -0.017100 -0.615082
vn 0.994128 -0.008100 0.107903
vn 0.481186 0.008700 0.876575
vn -0.108200 0.016200 0.993997
vn -0.376602 0.017800 0.926204
vn -0.593627 0.018101 0.804537
vn -0.894138 0.015601 0.447519
vn -0.969707 0.005800 -0.244202
vn 0.018199 -0.999669 0.018199
vn 0.031602 -0.998848 0.036102
vn -0.034602 -0.994345 0.100405
vn -0.071999 -0.993381 0.089498
vn -0.058002 -0.998236 0.012700
vn 0.007900 -0.999917 -0.010200
vn -0.040198 -0.998253 0.043298
vn -0.028401 -0.998538 -0.046002
vn 0.025400 -0.996284 -0.082299
vn 0.049199 -0.998081 -0.037599
vn 0.012299 -0.998551 0.052397
vn 0.000400 -0.999646 0.026601
vn -0.377310 -0.739620 -0.557315
vn -0.025301 -0.694015 -0.719516
vn 0.245609 -0.655624 -0.714026
vn 0.405601 -0.668102 -0.623801
vn 0.566023 -0.692928 -0.446618
vn 0.683622 -0.727324 0.060502
vn 0.304400 -0.705599 0.639899
vn -0.090005 -0.652135 0.752741
vn -0.292806 -0.634613 0.715214
vn -0.456918 -0.637125 0.620724
vn -0.636288 -0.687387 0.350194
vn -0.656793 -0.740292 -0.143498
vn -0.009700 -0.999837 0.015201
vn -0.009700 -0.999837 0.015201
vn -0.009700 -0.999837 0.015201
vn -0.009700 -0.999837 0.015201
vn -0.009700 -0.999837 0.015201
vn -0.009700 -0.999837 0.015201
vn -0.009700 -0.999837 0.015201
vn -0.009700 -0.999837 0.015201
vn -0.009700 -0.999837 0.015201
vn -0.058698 -0.684473 -0.726671
vn 0.521301 -0.525601 -0.672301
vn 0.726890 -0.463894 -0.506393
vn 0.806789 -0.457894 -0.373395
vn 0.854859 -0.495076 -0.155293
vn 0.727724 -0.621120 0.290909
vn 0.085498 -0.693381 0.715481
vn -0.500300 -0.556299 0.663499
vn -0.708183 -0.499888 0.498588
vn -0.788298 -0.494898 0.365599
vn -0.834991 -0.530294 0.146898
vn -0.703173 -0.644075 -0.301188
vn 0.157996 0.209894 0.964874
vn 0.157996 0.209894 0.964874
vn 0.157996 0.209894 0.964874
vn -0.549112 0.282606 0.786517
vn -0.549112 0.282606 0.786517
vn -0.549112 0.282606 0.786517
vn -0.768415 0.326306 0.550511
vn -0.768415 0.326306 0.550511
vn -0.768415 0.326306 0.550511
vn -0.858399 0.329700 0.393000
vn -0.858399 0.329700 0.393000
vn -0.858339 0.329715 0.393118
vn -0.943671 0.300091 0.139396
vn -0.943671 0.300091 0.139396
vn -0.943671 0.300091 0.139396
vn -0.866580 0.224895 -0.445490
vn -0.866580 0.224895 -0.445490
vn -0.866536 0.225009 -0.445518
vn -0.166398 0.219197 -0.961387
vn -0.166394 0.219292 -0.961366
vn -0.166297 0.219296 -0.961382
vn 0.537393 0.316496 -0.781690
vn 0.537506 0.316504 -0.781609
vn 0.537506 0.316504 -0.781609
vn 0.754965 0.364883 -0.544875
vn 0.754992 0.364796 -0.544895
vn 0.754992 0.364796 -0.544895
vn 0.844769 0.369186 -0.387386
vn 0.844800 0.369100 -0.387400
vn 0.844832 0.369114 -0.387315
vn 0.931233 0.338812 -0.134205
vn 0.931233 0.338812 -0.134205
vn 0.931247 0.338781 -0.134192
vn 0.857311 0.251103 0.449406
vn 0.857311 0.251103 0.449406
vn 0.857349 0.251114 0.449326
vn -0.098298 0.844481 -0.526488
vn 0.359499 0.774697 -0.520198
vn 0.542098 0.743597 -0.391399
vn 0.608381 0.742577 -0.280091
vn 0.637690 0.764487 -0.094398
vn 0.506995 0.820493 0.264098
vn 0.065599 0.838983 0.540189
vn -0.389107 0.751613 0.532610
vn -0.570374 0.715568 0.403282
vn -0.636667 0.713763 0.291885
vn -0.666892 0.737491 0.106599
vn -0.538573 0.804360 -0.250887
vn 0.151897 -0.005100 0.988383
vn -0.579422 -0.017901 0.814831
vn -0.813502 -0.020500 0.581201
vn -0.908482 -0.021100 0.417392
vn -0.988123 -0.020400 0.152304
vn -0.896966 -0.013799 -0.441883
vn -0.151897 0.005100 -0.988383
vn 0.579422 0.017901 -0.814831
vn 0.813502 0.020500 -0.581201
vn 0.908484 0.021000 -0.417392
vn 0.988123 0.020400 -0.152304
vn 0.896966 0.013799 0.441883
vn -0.005200 -0.999930 0.010600
vn 0.014700 -0.998306 -0.056300
vn 0.090804 -0.993145 -0.073603
vn 0.115200 -0.992201 -0.047600
vn 0.081404 -0.996651 0.007800
vn -0.007300 -0.999697 0.023500
vn 0.043999 -0.998672 -0.026799
vn 0.024100 -0.998905 0.040100
vn -0.052199 -0.996980 0.057499
vn -0.076598 -0.996568 0.031399
vn -0.042700 -0.998797 -0.024100
vn 0.046102 -0.998143 -0.039802
vn 0.094098 -0.725383 0.681884
vn -0.417917 -0.693529 0.586824
vn -0.602102 -0.669902 0.434401
vn -0.679318 -0.664118 0.312208
vn -0.725216 -0.679515 0.111002
vn -0.628379 -0.722276 -0.288890
vn -0.066101 -0.717311 -0.693611
vn 0.444291 -0.667186 -0.597887
vn 0.627480 -0.638880 -0.445086
vn 0.704425 -0.632122 -0.322811
vn 0.750986 -0.648988 -0.121798
vn 0.656035 -0.701937 0.277315
vn 0.019400 -0.999779 -0.008100
vn 0.019400 -0.999779 -0.008100
vn 0.019400 -0.999779 -0.008100
vn 0.019400 -0.999779 -0.008100
vn 0.019400 -0.999779 -0.008100
vn 0.019400 -0.999779 -0.008100
vn 0.019400 -0.999779 -0.008100
vn 0.019400 -0.999779 -0.008100
vn 0.019400 -0.999779 -0.008100
vn -0.733370 -0.457581 0.502780
vn -0.405312 -0.437812 0.802523
vn 0.028499 -0.433784 0.900566
vn 0.622768 -0.669865 -0.404279
vn 0.363004 -0.663408 -0.654307
vn 0.010900 -0.689809 -0.723909
vn 0.821896 0.061600 -0.566297
vn 0.821896 0.061600 -0.566297
vn 0.821896 0.061600 -0.566297
vn 0.460617 0.052702 -0.886033
vn 0.460617 0.052702 -0.886033
vn 0.460617 0.052702 -0.886033
vn -0.008200 0.034998 -0.999354
vn -0.008200 0.034998 -0.999354
vn -0.008100 0.034998 -0.999354
vn -0.541317 0.763724 0.351711
vn -0.326400 0.745900 0.580600
vn -0.017100 0.780110 0.625408
vn 0.825590 0.023200 -0.563793
vn 0.462518 0.011500 -0.886535
vn -0.009800 -0.003000 -0.999947
vn -0.215093 -0.961167 0.172894
vn -0.118500 -0.951503 0.283901
vn 0.028100 -0.953589 0.299797
vn 0.597963 -0.700757 -0.389076
vn 0.335597 -0.726293 -0.599894
vn 0.011500 -0.718024 -0.695923
vn -0.885994 -0.463397 0.016700
vn -0.788240 -0.452423 -0.417121
vn -0.488296 -0.453496 -0.745593
vn 0.746699 -0.665099 -0.009200
vn 0.676429 -0.651228 0.344015
vn 0.427399 -0.673499 0.603099
vn 0.997629 0.068502 -0.006700
vn 0.997635 0.068402 -0.006700
vn 0.997636 0.068402 -0.006600
vn 0.884015 0.069201 0.462308
vn 0.884015 0.069201 0.462308
vn 0.884015 0.069201 0.462308
vn 0.564222 0.057302 0.823632
vn 0.564225 0.057203 0.823637
vn 0.564294 0.057199 0.823590
vn -0.650391 0.759589 0.004100
vn -0.604819 0.735223 -0.306009
vn -0.376789 0.766377 -0.520285
vn 0.999507 0.029800 -0.009900
vn 0.886127 0.027701 0.462614
vn 0.563499 0.019000 0.825898
vn -0.268706 -0.963220 0.002100
vn -0.253007 -0.956627 -0.144404
vn -0.141798 -0.960086 -0.241097
vn 0.717706 -0.696306 -0.007500
vn 0.622893 -0.715692 0.315896
vn 0.411882 -0.703169 0.579574
vn 0.912068 -0.409786 -0.014399
vn 0.813796 -0.402398 0.419298
vn 0.514393 -0.419595 0.747890
vn -0.704197 -0.709897 0.012400
vn -0.635114 -0.693216 -0.340708
vn -0.384596 -0.701493 -0.599994
vn -0.999952 0.007100 0.006700
vn -0.999952 0.007100 0.006700
vn -0.999952 0.007100 0.006700
vn -0.886692 0.012300 -0.462196
vn -0.886692 0.012300 -0.462196
vn -0.886651 0.012299 -0.462275
vn -0.567122 0.018201 -0.823432
vn -0.567122 0.018201 -0.823432
vn -0.567122 0.018201 -0.823432
vn 0.603908 0.797011 -0.008300
vn 0.559815 0.771621 0.302008
vn 0.330304 0.790209 0.516206
vn -0.999504 -0.029900 0.009900
vn -0.886127 -0.027701 -0.462614
vn -0.563498 -0.019100 -0.825897
vn 0.325690 -0.945472 0.002900
vn 0.309587 -0.939062 0.149394
vn 0.198802 -0.948610 0.246203
vn -0.677725 -0.735227 0.011400
vn -0.581394 -0.751092 -0.312797
vn -0.370621 -0.728341 -0.576333
vn 0.759476 -0.415587 -0.500484
vn 0.430791 -0.417091 -0.800284
vn -0.002500 -0.439395 -0.898290
vn -0.579811 -0.705114 0.408208
vn -0.321575 -0.681047 0.657849
vn 0.032401 -0.685217 0.727618
vn -0.824496 0.013900 0.565697
vn -0.824496 0.013900 0.565697
vn -0.824496 0.013900 0.565697
vn -0.463590 0.028799 0.885581
vn -0.463590 0.028799 0.885581
vn -0.463590 0.028799 0.885581
vn 0.005000 0.040499 0.999167
vn 0.005000 0.040499 0.999167
vn 0.005000 0.040499 0.999167
vn 0.494812 0.792819 -0.355808
vn 0.281391 0.760976 -0.584581
vn -0.029399 0.776466 -0.629473
vn -0.825590 -0.023200 0.563793
vn -0.462518 -0.011500 0.886535
vn 0.009800 0.002900 0.999948
vn 0.272107 -0.947523 -0.167804
vn 0.175104 -0.944219 -0.278906
vn 0.028901 -0.955120 -0.294806
vn -0.557582 -0.730776 0.393787
vn -0.293008 -0.740420 0.604917
vn 0.030200 -0.713502 0.700002
vn 0.029799 -0.999553 0.002600
vn 0.029799 -0.999553 0.002600
vn 0.029799 -0.999553 0.002600
vn 0.029799 -0.999553 0.002600
vn 0.029799 -0.999553 0.002600
vn 0.029799 -0.999553 0.002600
vn 0.029799 -0.999553 0.002600
vn 0.029799 -0.999553 0.002600
vn 0.029799 -0.999553 0.002600
vn -0.864570 -0.417885 -0.279090
vn -0.576010 -0.403507 -0.710912
vn -0.169496 -0.382491 -0.908279
vn 0.711099 -0.673299 0.202500
vn 0.481280 -0.684971 0.546977
vn 0.161700 -0.680901 0.714301
vn 0.955811 0.057501 0.288303
vn 0.955811 0.057501 0.288303
vn 0.955839 0.057502 0.288212
vn 0.629902 0.040800 0.775602
vn 0.629962 0.040798 0.775554
vn 0.630011 0.040801 0.775514
vn 0.193494 0.029099 0.980670
vn 0.193494 0.029099 0.980670
vn 0.193590 0.029099 0.980651
vn -0.619671 0.766364 -0.169392
vn -0.417287 0.776475 -0.472185
vn -0.146900 0.761001 -0.631901
vn 0.956651 0.019001 0.290616
vn 0.634182 0.002900 0.773178
vn 0.195007 -0.011500 0.980734
vn -0.346404 -0.929612 -0.125802
vn -0.220206 -0.923326 -0.314609
vn -0.055798 -0.910160 -0.410482
vn 0.652680 -0.734877 0.184294
vn 0.442503 -0.744706 0.499604
vn 0.144293 -0.771965 0.619072
vn -0.864576 -0.426888 0.265093
vn -0.576009 -0.426907 0.697111
vn -0.169492 -0.412481 0.895059
vn 0.711091 -0.665891 -0.225697
vn 0.481202 -0.665903 -0.570103
vn 0.161707 -0.656228 -0.737032
vn 0.955921 0.067301 -0.285806
vn 0.955921 0.067301 -0.285806
vn 0.955928 0.067202 -0.285808
vn 0.630100 0.067200 -0.773601
vn 0.630105 0.067100 -0.773606
vn 0.630105 0.067100 -0.773606
vn 0.193598 0.062499 -0.979088
vn 0.193598 0.062499 -0.979088
vn 0.193599 0.062400 -0.979094
vn -0.619690 0.760288 0.194797
vn -0.417300 0.760300 0.497800
vn -0.146903 0.739516 0.656914
vn 0.956652 0.028702 -0.289816
vn 0.634218 0.028701 -0.772622
vn 0.194995 0.021199 -0.980575
vn -0.346398 -0.933295 0.094700
vn -0.220198 -0.933289 0.283697
vn -0.055802 -0.923337 0.379915
vn 0.652513 -0.728614 -0.208204
vn 0.442202 -0.728503 -0.523202
vn 0.144201 -0.751907 -0.643306
vn 0.884523 -0.374310 -0.278407
vn 0.596005 -0.374303 -0.710405
vn 0.189109 -0.373517 -0.908142
vn -0.675525 -0.709126 0.202007
vn -0.445092 -0.709087 0.546890
vn -0.126993 -0.688262 0.714261
vn -0.957804 0.008300 0.287301
vn -0.957804 0.008300 0.287301
vn -0.957777 0.008300 0.287393
vn -0.632398 0.008400 0.774598
vn -0.632398 0.008400 0.774598
vn -0.632398 0.008400 0.774598
vn -0.196100 0.019100 0.980398
vn -0.196100 0.019100 0.980398
vn -0.196100 0.019100 0.980398
vn 0.580881 0.796274 -0.168894
vn 0.378509 0.796319 -0.471812
vn 0.109398 0.767384 -0.631787
vn -0.956652 -0.028702 0.289816
vn -0.634218 -0.028701 0.772622
vn -0.194995 -0.021199 0.980575
vn 0.392397 -0.911194 -0.125499
vn 0.266201 -0.911202 -0.314401
vn 0.101395 -0.906259 -0.410382
vn -0.618033 -0.764241 0.184310
vn -0.407009 -0.764417 0.500011
vn -0.106996 -0.777770 0.619376
vn 0.884540 -0.383317 0.265812
vn 0.595992 -0.397695 0.697591
vn 0.189104 -0.403509 0.895221
vn -0.675536 -0.701737 -0.226312
vn -0.444983 -0.690074 -0.570778
vn -0.126904 -0.663622 -0.737225
vn -0.957910 0.018000 -0.286503
vn -0.957910 0.018000 -0.286503
vn -0.957910 0.018000 -0.286503
vn -0.632600 0.034700 -0.773701
vn -0.632492 0.034700 -0.773790
vn -0.632492 0.034700 -0.773790
vn -0.196289 0.052397 -0.979145
vn -0.196193 0.052398 -0.979164
vn -0.196193 0.052398 -0.979164
vn 0.580899 0.790199 0.195300
vn 0.378515 0.780131 0.498120
vn 0.109401 0.745906 0.657005
vn -0.956651 -0.019001 -0.290616
vn -0.634182 -0.002900 -0.773178
vn -0.195007 0.011500 -0.980734
vn 0.392388 -0.914871 0.095097
vn 0.266191 -0.921167 0.283890
vn 0.101401 -0.919410 0.380004
vn -0.617811 -0.758014 -0.209104
vn -0.406689 -0.748080 -0.524386
vn -0.106800 -0.757702 -0.643802
vn 0.024899 -0.999552 -0.016599
vn 0.024899 -0.999552 -0.016599
vn 0.024899 -0.999552 -0.016599
vn 0.024899 -0.999552 -0.016599
vn 0.024899 -0.999552 -0.016599
vn 0.024899 -0.999552 -0.016599
vn 0.024899 -0.999552 -0.016599
vn 0.024899 -0.999552 -0.016599
vn 0.024899 -0.999552 -0.016599
vn -0.030200 -0.612497 -0.789896
vn -0.489612 -0.487812 -0.722717
vn -0.669238 -0.452426 -0.589433
vn -0.758121 -0.459913 -0.462313
vn -0.825692 -0.524495 -0.207698
vn -0.638586 -0.689185 0.342392
vn 0.012601 -0.652435 0.757740
vn 0.475309 -0.537411 0.696614
vn 0.655947 -0.500236 0.565241
vn 0.744715 -0.503710 0.437809
vn 0.810593 -0.557195 0.180199
vn 0.619406 -0.688406 -0.377403
vn -0.431889 0.233494 0.871179
vn -0.431808 0.233504 0.871216
vn -0.431808 0.233504 0.871216
vn -0.001800 0.217301 0.976103
vn -0.001700 0.217301 0.976103
vn -0.001700 0.217301 0.976103
vn 0.511594 0.291996 0.808090
vn 0.511594 0.291996 0.808090
vn 0.511594 0.291996 0.808090
vn 0.708401 0.323901 0.627101
vn 0.708424 0.323811 0.627122
vn 0.708424 0.323811 0.627122
vn 0.815491 0.322197 0.480795
vn 0.815530 0.322212 0.480718
vn 0.815530 0.322212 0.480718
vn 0.941677 0.281893 0.183796
vn 0.941677 0.281893 0.183796
vn 0.941677 0.281893 0.183796
vn 0.816282 0.216895 -0.535388
vn 0.816282 0.216895 -0.535388
vn 0.816326 0.216907 -0.535317
vn 0.060400 0.261901 -0.963203
vn 0.060400 0.261901 -0.963203
vn 0.060501 0.261806 -0.963222
vn -0.502719 0.346813 -0.791830
vn -0.502719 0.346813 -0.791830
vn -0.502719 0.346813 -0.791830
vn -0.698708 0.374904 -0.609307
vn -0.698665 0.374881 -0.609370
vn -0.698665 0.374881 -0.609370
vn -0.805883 0.368792 -0.463190
vn -0.805883 0.368792 -0.463190
vn -0.805883 0.368792 -0.463190
vn -0.933317 0.317006 -0.168603
vn -0.933317 0.317006 -0.168603
vn -0.933317 0.317006 -0.168603
vn -0.838620 0.220005 0.498312
vn -0.838620 0.220005 0.498312
vn -0.838601 0.220100 0.498301
vn 0.033301 0.826726 -0.561618
vn -0.347297 0.769894 -0.535396
vn -0.504810 0.746715 -0.433109
vn -0.579502 0.746403 -0.327201
vn -0.622597 0.775096 -0.107699
vn -0.441873 0.840448 0.313681
vn -0.010700 0.797765 0.602874
vn 0.368199 0.731798 0.573499
vn 0.525107 0.709410 0.470106
vn 0.599804 0.712404 0.364302
vn 0.643887 0.750985 0.146397
vn 0.465331 0.842657 -0.270918
vn -0.452186 -0.016399 0.891773
vn 0.061000 -0.026200 0.997794
vn 0.541992 -0.028900 0.839887
vn 0.751579 -0.027199 0.659082
vn 0.862363 -0.024899 0.505678
vn 0.980286 -0.018700 0.196697
vn 0.840578 0.002100 -0.541686
vn 0.037699 0.024899 -0.998979
vn -0.541992 0.028900 -0.839887
vn -0.751579 0.027199 -0.659082
vn -0.862365 0.024799 -0.505679
vn -0.980288 0.018600 -0.196698
vn -0.892982 0.001000 0.450091
vn 0.025899 -0.999568 -0.013900
vn -0.024599 -0.995773 -0.088498
vn -0.089002 -0.991326 -0.096703
vn -0.102904 -0.992643 -0.063803
vn -0.056002 -0.998430 -0.001500
vn 0.013199 -0.999857 -0.010600
vn -0.053699 -0.997879 -0.036799
vn -0.003200 -0.999280 0.037799
vn 0.061303 -0.997049 0.046202
vn 0.075099 -0.997089 0.013200
vn 0.028100 -0.998389 -0.049299
vn -0.041002 -0.998350 -0.040202
vn -0.002100 -0.744460 0.667664
vn 0.398009 -0.685715 0.609413
vn 0.563018 -0.668721 0.485616
vn 0.643073 -0.673071 0.365284
vn 0.707182 -0.694082 0.134697
vn 0.585298 -0.720498 -0.371899
vn -0.013300 -0.694078 -0.719777
vn -0.416503 -0.642505 -0.643205
vn -0.581063 -0.627260 -0.518567
vn -0.661307 -0.635506 -0.398504
vn -0.726170 -0.666372 -0.169193
vn -0.594003 -0.737904 0.320402
vn -0.013900 -0.999581 -0.025400
vn -0.013900 -0.999581 -0.025400
vn -0.013900 -0.999581 -0.025400
vn -0.013900 -0.999581 -0.025400
vn -0.013900 -0.999581 -0.025400
vn -0.013900 -0.999581 -0.025400
vn -0.013900 -0.999581 -0.025400
vn -0.013900 -0.999581 -0.025400
vn -0.013900 -0.999581 -0.025400
vn -0.917421 -0.369208 0.148403
vn -0.690504 -0.356802 0.629203
vn -0.309495 -0.339094 0.888385
vn 0.751084 -0.652186 -0.102598
vn 0.569613 -0.662015 -0.487111
vn 0.269895 -0.656288 -0.704587
vn 0.987823 0.060101 -0.143503
vn 0.987829 0.060002 -0.143504
vn 0.987829 0.060002 -0.143504
vn 0.737568 0.046498 -0.673670
vn 0.737568 0.046498 -0.673670
vn 0.737571 0.046398 -0.673674
vn 0.336218 0.037202 -0.941049
vn 0.336218 0.037202 -0.941049
vn 0.336306 0.037201 -0.941018
vn -0.636706 0.767008 0.079401
vn -0.481297 0.775395 0.408798
vn -0.237406 0.758720 0.606616
vn 0.989075 0.018100 -0.146296
vn 0.741329 0.004700 -0.671126
vn 0.337586 -0.007900 -0.941261
vn -0.412391 -0.907781 0.076598
vn -0.303413 -0.901839 0.307613
vn -0.134699 -0.887194 0.441297
vn 0.677680 -0.729878 -0.089597
vn 0.514414 -0.738720 -0.435512
vn 0.234695 -0.765984 -0.598487
vn -0.875507 -0.369903 -0.310902
vn -0.615982 -0.376289 -0.692079
vn -0.135198 -0.369894 -0.919185
vn 0.728213 -0.631411 0.266505
vn 0.511171 -0.646564 0.566268
vn 0.126701 -0.651603 0.747904
vn 0.939156 0.069997 0.336284
vn 0.939162 0.069897 0.336287
vn 0.939194 0.069900 0.336198
vn 0.671825 0.067503 0.737628
vn 0.671880 0.067498 0.737578
vn 0.671880 0.067498 0.737578
vn 0.141596 0.060498 0.988074
vn 0.141596 0.060498 0.988074
vn 0.141596 0.060498 0.988074
vn -0.634004 0.737204 -0.233601
vn -0.437085 0.762274 -0.477384
vn -0.107702 0.766614 -0.633011
vn 0.941074 0.024799 0.337291
vn 0.670798 0.025600 0.741198
vn 0.145903 0.018700 0.989122
vn -0.408594 -0.902086 -0.138898
vn -0.274599 -0.910998 -0.307699
vn -0.043602 -0.907943 -0.416820
vn 0.626208 -0.744710 0.230803
vn 0.462408 -0.724813 0.510709
vn 0.116500 -0.729397 0.674097
vn 0.850192 -0.328397 0.411496
vn 0.492893 -0.329495 0.805288
vn 0.052497 -0.330781 0.942246
vn -0.658490 -0.684690 -0.312395
vn -0.372701 -0.683802 -0.627302
vn -0.023201 -0.663030 -0.748233
vn -0.904960 0.016399 -0.425181
vn -0.904960 0.016399 -0.425181
vn -0.904960 0.016399 -0.425181
vn -0.510882 0.017599 -0.859470
vn -0.510882 0.017699 -0.859469
vn -0.510882 0.017699 -0.859469
vn -0.049199 0.028300 -0.998388
vn -0.049100 0.028300 -0.998393
vn -0.049100 0.028300 -0.998393
vn 0.550775 0.794364 0.256188
vn 0.305999 0.793597 0.525898
vn 0.016100 0.764602 0.644302
vn -0.903472 -0.025499 -0.427887
vn -0.513285 -0.024299 -0.857874
vn -0.048300 -0.016800 -0.998692
vn 0.412810 -0.888721 0.199405
vn 0.241091 -0.889268 0.388686
vn 0.040399 -0.883181 0.467290
vn -0.588593 -0.759091 -0.278097
vn -0.331487 -0.758269 -0.561377
vn -0.015500 -0.771788 -0.635691
vn 0.932015 -0.335405 -0.137302
vn 0.705105 -0.347703 -0.618005
vn 0.323801 -0.354001 -0.877403
vn -0.723525 -0.679124 0.123704
vn -0.542002 -0.669302 0.508202
vn -0.242895 -0.644288 0.725186
vn -0.989569 0.023699 0.142096
vn -0.989569 0.023699 0.142096
vn -0.989555 0.023699 0.142194
vn -0.739321 0.037301 0.672319
vn -0.739274 0.037199 0.672376
vn -0.739271 0.037299 0.672374
vn -0.338192 0.053099 0.939578
vn -0.338105 0.053001 0.939615
vn -0.338104 0.053101 0.939610
vn 0.604488 0.789784 -0.104098
vn 0.449030 0.781352 -0.433429
vn 0.206200 0.748299 -0.630499
vn -0.989090 -0.018100 0.146198
vn -0.741329 -0.004700 0.671126
vn -0.337586 0.007900 0.941261
vn 0.449693 -0.891887 -0.048099
vn 0.340697 -0.897792 -0.279097
vn 0.171603 -0.894415 -0.413007
vn -0.646920 -0.754123 0.113104
vn -0.483707 -0.745211 0.459007
vn -0.203200 -0.755699 0.622599
vn 0.020699 -0.999661 0.015799
vn 0.020699 -0.999661 0.015799
vn 0.020699 -0.999661 0.015799
vn 0.020699 -0.999661 0.015799
vn 0.020699 -0.999661 0.015799
vn 0.020699 -0.999661 0.015799
vn 0.020699 -0.999661 0.015799
vn 0.020699 -0.999661 0.015799
vn 0.020699 -0.999661 0.015799
vn 0.864606 -0.417803 0.279102
vn 0.576010 -0.403507 0.710912
vn 0.169503 -0.382406 0.908314
vn -0.711099 -0.673299 -0.202500
vn -0.481280 -0.684971 -0.546977
vn -0.161700 -0.680901 -0.714301
vn -0.955839 0.057502 -0.288212
vn -0.955811 0.057501 -0.288303
vn -0.955811 0.057501 -0.288303
vn -0.630011 0.040801 -0.775514
vn -0.629962 0.040798 -0.775554
vn -0.629902 0.040800 -0.775602
vn -0.193590 0.029099 -0.980651
vn -0.193494 0.029099 -0.980670
vn -0.193494 0.029099 -0.980670
vn 0.619609 0.766412 0.169403
vn 0.417287 0.776475 0.472185
vn 0.146900 0.761001 0.631901
vn -0.956651 0.019001 -0.290616
vn -0.634182 0.002900 -0.773178
vn -0.195007 -0.011500 -0.980734
vn 0.346404 -0.929612 0.125802
vn 0.220206 -0.923326 0.314609
vn 0.055798 -0.910160 0.410482
vn -0.652680 -0.734877 -0.184294
vn -0.442503 -0.744706 -0.499604
vn -0.144293 -0.771965 -0.619072
vn 0.864576 -0.426888 -0.265093
vn 0.576009 -0.426907 -0.697111
vn 0.169492 -0.412481 -0.895059
vn -0.711091 -0.665891 0.225697
vn -0.481202 -0.665903 0.570103
vn -0.161707 -0.656228 0.737032
vn -0.955921 0.067301 0.285806
vn -0.955921 0.067301 0.285806
vn -0.955921 0.067301 0.285806
vn -0.630100 0.067200 0.773601
vn -0.630100 0.067200 0.773601
vn -0.630100 0.067200 0.773601
vn -0.193599 0.062400 0.979094
vn -0.193598 0.062499 0.979088
vn -0.193598 0.062499 0.979088
vn 0.619690 0.760288 -0.194797
vn 0.417383 0.760268 -0.497779
vn 0.146903 0.739516 -0.656914
vn -0.956652 0.028702 0.289816
vn -0.634218 0.028701 0.772622
vn -0.194995 0.021199 0.980575
vn 0.346398 -0.933295 -0.094700
vn 0.220198 -0.933289 -0.283697
vn 0.055802 -0.923337 -0.379915
vn -0.652513 -0.728614 0.208204
vn -0.442202 -0.728503 0.523202
vn -0.144201 -0.751907 0.643306
vn -0.884523 -0.374310 0.278407
vn -0.596005 -0.374303 0.710405
vn -0.189109 -0.373517 0.908142
vn 0.675525 -0.709126 -0.202007
vn 0.445092 -0.709087 -0.546890
vn 0.126993 -0.688262 -0.714261
vn 0.957777 0.008300 -0.287393
vn 0.957804 0.008300 -0.287301
vn 0.957804 0.008300 -0.287301
vn 0.632398 0.008400 -0.774598
vn 0.632398 0.008400 -0.774598
vn 0.632398 0.008400 -0.774598
vn 0.196100 0.019100 -0.980398
vn 0.196100 0.019000 -0.980400
vn 0.196196 0.019000 -0.980381
vn -0.580881 0.796274 0.168894
vn -0.378491 0.796282 0.471889
vn -0.109406 0.767343 0.631835
vn 0.956652 -0.028702 -0.289816
vn 0.634218 -0.028701 -0.772622
vn 0.194995 -0.021199 -0.980575
vn -0.392313 -0.911230 0.125504
vn -0.266201 -0.911202 0.314401
vn -0.101395 -0.906259 0.410382
vn 0.617986 -0.764283 -0.184296
vn 0.407009 -0.764417 -0.500011
vn 0.106996 -0.777770 -0.619376
vn -0.884506 -0.383403 -0.265802
vn -0.595992 -0.397695 -0.697591
vn -0.189104 -0.403509 -0.895221
vn 0.675488 -0.701788 0.226296
vn 0.444903 -0.690105 0.570804
vn 0.126904 -0.663622 0.737225
vn 0.957883 0.018000 0.286595
vn 0.957909 0.018100 0.286503
vn 0.957910 0.018000 0.286503
vn 0.632492 0.034700 0.773790
vn 0.632492 0.034700 0.773790
vn 0.632600 0.034700 0.773701
vn 0.196193 0.052398 0.979164
vn 0.196193 0.052398 0.979164
vn 0.196289 0.052397 0.979145
vn -0.580899 0.790199 -0.195300
vn -0.378515 0.780131 -0.498120
vn -0.109401 0.745906 -0.657005
vn 0.956651 -0.019001 0.290616
vn 0.634182 -0.002900 0.773178
vn 0.195007 0.011500 0.980734
vn -0.392388 -0.914871 -0.095097
vn -0.266191 -0.921167 -0.283890
vn -0.101401 -0.919410 -0.380004
vn 0.617811 -0.758014 0.209104
vn 0.406689 -0.748080 0.524386
vn 0.106800 -0.757702 0.643802
vn -0.024899 -0.999552 0.016599
vn -0.024899 -0.999552 0.016599
vn -0.024699 -0.999554 0.016799
vn -0.024899 -0.999552 0.016599
vn -0.024899 -0.999552 0.016599
vn -0.024799 -0.999553 0.016699
vn -0.024899 -0.999552 0.016599
vn -0.024799 -0.999553 0.016699
vn -0.024899 -0.999551 0.016699
vn 0.922569 -0.372487 0.100597
vn 0.819719 -0.361208 -0.444510
vn 0.447497 -0.347298 -0.824094
vn -0.754267 -0.649571 -0.095596
vn -0.672505 -0.658605 0.337603
vn -0.374890 -0.669583 0.641183
vn -0.992623 0.063301 -0.103402
vn -0.992623 0.063301 -0.103402
vn -0.992623 0.063301 -0.103402
vn -0.886311 0.051601 0.460206
vn -0.886311 0.051601 0.460206
vn -0.886311 0.051601 0.460206
vn -0.475879 0.036298 0.878761
vn -0.475802 0.036300 0.878803
vn -0.475802 0.036300 0.878803
vn 0.639089 0.764887 0.080699
vn 0.571596 0.772295 -0.277198
vn 0.316595 0.781788 -0.537192
vn -0.993973 0.021499 -0.107497
vn -0.886367 0.009700 0.462883
vn -0.480022 -0.005400 0.877240
vn 0.415376 -0.909148 0.030198
vn 0.368984 -0.904062 -0.215691
vn 0.190105 -0.897423 -0.398110
vn -0.680363 -0.727561 -0.088095
vn -0.607088 -0.735586 0.300594
vn -0.339290 -0.745577 0.573583
vn 0.714261 -0.376679 0.589868
vn 0.343389 -0.368288 0.863972
vn -0.016100 -0.362308 0.931920
vn -0.587689 -0.646188 -0.486891
vn -0.296497 -0.632694 -0.715393
vn -0.005300 -0.637467 -0.770460
vn -0.762920 0.067902 -0.642917
vn -0.762871 0.067897 -0.642976
vn -0.762871 0.067897 -0.642976
vn -0.372212 0.068302 -0.925631
vn -0.372212 0.068302 -0.925631
vn -0.372212 0.068302 -0.925631
vn 0.010800 0.061901 -0.998024
vn 0.010800 0.061901 -0.998024
vn 0.010800 0.061901 -0.998024
vn 0.496393 0.761989 0.415894
vn 0.260303 0.738309 0.622208
vn 0.008400 0.742402 0.669902
vn -0.766507 0.026100 -0.641706
vn -0.373393 0.023200 -0.927383
vn 0.009900 0.016800 -0.999810
vn 0.315287 -0.911162 0.265289
vn 0.151899 -0.901297 0.405698
vn -0.022100 -0.898409 0.438604
vn -0.530518 -0.724525 -0.440015
vn -0.257312 -0.745834 -0.614428
vn -0.008600 -0.749991 -0.661392
vn -0.728172 -0.327887 -0.601877
vn -0.357093 -0.324793 -0.875782
vn 0.002400 -0.330799 -0.943698
vn 0.561396 -0.685095 0.464197
vn 0.270806 -0.667815 0.693316
vn -0.020401 -0.663021 0.748323
vn 0.764515 0.015800 0.644412
vn 0.764515 0.015800 0.644412
vn 0.764556 0.015799 0.644363
vn 0.373903 0.022000 0.927207
vn 0.373903 0.022000 0.927207
vn 0.373903 0.022000 0.927207
vn -0.009100 0.028299 0.999558
vn -0.009000 0.028299 0.999559
vn -0.009000 0.028299 0.999559
vn -0.465608 0.794714 -0.389407
vn -0.230504 0.768715 -0.596611
vn 0.021399 0.764575 -0.644179
vn 0.766507 -0.026100 0.641706
vn 0.373393 -0.023200 0.927383
vn -0.009900 -0.016800 0.999810
vn -0.350791 -0.888478 -0.295893
vn -0.187097 -0.880287 -0.435993
vn -0.013099 -0.883164 -0.468881
vn 0.501175 -0.759462 0.414779
vn 0.227203 -0.775910 0.588508
vn -0.021500 -0.771801 0.635501
vn -0.936499 -0.332100 -0.112600
vn -0.833685 -0.343394 0.432492
vn -0.461481 -0.357186 0.812067
vn 0.727990 -0.681690 0.072999
vn 0.646227 -0.672728 -0.360315
vn 0.348600 -0.661700 -0.663800
vn 0.994282 0.020500 0.104798
vn 0.994282 0.020500 0.104798
vn 0.994282 0.020500 0.104798
vn 0.887965 0.032199 -0.458782
vn 0.887968 0.032099 -0.458784
vn 0.887968 0.032099 -0.458784
vn 0.477480 0.047398 -0.877363
vn 0.477480 0.047398 -0.877363
vn 0.477480 0.047398 -0.877363
vn -0.608326 0.791834 -0.054202
vn -0.540805 0.784407 0.303703
vn -0.285813 0.774935 0.563726
vn 0.993973 -0.021499 0.107497
vn 0.886367 -0.009700 -0.462883
vn 0.480022 0.005400 -0.877240
vn -0.450900 -0.890501 -0.060800
vn -0.404504 -0.895608 0.185102
vn -0.225704 -0.902217 0.367507
vn 0.651037 -0.756443 0.062804
vn 0.577704 -0.748405 -0.325802
vn 0.309998 -0.738394 -0.598895
vn -0.019799 -0.999659 -0.016999
vn -0.019799 -0.999659 -0.016999
vn -0.019799 -0.999659 -0.016999
vn -0.019799 -0.999659 -0.016999
vn -0.019799 -0.999659 -0.016999
vn -0.019799 -0.999659 -0.016999
vn -0.019799 -0.999659 -0.016999
vn -0.019799 -0.999659 -0.016999
vn -0.019799 -0.999659 -0.016999
vn -0.865811 -0.371405 0.335304
vn -0.907888 -0.358195 -0.217797
vn -0.646811 -0.343506 -0.680911
vn 0.702006 -0.650406 -0.290103
vn 0.735407 -0.660906 0.149601
vn 0.526674 -0.672566 0.519874
vn 0.932005 0.062000 -0.357102
vn 0.932005 0.062000 -0.357102
vn 0.932005 0.062000 -0.357102
vn 0.975460 0.048398 0.214791
vn 0.975481 0.048399 0.214696
vn 0.975481 0.048399 0.214696
vn 0.687533 0.032302 0.725435
vn 0.687533 0.032302 0.725435
vn 0.687586 0.032299 0.725385
vn -0.594329 0.765638 0.246112
vn -0.621965 0.774256 -0.116993
vn -0.443101 0.784302 -0.434201
vn 0.932111 0.020300 -0.361604
vn 0.976105 0.006500 0.217201
vn 0.691098 -0.009500 0.722698
vn -0.395598 -0.908596 0.133999
vn -0.414617 -0.902636 -0.115505
vn -0.289111 -0.895635 -0.338013
vn 0.632419 -0.728321 -0.263808
vn 0.662398 -0.737698 0.130500
vn 0.474606 -0.748210 0.463606
vn -0.537813 -0.377709 0.753719
vn -0.108497 -0.370991 0.922277
vn 0.256395 -0.365793 0.894683
vn 0.439700 -0.645301 -0.624701
vn 0.099202 -0.630512 -0.769814
vn -0.196299 -0.634598 -0.747497
vn 0.570198 0.069100 -0.818596
vn 0.570198 0.069100 -0.818596
vn 0.570198 0.069100 -0.818596
vn 0.119497 0.071198 -0.990278
vn 0.119497 0.071198 -0.990278
vn 0.119497 0.071198 -0.990278
vn -0.269092 0.065698 -0.960871
vn -0.269092 0.065698 -0.960871
vn -0.269092 0.065698 -0.960871
vn -0.369589 0.761278 0.532785
vn -0.088198 0.736386 0.670788
vn 0.167502 0.740008 0.651407
vn 0.573933 0.027302 -0.818447
vn 0.120201 0.026100 -0.992406
vn -0.268794 0.020600 -0.962978
vn -0.237984 -0.911639 0.335078
vn -0.043699 -0.902583 0.428292
vn 0.132797 -0.900082 0.414992
vn 0.396403 -0.723705 -0.564904
vn 0.087198 -0.743983 -0.662485
vn -0.165102 -0.747508 -0.643407
vn 0.546373 -0.326784 -0.771161
vn 0.117005 -0.322115 -0.939442
vn -0.247913 -0.327217 -0.911849
vn -0.423517 -0.685927 0.591724
vn -0.083398 -0.669981 0.737679
vn 0.212093 -0.665879 0.715277
vn -0.571238 0.014601 0.820655
vn -0.571191 0.014600 0.820687
vn -0.571191 0.014600 0.820687
vn -0.120602 0.019100 0.992517
vn -0.120602 0.019100 0.992517
vn -0.120602 0.019100 0.992517
vn 0.267908 0.024601 0.963130
vn 0.267908 0.024601 0.963130
vn 0.268001 0.024600 0.963104
vn 0.350703 0.795406 -0.494304
vn 0.069799 0.770593 -0.633494
vn -0.185795 0.766980 -0.614184
vn -0.574000 -0.027300 0.818400
vn -0.120201 -0.026000 0.992409
vn 0.268794 -0.020500 0.962979
vn 0.259899 -0.887895 -0.379598
vn 0.065403 -0.878942 -0.472423
vn -0.111200 -0.881398 -0.459099
vn -0.378404 -0.760208 0.528105
vn -0.068699 -0.777686 0.624888
vn 0.183592 -0.774166 0.605773
vn 0.874402 -0.333201 -0.352701
vn 0.916474 -0.346290 0.200394
vn 0.655366 -0.360982 0.663466
vn -0.685831 -0.680830 0.257111
vn -0.719203 -0.670403 -0.182501
vn -0.510479 -0.658672 -0.552777
vn -0.933009 0.021600 0.359204
vn -0.933009 0.021600 0.359204
vn -0.933007 0.021700 0.359203
vn -0.976481 0.035299 -0.212696
vn -0.976481 0.035299 -0.212696
vn -0.976481 0.035299 -0.212696
vn -0.688609 0.051401 -0.723309
vn -0.688559 0.051397 -0.723357
vn -0.688559 0.051397 -0.723357
vn 0.575394 0.791091 -0.207598
vn 0.603018 0.782424 0.155505
vn 0.424202 0.772403 0.472702
vn -0.932111 -0.020300 0.361604
vn -0.976105 -0.006500 -0.217201
vn -0.691098 0.009500 -0.722698
vn 0.417490 -0.890978 -0.178496
vn 0.436499 -0.896899 0.071000
vn 0.311016 -0.903946 0.293515
vn -0.614402 -0.755603 0.227101
vn -0.644334 -0.746240 -0.167209
vn -0.456512 -0.735720 -0.500313
vn 0.012200 -0.999620 -0.024701
vn 0.012200 -0.999620 -0.024701
vn 0.012200 -0.999620 -0.024701
vn 0.012200 -0.999620 -0.024701
vn 0.012200 -0.999620 -0.024701
vn 0.012200 -0.999620 -0.024701
vn 0.012200 -0.999620 -0.024701
vn 0.012200 -0.999620 -0.024701
vn 0.012200 -0.999620 -0.024701
vn 0.747966 -0.417881 -0.515677
vn 0.347595 -0.403494 -0.846387
vn -0.098503 -0.382411 -0.918727
vn -0.622992 -0.673292 0.398195
vn -0.303907 -0.684916 0.662216
vn 0.050198 -0.680877 0.730675
vn -0.832791 0.057499 0.550594
vn -0.832791 0.057499 0.550594
vn -0.832791 0.057499 0.550594
vn -0.380699 0.040800 0.923798
vn -0.380699 0.040800 0.923798
vn -0.380699 0.040800 0.923798
vn 0.096203 0.029101 0.994936
vn 0.096303 0.029101 0.994927
vn 0.096303 0.029101 0.994927
vn 0.544894 0.766392 -0.340196
vn 0.264193 0.776480 -0.572085
vn -0.040699 0.760987 -0.647489
vn -0.832900 0.018900 0.553100
vn -0.385501 0.002900 0.922703
vn 0.094803 -0.011500 0.995430
vn 0.295707 -0.929623 -0.219905
vn 0.120602 -0.923318 -0.364607
vn -0.064398 -0.910174 -0.409189
vn -0.572271 -0.734863 0.363982
vn -0.280407 -0.744717 0.605614
vn 0.039500 -0.771997 0.634398
vn 0.904285 -0.426893 0.005600
vn 0.751980 -0.426889 0.502287
vn 0.419390 -0.412490 0.808680
vn -0.745969 -0.665872 -0.012000
vn -0.624622 -0.665923 -0.407914
vn -0.366501 -0.656202 -0.659602
vn -0.997739 0.067203 0.000700
vn -0.997739 0.067203 0.000700
vn -0.997739 0.067203 0.000800
vn -0.825702 0.067100 -0.560101
vn -0.825702 0.067100 -0.560101
vn -0.825702 0.067100 -0.560101
vn -0.466585 0.062398 -0.882272
vn -0.466582 0.062498 -0.882267
vn -0.466582 0.062498 -0.882267
vn 0.649506 0.760307 0.008700
vn 0.542692 0.760289 0.356995
vn 0.329392 0.739481 0.587085
vn -0.999587 0.028600 -0.002900
vn -0.829364 0.028599 -0.557976
vn -0.468384 0.021199 -0.883271
vn 0.358999 -0.933297 -0.008700
vn 0.292397 -0.933291 0.208498
vn 0.162604 -0.923320 0.347908
vn -0.684816 -0.728617 -0.012000
vn -0.573805 -0.728506 -0.374203
vn -0.322898 -0.751895 -0.574796
vn -0.927218 -0.374307 -0.012700
vn -0.774917 -0.374308 -0.509311
vn -0.441985 -0.373487 -0.815572
vn 0.705104 -0.709104 -0.000500
vn 0.583378 -0.709074 0.396085
vn 0.326699 -0.688298 0.647698
vn 0.999966 0.008300 0.000100
vn 0.999966 0.008300 0.000200
vn 0.999966 0.008300 0.000200
vn 0.828186 0.008400 0.560391
vn 0.828232 0.008400 0.560322
vn 0.828232 0.008400 0.560322
vn 0.469391 0.019100 0.882784
vn 0.469391 0.019100 0.882784
vn 0.469392 0.019000 0.882785
vn -0.604893 0.796291 0.005000
vn -0.498087 0.796279 -0.343291
vn -0.286213 0.767336 -0.573827
vn 0.999584 -0.028700 0.002900
vn 0.829362 -0.028699 0.557974
vn 0.468384 -0.021199 0.883271
vn -0.411899 -0.911198 -0.007500
vn -0.345211 -0.911228 -0.224707
vn -0.215009 -0.906237 -0.364015
vn 0.644933 -0.764239 -0.001000
vn 0.533488 -0.764382 0.362092
vn 0.280292 -0.777777 0.562583
vn -0.770917 -0.383408 0.508611
vn -0.370612 -0.397713 0.839328
vn 0.075902 -0.403510 0.911822
vn 0.582065 -0.701758 -0.410775
vn 0.262301 -0.690104 -0.674504
vn -0.090103 -0.663621 -0.742623
vn 0.835253 0.018099 -0.549569
vn 0.835254 0.017999 -0.549570
vn 0.835298 0.018100 -0.549499
vn 0.383702 0.034700 -0.922805
vn 0.383702 0.034700 -0.922805
vn 0.383787 0.034699 -0.922769
vn -0.093296 0.052398 -0.994259
vn -0.093197 0.052398 -0.994268
vn -0.093197 0.052398 -0.994268
vn -0.500310 0.790215 0.353907
vn -0.219606 0.780123 0.585817
vn 0.083897 0.745877 0.660779
vn 0.832899 -0.019000 -0.553099
vn 0.385416 -0.002900 -0.922738
vn -0.094803 0.011500 -0.995430
vn -0.348502 -0.914905 0.203701
vn -0.173401 -0.921205 0.348302
vn 0.012000 -0.919415 0.393106
vn 0.531720 -0.758028 -0.377714
vn 0.238899 -0.748096 -0.619096
vn -0.082603 -0.757727 -0.647323
vn -0.028599 -0.999552 -0.008800
vn -0.028599 -0.999552 -0.008800
vn -0.028599 -0.999552 -0.008800
vn -0.028599 -0.999552 -0.008800
vn -0.028599 -0.999552 -0.008800
vn -0.028599 -0.999552 -0.008800
vn -0.028599 -0.999552 -0.008800
vn -0.028599 -0.999552 -0.008800
vn -0.028599 -0.999552 -0.008800
vn 0.669973 -0.365685 0.646074
vn 0.281500 -0.348600 0.894000
vn -0.081799 -0.339096 0.937189
vn -0.557685 -0.654983 -0.509887
vn -0.251590 -0.648573 -0.718370
vn 0.042600 -0.656298 -0.753298
vn -0.717014 0.055901 -0.694814
vn -0.717010 0.056001 -0.694810
vn -0.717010 0.056001 -0.694810
vn -0.308001 0.047400 -0.950204
vn -0.308001 0.047400 -0.950204
vn -0.308001 0.047400 -0.950204
vn 0.078898 0.037399 -0.996181
vn 0.078899 0.037299 -0.996185
vn 0.078899 0.037299 -0.996185
vn 0.472199 0.769499 0.429999
vn 0.222494 0.752079 0.620382
vn -0.032001 0.758727 0.650623
vn -0.720995 0.014200 -0.692795
vn -0.309499 0.002300 -0.950897
vn 0.077902 -0.007800 -0.996930
vn 0.290295 -0.905984 0.308094
vn 0.117796 -0.891771 0.436886
vn -0.058001 -0.887210 0.457705
vn -0.504389 -0.732384 -0.457390
vn -0.219997 -0.759489 -0.612191
vn 0.031200 -0.765992 -0.642093
vn 0.911063 -0.374585 0.172193
vn 0.845577 -0.376190 -0.378790
vn 0.500115 -0.369811 -0.783023
vn -0.750445 -0.647839 -0.130908
vn -0.698409 -0.646508 0.307004
vn -0.422120 -0.651632 0.630231
vn -0.982863 0.065798 -0.172194
vn -0.982863 0.065798 -0.172194
vn -0.982863 0.065798 -0.172194
vn -0.915150 0.067504 0.397422
vn -0.915150 0.067504 0.397422
vn -0.915114 0.067501 0.397506
vn -0.534124 0.060503 0.843238
vn -0.534124 0.060503 0.843238
vn -0.534124 0.060503 0.843238
vn 0.637287 0.763385 0.105398
vn 0.594305 0.762306 -0.256302
vn 0.357598 0.766697 -0.533198
vn -0.984207 0.023900 -0.175401
vn -0.915680 0.025599 0.401091
vn -0.538508 0.018700 0.842413
vn 0.406094 -0.910288 0.080399
vn 0.376599 -0.910997 -0.168099
vn 0.210603 -0.907914 -0.362406
vn -0.677787 -0.725986 -0.116398
vn -0.631111 -0.724813 0.276305
vn -0.382513 -0.729424 0.567119
vn -0.928940 -0.329914 -0.168007
vn -0.863430 -0.328312 0.383013
vn -0.518009 -0.334606 0.787214
vn 0.716607 -0.683506 0.138901
vn 0.664565 -0.684764 -0.299084
vn 0.388295 -0.679691 -0.622292
vn 0.984987 0.017900 0.171698
vn 0.984987 0.017900 0.171698
vn 0.984987 0.017900 0.171698
vn 0.917250 0.016299 -0.397978
vn 0.917287 0.016300 -0.397894
vn 0.917288 0.016200 -0.397895
vn 0.536230 0.023401 -0.843747
vn 0.536230 0.023401 -0.843747
vn 0.536301 0.023400 -0.843702
vn -0.597799 0.793398 -0.114700
vn -0.554775 0.794464 0.247089
vn -0.318113 0.790133 0.523922
vn 0.984205 -0.024000 0.175401
vn 0.915680 -0.025599 -0.401091
vn 0.538509 -0.018600 -0.842414
vn -0.451797 -0.889394 -0.069700
vn -0.422318 -0.888637 0.178807
vn -0.256297 -0.891690 0.373096
vn 0.640103 -0.758003 0.125300
vn 0.593381 -0.759176 -0.267491
vn 0.344887 -0.754571 -0.558279
vn -0.687867 -0.338884 -0.641869
vn -0.299101 -0.344401 -0.889903
vn 0.064199 -0.353892 -0.933080
vn 0.523908 -0.676310 0.517808
vn 0.218507 -0.651920 0.726123
vn -0.075596 -0.644264 0.761058
vn 0.719125 0.027801 0.694324
vn 0.719125 0.027801 0.694324
vn 0.719173 0.027799 0.694274
vn 0.310200 0.043000 0.949699
vn 0.310290 0.042999 0.949669
vn 0.310290 0.042999 0.949669
vn -0.076604 0.053102 0.995647
vn -0.076604 0.053102 0.995647
vn -0.076604 0.053102 0.995647
vn -0.432588 0.787278 -0.439388
vn -0.184202 0.755010 -0.629308
vn 0.070296 0.748356 -0.659562
vn 0.720995 -0.014200 0.692795
vn 0.309499 -0.002100 0.950897
vn -0.077902 0.008000 0.996929
vn -0.335993 -0.893681 -0.297394
vn -0.163101 -0.889804 -0.426202
vn 0.012700 -0.894395 -0.447098
vn 0.466687 -0.751580 0.466187
vn 0.181398 -0.762292 0.621293
vn -0.069804 -0.755743 0.651137
vn -0.025399 -0.999659 0.006000
vn -0.025399 -0.999659 0.006000
vn -0.025399 -0.999659 0.006000
vn -0.025399 -0.999659 0.006000
vn -0.535489 -0.711885 0.454391
vn 0.070300 -0.563097 0.823395
vn 0.426598 -0.480898 0.765997
vn 0.625787 -0.471190 0.621587
vn 0.768770 -0.521280 0.370486
vn 0.686265 -0.690365 -0.228988
vn 0.065699 -0.646490 -0.760088
vn -0.418886 -0.509283 -0.751775
vn -0.618208 -0.498507 -0.607708
vn -0.769822 -0.585016 -0.255207
vn 0.746884 0.203696 -0.632987
vn 0.746884 0.203696 -0.632987
vn 0.746931 0.203709 -0.632927
vn -0.004700 0.255312 -0.966847
vn -0.004700 0.255312 -0.966847
vn -0.004700 0.255406 -0.966822
vn -0.446509 0.316807 -0.836817
vn -0.446509 0.316807 -0.836817
vn -0.446509 0.316807 -0.836817
vn -0.674836 0.324417 -0.662835
vn -0.674791 0.324396 -0.662891
vn -0.674791 0.324396 -0.662891
vn -0.888346 0.285183 -0.359878
vn -0.888346 0.285183 -0.359878
vn -0.888346 0.285183 -0.359878
vn -0.907741 0.214286 0.360677
vn -0.907723 0.214306 0.360709
vn -0.907723 0.214306 0.360709
vn -0.180193 0.247590 0.951961
vn -0.180193 0.247590 0.951961
vn -0.180193 0.247590 0.951961
vn 0.441301 0.347601 0.827301
vn 0.441301 0.347601 0.827301
vn 0.441301 0.347601 0.827301
vn 0.669519 0.353810 0.653118
vn 0.669519 0.353810 0.653118
vn 0.669519 0.353810 0.653118
vn 0.934124 0.277507 0.224506
vn 0.934124 0.277507 0.224506
vn 0.934162 0.277389 0.224491
vn -0.405093 0.855886 0.321495
vn 0.008400 0.792421 0.609916
vn 0.311105 0.755012 0.577209
vn 0.473801 0.751002 0.459901
vn 0.589410 0.771514 0.239504
vn 0.496094 0.842889 -0.208397
vn 0.083395 0.825053 -0.558868
vn -0.322694 0.733186 -0.598588
vn -0.485407 0.730011 -0.481107
vn -0.587302 0.792203 -0.165801
vn 0.766699 -0.003200 -0.641999
vn -0.023400 -0.014500 -0.999621
vn -0.474383 -0.016299 -0.880168
vn -0.713788 -0.015600 -0.700188
vn -0.921662 -0.012799 -0.387784
vn -0.931478 -0.002100 0.363791
vn -0.162098 0.012900 0.986690
vn 0.474382 0.016399 0.880166
vn 0.713788 0.015600 0.700188
vn 0.966425 0.011200 0.256707
vn 0.021801 -0.999724 0.008800
vn -0.035200 -0.999211 0.018400
vn 0.030399 -0.995469 0.090097
vn 0.074204 -0.994553 0.073204
vn 0.044301 -0.998919 -0.014100
vn -0.008700 -0.999961 0.001500
vn 0.053200 -0.997391 0.048800
vn -0.014800 -0.997997 -0.061500
vn -0.058699 -0.997275 -0.044699
vn 0.003700 -0.997832 0.065702
vn 0.537019 -0.726626 -0.428515
vn -0.033098 -0.709265 -0.704165
vn -0.355197 -0.663194 -0.658794
vn -0.542199 -0.654199 -0.527299
vn -0.662828 -0.692530 -0.284712
vn -0.645896 -0.722296 0.247199
vn -0.078799 -0.685087 0.724187
vn 0.365299 -0.638398 0.677498
vn 0.552277 -0.630173 0.545777
vn 0.705918 -0.673617 0.218906
vn 0.007800 -0.999867 0.014300
vn 0.007800 -0.999867 0.014300
vn 0.007800 -0.999867 0.014300
vn 0.007800 -0.999867 0.014300
vn 0.007800 -0.999867 0.014300
vn 0.007800 -0.999867 0.014300
vn 0.007800 -0.999867 0.014300
vn 0.007800 -0.999867 0.014300
vn -0.717900 -0.684500 -0.126800
vn -0.518704 -0.525604 -0.674305
vn -0.306313 -0.463919 -0.831235
vn -0.157394 -0.457883 -0.874968
vn 0.065797 -0.495075 -0.866356
vn 0.465317 -0.621123 -0.630623
vn 0.713871 -0.693372 0.098096
vn 0.515520 -0.556321 0.651725
vn 0.303491 -0.499886 0.811177
vn 0.154598 -0.494894 0.855090
vn -0.068900 -0.530303 0.845004
vn -0.469105 -0.644107 0.604207
vn 0.973489 0.209898 0.090899
vn 0.973489 0.209898 0.090899
vn 0.973489 0.209898 0.090899
vn 0.622232 0.282615 0.730038
vn 0.622232 0.282615 0.730038
vn 0.622232 0.282615 0.730038
vn 0.338494 0.326294 0.882584
vn 0.338494 0.326294 0.882584
vn 0.338494 0.326294 0.882584
vn 0.163406 0.329712 0.929833
vn 0.163406 0.329712 0.929833
vn 0.163406 0.329712 0.929833
vn -0.103603 0.300210 0.948230
vn -0.103597 0.300090 0.948269
vn -0.103593 0.300181 0.948240
vn -0.650029 0.225010 0.725832
vn -0.649997 0.224899 0.725896
vn -0.649997 0.224899 0.725896
vn -0.972234 0.219208 -0.081903
vn -0.972213 0.219303 -0.081901
vn -0.972205 0.219301 -0.082000
vn -0.620500 0.316500 -0.717500
vn -0.620456 0.316477 -0.717549
vn -0.620456 0.316477 -0.717549
vn -0.336397 0.364797 -0.868193
vn -0.336397 0.364797 -0.868193
vn -0.336397 0.364797 -0.868193
vn -0.161389 0.369176 -0.915239
vn -0.161307 0.369215 -0.915238
vn -0.161292 0.369181 -0.915254
vn 0.105502 0.338808 -0.934922
vn 0.105502 0.338808 -0.934922
vn 0.105502 0.338808 -0.934922
vn 0.651391 0.251096 -0.715990
vn 0.651391 0.251096 -0.715990
vn 0.651421 0.251208 -0.715923
vn -0.534275 0.844461 -0.037898
vn -0.412408 0.774715 -0.479309
vn -0.241702 0.743605 -0.623404
vn -0.117299 0.742592 -0.659393
vn 0.069797 0.764467 -0.640873
vn 0.383690 0.820478 -0.423789
vn 0.539275 0.838960 0.072997
vn 0.416997 0.751594 0.511096
vn 0.246087 0.715563 0.653766
vn 0.121593 0.713757 0.689758
vn -0.065304 0.737541 0.672137
vn -0.378909 0.804319 0.457711
vn 0.994689 -0.005100 0.102799
vn 0.641998 -0.017900 0.766497
vn 0.356697 -0.020600 0.933993
vn 0.174295 -0.020999 0.984470
vn -0.102403 -0.020401 0.994534
vn -0.654198 -0.013800 0.756198
vn -0.994689 0.005100 -0.102799
vn -0.641998 0.017900 -0.766497
vn -0.356698 0.020500 -0.933995
vn -0.174294 0.021099 -0.984468
vn 0.102403 0.020401 -0.994534
vn 0.654198 0.013800 -0.756198
vn 0.008900 -0.999931 0.007700
vn -0.050800 -0.998302 -0.028500
vn -0.048302 -0.993138 -0.106504
vn -0.016900 -0.992201 -0.123500
vn 0.028201 -0.996647 -0.076804
vn 0.020900 -0.999697 0.013000
vn -0.014800 -0.998674 -0.049299
vn 0.044800 -0.998910 -0.013100
vn 0.042399 -0.996984 0.064999
vn 0.011000 -0.996564 0.082097
vn -0.034100 -0.998798 0.035200
vn -0.026901 -0.998140 -0.054702
vn 0.683563 -0.725361 0.081196
vn 0.462214 -0.693521 0.552617
vn 0.268203 -0.669908 0.692308
vn 0.130506 -0.664132 0.736136
vn -0.075803 -0.679524 0.729726
vn -0.438289 -0.722282 0.534987
vn -0.687808 -0.717309 -0.111301
vn -0.466186 -0.667180 -0.580983
vn -0.272000 -0.638900 -0.719599
vn -0.134306 -0.632129 -0.763135
vn 0.071899 -0.648992 -0.757390
vn 0.434102 -0.701903 -0.564702
vn -0.003000 -0.999779 -0.020800
vn -0.003000 -0.999779 -0.020800
vn -0.003000 -0.999779 -0.020800
vn -0.003000 -0.999779 -0.020800
vn -0.003000 -0.999779 -0.020800
vn -0.003000 -0.999779 -0.020800
vn -0.003000 -0.999779 -0.020800
vn -0.003000 -0.999779 -0.020800
vn -0.003000 -0.999779 -0.020800
vn -0.327899 -0.663699 -0.672299
vn -0.769677 -0.563083 -0.300891
vn -0.875678 -0.480888 0.043999
vn -0.851917 -0.462509 0.245605
vn -0.744814 -0.500410 0.441409
vn -0.355419 -0.626534 0.693637
vn 0.408017 -0.695429 0.591524
vn 0.815057 -0.554371 0.168391
vn 0.863307 -0.496204 -0.092101
vn 0.836366 -0.490380 -0.244990
vn 0.728025 -0.525118 -0.440715
vn 0.334800 -0.638700 -0.692800
vn 0.400582 0.220390 0.889361
vn 0.400582 0.220390 0.889361
vn 0.400582 0.220390 0.889361
vn 0.869296 0.255399 0.423198
vn 0.869318 0.255305 0.423209
vn 0.869332 0.255410 0.423116
vn 0.947999 0.316800 -0.030600
vn 0.947999 0.316800 -0.030600
vn 0.947999 0.316800 -0.030600
vn 0.904182 0.334693 -0.265395
vn 0.904213 0.334605 -0.265404
vn 0.904213 0.334605 -0.265404
vn 0.802013 0.306105 -0.512908
vn 0.802054 0.306121 -0.512835
vn 0.802054 0.306121 -0.512835
vn 0.360007 0.231705 -0.903719
vn 0.360095 0.231696 -0.903686
vn 0.360103 0.231602 -0.903707
vn -0.506804 0.222302 -0.832906
vn -0.506792 0.222397 -0.832887
vn -0.506792 0.222397 -0.832887
vn -0.919831 0.314511 -0.234508
vn -0.919831 0.314511 -0.234508
vn -0.919831 0.314511 -0.234508
vn -0.928524 0.360909 0.087102
vn -0.928524 0.360909 0.087102
vn -0.928524 0.360909 0.087102
vn -0.892810 0.364304 0.264903
vn -0.892810 0.364304 0.264903
vn -0.892786 0.364294 0.264996
vn -0.791624 0.332810 0.512415
vn -0.791624 0.332810 0.512415
vn -0.791597 0.332899 0.512398
vn -0.352295 0.244497 0.903388
vn -0.352295 0.244497 0.903388
vn -0.352208 0.244505 0.903420
vn -0.231488 0.808957 -0.540372
vn -0.550807 0.792410 -0.262103
vn -0.655295 0.754995 0.023900
vn -0.645406 0.739107 0.192802
vn -0.545689 0.760384 0.352193
vn -0.211799 0.816497 0.537098
vn 0.302207 0.837420 0.455411
vn 0.640484 0.753081 0.150496
vn 0.692381 0.718480 -0.066298
vn 0.669183 0.717382 -0.193795
vn 0.570201 0.741701 -0.353200
vn 0.238412 0.808442 -0.538128
vn 0.412801 -0.006100 0.910801
vn 0.906993 -0.014500 0.420897
vn 0.999201 -0.016300 -0.036500
vn 0.959286 -0.015800 -0.281996
vn 0.845184 -0.014100 -0.534290
vn 0.386196 -0.006900 -0.922391
vn -0.534630 0.008200 -0.845047
vn -0.972160 0.015699 -0.233790
vn -0.995228 0.016300 0.096203
vn -0.959286 0.015800 0.281996
vn -0.845184 0.014100 0.534290
vn -0.386196 0.006900 0.922391
vn -0.013700 -0.999804 -0.014300
vn -0.000900 -0.999211 -0.039700
vn -0.094297 -0.995464 -0.012600
vn -0.114505 -0.992844 0.033902
vn -0.052599 -0.997182 0.053499
vn 0.024599 -0.999673 0.007000
vn -0.047099 -0.998887 0.002700
vn 0.011800 -0.999126 0.040101
vn 0.080703 -0.996733 0.003100
vn 0.082000 -0.996099 -0.032600
vn 0.020001 -0.998441 -0.052102
vn -0.057203 -0.998346 -0.005700
vn 0.271191 -0.748474 0.605179
vn 0.646265 -0.709261 0.281585
vn 0.747923 -0.663220 -0.027401
vn 0.719741 -0.660238 -0.214612
vn 0.622227 -0.674929 -0.396617
vn 0.286686 -0.717464 -0.634868
vn -0.403103 -0.715405 -0.570704
vn -0.725280 -0.668881 -0.162995
vn -0.763138 -0.642132 0.072704
vn -0.740901 -0.636101 0.215500
vn -0.643920 -0.653721 0.397513
vn -0.309992 -0.706883 0.635784
vn -0.016299 -0.999867 0.000700
vn -0.016299 -0.999867 0.000700
vn -0.016299 -0.999867 0.000700
vn -0.016299 -0.999867 0.000700
vn 0.371008 -0.041101 0.927720
vn 0.004100 0.999054 0.043298
vn -0.001600 -0.998963 -0.045498
vn -0.001600 -0.998963 -0.045498
vn -0.368303 0.043100 -0.928706
vn -0.371008 -0.041101 0.927720
vn -0.004000 0.999054 0.043298
vn 0.001600 -0.998963 -0.045498
vn 0.001600 -0.998963 -0.045498
vn 0.368303 0.043100 -0.928706
o UFO
f 1/1/1 2/2/2 3/3/3
f 1/1/1 3/3/3 7/7/7
f 2/2/2 9/9/9 8/8/8
f 2/2/2 8/8/8 3/3/3
f 13/13/13 14/14/14 2/2/2
f 13/13/13 2/2/2 1/1/1
f 5/5/5 4/4/4 12/12/12
f 5/5/5 12/12/12 11/11/11
f 3495/3495/3495 6/6/6 10/10/10
f 3495/3495/3495 10/10/10 3496/3496/3496
f 11/11/11 12/12/12 14/14/14
f 11/11/11 14/14/14 13/13/13
f 15/15/15 20/20/20 17/17/17
f 15/15/15 17/17/17 16/16/16
f 16/16/16 17/17/17 8/8/8
f 16/16/16 8/8/8 9/9/9
f 23/23/23 15/15/15 16/16/16
f 23/23/23 16/16/16 24/24/24
f 19/19/19 21/21/21 22/22/22
f 19/19/19 22/22/22 18/18/18
f 3490/3490/3490 3491/3491/3491 10/10/10
f 3490/3490/3490 10/10/10 6/6/6
f 21/21/21 23/23/23 24/24/24
f 21/21/21 24/24/24 22/22/22
f 25/25/25 36/36/36 28/28/28
f 25/25/25 28/28/28 27/27/27
f 27/27/27 28/28/28 38/38/38
f 27/27/27 38/38/38 40/40/40
f 45/45/45 25/25/25 27/27/27
f 45/45/45 27/27/27 47/47/47
f 33/33/33 43/43/43 44/44/44
f 33/33/33 44/44/44 31/31/31
f 3498/3498/3498 3499/3499/3499 41/41/41
f 3498/3498/3498 41/41/41 35/35/35
f 43/43/43 45/45/45 47/47/47
f 43/43/43 47/47/47 44/44/44
f 48/48/48 50/50/50 51/51/51
f 48/48/48 51/51/51 57/57/57
f 50/50/50 40/40/40 38/38/38
f 50/50/50 38/38/38 51/51/51
f 62/62/62 64/64/64 50/50/50
f 62/62/62 50/50/50 48/48/48
f 56/56/56 54/54/54 61/61/61
f 56/56/56 61/61/61 60/60/60
f 3493/3493/3493 35/35/35 41/41/41
f 3493/3493/3493 41/41/41 3494/3494/3494
f 60/60/60 61/61/61 64/64/64
f 60/60/60 64/64/64 62/62/62
f 3495/3495/3495 4/4/4 30/30/30
f 3495/3495/3495 30/30/30 3497/3497/3497
f 3/3/3 8/8/8 39/39/39
f 3/3/3 39/39/39 29/29/29
f 13/13/13 1/1/1 26/26/26
f 13/13/13 26/26/26 46/46/46
f 2/2/2 14/14/14 47/47/47
f 2/2/2 47/47/47 27/27/27
f 4/4/4 5/5/5 32/32/32
f 4/4/4 32/32/32 30/30/30
f 1/1/1 7/7/7 37/37/37
f 1/1/1 37/37/37 26/26/26
f 7/7/7 3/3/3 29/29/29
f 7/7/7 29/29/29 37/37/37
f 9/9/9 2/2/2 27/27/27
f 9/9/9 27/27/27 40/40/40
f 5/5/5 11/11/11 42/42/42
f 5/5/5 42/42/42 32/32/32
f 3496/3496/3496 10/10/10 41/41/41
f 3496/3496/3496 41/41/41 3499/3499/3499
f 11/11/11 13/13/13 46/46/46
f 11/11/11 46/46/46 42/42/42
f 14/14/14 12/12/12 44/44/44
f 14/14/14 44/44/44 47/47/47
f 3490/3490/3490 6/6/6 34/34/34
f 3490/3490/3490 34/34/34 3492/3492/3492
f 8/8/8 17/17/17 52/52/52
f 8/8/8 52/52/52 39/39/39
f 15/15/15 23/23/23 63/63/63
f 15/15/15 63/63/63 49/49/49
f 24/24/24 16/16/16 50/50/50
f 24/24/24 50/50/50 64/64/64
f 19/19/19 18/18/18 53/53/53
f 19/19/19 53/53/53 55/55/55
f 20/20/20 15/15/15 49/49/49
f 20/20/20 49/49/49 58/58/58
f 17/17/17 20/20/20 58/58/58
f 17/17/17 58/58/58 52/52/52
f 16/16/16 9/9/9 40/40/40
f 16/16/16 40/40/40 50/50/50
f 21/21/21 19/19/19 55/55/55
f 21/21/21 55/55/55 59/59/59
f 3491/3491/3491 22/22/22 61/61/61
f 3491/3491/3491 61/61/61 3494/3494/3494
f 23/23/23 21/21/21 59/59/59
f 23/23/23 59/59/59 63/63/63
f 22/22/22 24/24/24 64/64/64
f 22/22/22 64/64/64 61/61/61
f 77/77/77 82/82/82 66/66/66
f 66/66/66 85/85/85 83/83/83
f 77/77/77 66/66/66 83/83/83
f 79/79/79 69/69/69 65/65/65
f 79/79/79 65/65/65 67/67/67
f 85/85/85 70/70/70 74/74/74
f 85/85/85 74/74/74 83/83/83
f 84/84/84 86/86/86 68/68/68
f 68/68/68 72/72/72 78/78/78
f 68/68/68 78/78/78 84/84/84
f 79/79/79 75/75/75 73/73/73
f 79/79/79 73/73/73 69/69/69
f 77/77/77 83/83/83 84/84/84
f 77/77/77 84/84/84 78/78/78
f 80/80/80 68/68/68 86/86/86
f 66/66/66 70/70/70 85/85/85
f 174/174/174 176/176/176 180/180/180
f 174/174/174 180/180/180 190/190/190
f 80/80/80 86/86/86 84/84/84
f 80/80/80 84/84/84 76/76/76
f 93/93/93 100/100/100 99/99/99
f 93/93/93 99/99/99 103/103/103
f 84/84/84 83/83/83 74/74/74
f 84/84/84 74/74/74 76/76/76
f 129/129/129 127/127/127 117/117/117
f 129/129/129 117/117/117 113/113/113
f 87/87/87 103/103/103 99/99/99
f 99/99/99 105/105/105 107/107/107
f 87/87/87 99/99/99 107/107/107
f 90/90/90 88/88/88 92/92/92
f 90/90/90 92/92/92 102/102/102
f 107/107/107 105/105/105 95/95/95
f 107/107/107 95/95/95 91/91/91
f 89/89/89 108/108/108 106/106/106
f 100/100/100 93/93/93 89/89/89
f 106/106/106 100/100/100 89/89/89
f 102/102/102 92/92/92 96/96/96
f 102/102/102 96/96/96 98/98/98
f 100/100/100 106/106/106 105/105/105
f 100/100/100 105/105/105 99/99/99
f 101/101/101 108/108/108 89/89/89
f 87/87/87 107/107/107 91/91/91
f 133/133/133 131/131/131 147/147/147
f 133/133/133 147/147/147 137/137/137
f 101/101/101 97/97/97 106/106/106
f 101/101/101 106/106/106 108/108/108
f 115/115/115 122/122/122 121/121/121
f 115/115/115 121/121/121 125/125/125
f 97/97/97 95/95/95 105/105/105
f 97/97/97 105/105/105 106/106/106
f 109/109/109 125/125/125 121/121/121
f 121/121/121 127/127/127 129/129/129
f 121/121/121 129/129/129 109/109/109
f 112/112/112 110/110/110 114/114/114
f 112/112/112 114/114/114 124/124/124
f 111/111/111 130/130/130 128/128/128
f 122/122/122 115/115/115 111/111/111
f 128/128/128 122/122/122 111/111/111
f 124/124/124 114/114/114 118/118/118
f 124/124/124 118/118/118 120/120/120
f 122/122/122 128/128/128 127/127/127
f 122/122/122 127/127/127 121/121/121
f 123/123/123 130/130/130 111/111/111
f 109/109/109 129/129/129 113/113/113
f 195/195/195 197/197/197 201/201/201
f 195/195/195 201/201/201 211/211/211
f 123/123/123 119/119/119 128/128/128
f 123/123/123 128/128/128 130/130/130
f 138/138/138 148/148/148 143/143/143
f 138/138/138 143/143/143 144/144/144
f 119/119/119 117/117/117 127/127/127
f 119/119/119 127/127/127 128/128/128
f 143/143/143 148/148/148 132/132/132
f 132/132/132 151/151/151 149/149/149
f 143/143/143 132/132/132 149/149/149
f 145/145/145 135/135/135 131/131/131
f 145/145/145 131/131/131 133/133/133
f 151/151/151 136/136/136 140/140/140
f 151/151/151 140/140/140 149/149/149
f 150/150/150 152/152/152 134/134/134
f 134/134/134 138/138/138 144/144/144
f 134/134/134 144/144/144 150/150/150
f 145/145/145 141/141/141 139/139/139
f 145/145/145 139/139/139 135/135/135
f 143/143/143 149/149/149 150/150/150
f 143/143/143 150/150/150 144/144/144
f 146/146/146 134/134/134 152/152/152
f 132/132/132 136/136/136 151/151/151
f 155/155/155 153/153/153 169/169/169
f 155/155/155 169/169/169 159/159/159
f 146/146/146 152/152/152 150/150/150
f 146/146/146 150/150/150 142/142/142
f 160/160/160 170/170/170 165/165/165
f 160/160/160 165/165/165 166/166/166
f 150/150/150 149/149/149 140/140/140
f 150/150/150 140/140/140 142/142/142
f 215/215/215 213/213/213 204/204/204
f 215/215/215 204/204/204 200/200/200
f 171/171/171 165/165/165 154/154/154
f 165/165/165 170/170/170 154/154/154
f 167/167/167 157/157/157 153/153/153
f 167/167/167 153/153/153 155/155/155
f 154/154/154 158/158/158 162/162/162
f 154/154/154 162/162/162 171/171/171
f 167/167/167 163/163/163 161/161/161
f 167/167/167 161/161/161 157/157/157
f 165/165/165 171/171/171 172/172/172
f 165/165/165 172/172/172 166/166/166
f 240/240/240 242/242/242 260/260/260
f 240/240/240 260/260/260 244/244/244
f 179/179/179 186/186/186 185/185/185
f 179/179/179 185/185/185 189/189/189
f 166/166/166 172/172/172 164/164/164
f 164/164/164 168/168/168 156/156/156
f 156/156/156 160/160/160 166/166/166
f 166/166/166 164/164/164 156/156/156
f 172/172/172 171/171/171 162/162/162
f 172/172/172 162/162/162 164/164/164
f 193/193/193 191/191/191 181/181/181
f 193/193/193 181/181/181 177/177/177
f 173/173/173 189/189/189 185/185/185
f 185/185/185 191/191/191 193/193/193
f 185/185/185 193/193/193 173/173/173
f 176/176/176 174/174/174 178/178/178
f 176/176/176 178/178/178 188/188/188
f 175/175/175 194/194/194 192/192/192
f 186/186/186 179/179/179 175/175/175
f 192/192/192 186/186/186 175/175/175
f 188/188/188 178/178/178 182/182/182
f 188/188/188 182/182/182 184/184/184
f 186/186/186 192/192/192 191/191/191
f 186/186/186 191/191/191 185/185/185
f 187/187/187 194/194/194 175/175/175
f 173/173/173 193/193/193 177/177/177
f 265/265/265 267/267/267 271/271/271
f 265/265/265 271/271/271 281/281/281
f 187/187/187 183/183/183 192/192/192
f 187/187/187 192/192/192 194/194/194
f 202/202/202 208/208/208 207/207/207
f 202/202/202 207/207/207 212/212/212
f 183/183/183 181/181/181 191/191/191
f 183/183/183 191/191/191 192/192/192
f 284/284/284 282/282/282 272/272/272
f 284/284/284 272/272/272 268/268/268
f 196/196/196 212/212/212 207/207/207
f 207/207/207 213/213/213 215/215/215
f 207/207/207 215/215/215 196/196/196
f 197/197/197 195/195/195 199/199/199
f 197/197/197 199/199/199 209/209/209
f 198/198/198 216/216/216 214/214/214
f 208/208/208 202/202/202 198/198/198
f 214/214/214 208/208/208 198/198/198
f 209/209/209 199/199/199 203/203/203
f 209/209/209 203/203/203 205/205/205
f 208/208/208 214/214/214 213/213/213
f 208/208/208 213/213/213 207/207/207
f 210/210/210 216/216/216 198/198/198
f 196/196/196 215/215/215 200/200/200
f 219/219/219 217/217/217 233/233/233
f 219/219/219 233/233/233 223/223/223
f 210/210/210 206/206/206 214/214/214
f 210/210/210 214/214/214 216/216/216
f 224/224/224 234/234/234 229/229/229
f 224/224/224 229/229/229 230/230/230
f 206/206/206 204/204/204 213/213/213
f 206/206/206 213/213/213 214/214/214
f 237/237/237 222/222/222 226/226/226
f 237/237/237 226/226/226 235/235/235
f 229/229/229 234/234/234 218/218/218
f 218/218/218 237/237/237 235/235/235
f 218/218/218 235/235/235 229/229/229
f 231/231/231 221/221/221 217/217/217
f 231/231/231 217/217/217 219/219/219
f 236/236/236 238/238/238 220/220/220
f 220/220/220 224/224/224 230/230/230
f 220/220/220 230/230/230 236/236/236
f 231/231/231 227/227/227 225/225/225
f 231/231/231 225/225/225 221/221/221
f 229/229/229 235/235/235 236/236/236
f 229/229/229 236/236/236 230/230/230
f 232/232/232 220/220/220 238/238/238
f 218/218/218 222/222/222 237/237/237
f 287/287/287 289/289/289 293/293/293
f 287/287/287 293/293/293 303/303/303
f 232/232/232 238/238/238 236/236/236
f 232/232/232 236/236/236 228/228/228
f 247/247/247 257/257/257 253/253/253
f 247/247/247 253/253/253 254/254/254
f 236/236/236 235/235/235 226/226/226
f 236/236/236 226/226/226 228/228/228
f 306/306/306 304/304/304 294/294/294
f 306/306/306 294/294/294 290/290/290
f 256/256/256 246/246/246 240/240/240
f 256/256/256 240/240/240 244/244/244
f 253/253/253 261/261/261 262/262/262
f 253/253/253 262/262/262 254/254/254
f 249/249/249 261/261/261 253/253/253
f 253/253/253 257/257/257 241/241/241
f 239/239/239 245/245/245 249/249/249
f 253/253/253 241/241/241 239/239/239
f 253/253/253 239/239/239 249/249/249
f 262/262/262 263/263/263 243/243/243
f 259/259/259 247/247/247 254/254/254
f 262/262/262 243/243/243 259/259/259
f 259/259/259 254/254/254 262/262/262
f 270/270/270 277/277/277 276/276/276
f 270/270/270 276/276/276 280/280/280
f 256/256/256 252/252/252 250/250/250
f 256/256/256 250/250/250 246/246/246
f 242/242/242 258/258/258 248/248/248
f 242/242/242 248/248/248 260/260/260
f 67/67/67 65/65/65 81/81/81
f 67/67/67 81/81/81 71/71/71
f 255/255/255 243/243/243 263/263/263
f 255/255/255 263/263/263 262/262/262
f 255/255/255 262/262/262 251/251/251
f 262/262/262 261/261/261 249/249/249
f 262/262/262 249/249/249 251/251/251
f 264/264/264 280/280/280 276/276/276
f 276/276/276 282/282/282 284/284/284
f 276/276/276 284/284/284 264/264/264
f 267/267/267 265/265/265 269/269/269
f 267/267/267 269/269/269 279/279/279
f 266/266/266 285/285/285 283/283/283
f 277/277/277 270/270/270 266/266/266
f 283/283/283 277/277/277 266/266/266
f 279/279/279 269/269/269 273/273/273
f 279/279/279 273/273/273 275/275/275
f 277/277/277 283/283/283 282/282/282
f 277/277/277 282/282/282 276/276/276
f 278/278/278 285/285/285 266/266/266
f 264/264/264 284/284/284 268/268/268
f 110/110/110 112/112/112 116/116/116
f 110/110/110 116/116/116 126/126/126
f 278/278/278 274/274/274 283/283/283
f 278/278/278 283/283/283 285/285/285
f 292/292/292 299/299/299 298/298/298
f 292/292/292 298/298/298 302/302/302
f 274/274/274 272/272/272 282/282/282
f 274/274/274 282/282/282 283/283/283
f 286/286/286 302/302/302 298/298/298
f 298/298/298 304/304/304 306/306/306
f 298/298/298 306/306/306 286/286/286
f 289/289/289 287/287/287 291/291/291
f 289/289/289 291/291/291 301/301/301
f 288/288/288 307/307/307 305/305/305
f 299/299/299 292/292/292 288/288/288
f 305/305/305 299/299/299 288/288/288
f 301/301/301 291/291/291 295/295/295
f 301/301/301 295/295/295 297/297/297
f 299/299/299 305/305/305 304/304/304
f 299/299/299 304/304/304 298/298/298
f 300/300/300 307/307/307 288/288/288
f 286/286/286 306/306/306 290/290/290
f 311/311/311 309/309/309 325/325/325
f 311/311/311 325/325/325 315/315/315
f 300/300/300 296/296/296 305/305/305
f 300/300/300 305/305/305 307/307/307
f 314/314/314 324/324/324 320/320/320
f 314/314/314 320/320/320 321/321/321
f 296/296/296 294/294/294 304/304/304
f 296/296/296 304/304/304 305/305/305
f 328/328/328 312/312/312 316/316/316
f 328/328/328 316/316/316 326/326/326
f 320/320/320 324/324/324 308/308/308
f 308/308/308 328/328/328 326/326/326
f 308/308/308 326/326/326 320/320/320
f 323/323/323 313/313/313 309/309/309
f 323/323/323 309/309/309 311/311/311
f 327/327/327 329/329/329 310/310/310
f 310/310/310 314/314/314 321/321/321
f 310/310/310 321/321/321 327/327/327
f 323/323/323 319/319/319 317/317/317
f 323/323/323 317/317/317 313/313/313
f 320/320/320 326/326/326 327/327/327
f 320/320/320 327/327/327 321/321/321
f 322/322/322 310/310/310 329/329/329
f 308/308/308 312/312/312 328/328/328
f 322/322/322 329/329/329 327/327/327
f 322/322/322 327/327/327 318/318/318
f 327/327/327 326/326/326 316/316/316
f 327/327/327 316/316/316 318/318/318
f 356/356/356 341/341/341 365/365/365
f 356/356/356 365/365/365 371/371/371
f 339/339/339 364/364/364 361/361/361
f 339/339/339 361/361/361 336/336/336
f 345/345/345 349/349/349 369/369/369
f 345/345/345 369/369/369 371/371/371
f 335/335/335 361/361/361 364/364/364
f 335/335/335 364/364/364 344/344/344
f 346/346/346 368/368/368 367/367/367
f 346/346/346 367/367/367 351/351/351
f 366/366/366 370/370/370 359/359/359
f 366/366/366 359/359/359 352/352/352
f 382/382/382 405/405/405 403/403/403
f 382/382/382 403/403/403 373/373/373
f 356/356/356 371/371/371 369/369/369
f 356/356/356 369/369/369 347/347/347
f 333/333/333 362/362/362 361/361/361
f 333/333/333 361/361/361 335/335/335
f 359/359/359 344/344/344 337/337/337
f 359/359/359 337/337/337 352/352/352
f 348/348/348 357/357/357 359/359/359
f 348/348/348 359/359/359 350/350/350
f 342/342/342 333/333/333 335/335/335
f 342/342/342 335/335/335 344/344/344
f 340/340/340 339/339/339 336/336/336
f 340/340/340 336/336/336 331/331/331
f 362/362/362 331/331/331 336/336/336
f 362/362/362 336/336/336 361/361/361
f 360/360/360 366/366/366 352/352/352
f 360/360/360 352/352/352 337/337/337
f 371/371/371 365/365/365 330/330/330
f 371/371/371 330/330/330 345/345/345
f 332/332/332 363/363/363 365/365/365
f 332/332/332 365/365/365 341/341/341
f 330/330/330 334/334/334 343/343/343
f 350/350/350 367/367/367 368/368/368
f 350/350/350 368/368/368 348/348/348
f 359/359/359 370/370/370 367/367/367
f 359/359/359 367/367/367 350/350/350
f 339/339/339 354/354/354 353/353/353
f 339/339/339 353/353/353 338/338/338
f 370/370/370 366/366/366 353/353/353
f 370/370/370 353/353/353 354/354/354
f 334/334/334 330/330/330 365/365/365
f 334/334/334 365/365/365 363/363/363
f 342/342/342 344/344/344 359/359/359
f 342/342/342 359/359/359 357/357/357
f 353/353/353 366/366/366 360/360/360
f 353/353/353 360/360/360 338/338/338
f 337/337/337 344/344/344 364/364/364
f 337/337/337 364/364/364 360/360/360
f 351/351/351 367/367/367 370/370/370
f 351/351/351 370/370/370 354/354/354
f 427/427/427 414/414/414 412/412/412
f 427/427/427 412/412/412 425/425/425
f 330/330/330 343/343/343 358/358/358
f 330/330/330 358/358/358 345/345/345
f 419/419/419 412/412/412 414/414/414
f 419/419/419 414/414/414 423/423/423
f 340/340/340 355/355/355 354/354/354
f 340/340/340 354/354/354 339/339/339
f 354/354/354 355/355/355 346/346/346
f 354/354/354 346/346/346 351/351/351
f 345/345/345 358/358/358 349/349/349
f 339/339/339 338/338/338 360/360/360
f 339/339/339 360/360/360 364/364/364
f 390/390/390 388/388/388 408/408/408
f 390/390/390 408/408/408 407/407/407
f 406/406/406 400/400/400 378/378/378
f 406/406/406 378/378/378 392/392/392
f 408/408/408 386/386/386 391/391/391
f 408/408/408 391/391/391 407/407/407
f 406/406/406 392/392/392 399/399/399
f 406/406/406 399/399/399 410/410/410
f 382/382/382 396/396/396 411/411/411
f 382/382/382 411/411/411 405/405/405
f 384/384/384 405/405/405 411/411/411
f 384/384/384 411/411/411 398/398/398
f 400/400/400 379/379/379 380/380/380
f 400/400/400 380/380/380 404/404/404
f 387/387/387 409/409/409 411/411/411
f 387/387/387 411/411/411 396/396/396
f 380/380/380 377/377/377 401/401/401
f 380/380/380 401/401/401 404/404/404
f 397/397/397 388/388/388 390/390/390
f 397/397/397 390/390/390 399/399/399
f 374/374/374 383/383/383 385/385/385
f 374/374/374 385/385/385 376/376/376
f 372/372/372 377/377/377 380/380/380
f 372/372/372 380/380/380 381/381/381
f 372/372/372 402/402/402 401/401/401
f 372/372/372 401/401/401 377/377/377
f 389/389/389 398/398/398 411/411/411
f 389/389/389 411/411/411 409/409/409
f 402/402/402 374/374/374 376/376/376
f 402/402/402 376/376/376 401/401/401
f 378/378/378 400/400/400 404/404/404
f 378/378/378 404/404/404 385/385/385
f 394/394/394 410/410/410 407/407/407
f 394/394/394 407/407/407 391/391/391
f 383/383/383 397/397/397 399/399/399
f 383/383/383 399/399/399 385/385/385
f 390/390/390 407/407/407 410/410/410
f 390/390/390 410/410/410 399/399/399
f 385/385/385 399/399/399 392/392/392
f 385/385/385 392/392/392 378/378/378
f 385/385/385 404/404/404 401/401/401
f 385/385/385 401/401/401 376/376/376
f 393/393/393 379/379/379 400/400/400
f 393/393/393 400/400/400 406/406/406
f 381/381/381 380/380/380 394/394/394
f 381/381/381 394/394/394 395/395/395
f 461/461/461 463/463/463 478/478/478
f 461/461/461 478/478/478 474/474/474
f 375/375/375 403/403/403 405/405/405
f 375/375/375 405/405/405 384/384/384
f 500/500/500 505/505/505 509/509/509
f 500/500/500 509/509/509 504/504/504
f 395/395/395 394/394/394 391/391/391
f 395/395/395 391/391/391 386/386/386
f 437/437/437 426/426/426 413/413/413
f 413/413/413 421/421/421 432/432/432
f 432/432/432 416/416/416 437/437/437
f 413/413/413 432/432/432 437/437/437
f 412/412/412 413/413/413 426/426/426
f 412/412/412 426/426/426 425/425/425
f 431/431/431 420/420/420 418/418/418
f 431/431/431 418/418/418 429/429/429
f 435/435/435 415/415/415 417/417/417
f 435/435/435 417/417/417 438/438/438
f 426/426/426 436/436/436 435/435/435
f 426/426/426 435/435/435 424/424/424
f 415/415/415 435/435/435 437/437/437
f 415/415/415 437/437/437 416/416/416
f 453/453/453 458/458/458 447/447/447
f 453/453/453 447/447/447 442/442/442
f 438/438/438 417/417/417 414/414/414
f 438/438/438 414/414/414 427/427/427
f 430/430/430 415/415/415 416/416/416
f 430/430/430 416/416/416 432/432/432
f 412/412/412 419/419/419 421/421/421
f 412/412/412 421/421/421 413/413/413
f 438/438/438 428/428/428 424/424/424
f 438/438/438 424/424/424 435/435/435
f 414/414/414 417/417/417 434/434/434
f 414/414/414 434/434/434 423/423/423
f 418/418/418 422/422/422 433/433/433
f 418/418/418 433/433/433 429/429/429
f 415/415/415 430/430/430 434/434/434
f 415/415/415 434/434/434 417/417/417
f 452/452/452 441/441/441 439/439/439
f 452/452/452 439/439/439 450/450/450
f 456/456/456 446/446/446 448/448/448
f 456/456/456 448/448/448 458/458/458
f 459/459/459 455/455/455 444/444/444
f 459/459/459 444/444/444 449/449/449
f 451/451/451 455/455/455 459/459/459
f 451/451/451 459/459/459 457/457/457
f 451/451/451 457/457/457 458/458/458
f 451/451/451 458/458/458 453/453/453
f 456/456/456 460/460/460 449/449/449
f 456/456/456 449/449/449 446/446/446
f 440/440/440 442/442/442 447/447/447
f 440/440/440 447/447/447 445/445/445
f 454/454/454 450/450/450 439/439/439
f 454/454/454 439/439/439 443/443/443
f 449/449/449 444/444/444 440/440/440
f 449/449/449 440/440/440 445/445/445
f 473/473/473 477/477/477 488/488/488
f 473/473/473 488/488/488 485/485/485
f 466/466/466 463/463/463 471/471/471
f 466/466/466 471/471/471 483/483/483
f 470/470/470 462/462/462 475/475/475
f 475/475/475 487/487/487 465/465/465
f 465/465/465 482/482/482 470/470/470
f 475/475/475 465/465/465 470/470/470
f 475/475/475 462/462/462 461/461/461
f 475/475/475 461/461/461 474/474/474
f 464/464/464 465/465/465 487/487/487
f 464/464/464 487/487/487 485/485/485
f 488/488/488 466/466/466 464/464/464
f 488/488/488 464/464/464 485/485/485
f 480/480/480 464/464/464 466/466/466
f 480/480/480 466/466/466 483/483/483
f 467/467/467 479/479/479 484/484/484
f 467/467/467 484/484/484 472/472/472
f 473/473/473 485/485/485 486/486/486
f 473/473/473 486/486/486 476/476/476
f 479/479/479 467/467/467 469/469/469
f 479/479/479 469/469/469 481/481/481
f 480/480/480 482/482/482 465/465/465
f 480/480/480 465/465/465 464/464/464
f 462/462/462 470/470/470 468/468/468
f 462/462/462 468/468/468 461/461/461
f 463/463/463 466/466/466 488/488/488
f 463/463/463 488/488/488 478/478/478
f 500/500/500 502/502/502 507/507/507
f 500/500/500 507/507/507 505/505/505
f 463/463/463 461/461/461 468/468/468
f 463/463/463 468/468/468 471/471/471
f 489/489/489 499/499/499 503/503/503
f 489/489/489 503/503/503 493/493/493
f 504/504/504 509/509/509 498/498/498
f 504/504/504 498/498/498 494/494/494
f 494/494/494 498/498/498 495/495/495
f 494/494/494 495/495/495 490/490/490
f 491/491/491 501/501/501 499/499/499
f 491/491/491 499/499/499 489/489/489
f 490/490/490 495/495/495 496/496/496
f 490/490/490 496/496/496 492/492/492
f 497/497/497 495/495/495 506/506/506
f 497/497/497 506/506/506 508/508/508
f 506/506/506 495/495/495 498/498/498
f 506/506/506 498/498/498 509/509/509
f 507/507/507 502/502/502 492/492/492
f 507/507/507 492/492/492 496/496/496
f 964/964/964 635/635/635 577/577/577
f 964/964/964 577/577/577 918/918/918
f 579/579/579 581/581/581 922/922/922
f 579/579/579 922/922/922 920/920/920
f 919/919/919 921/921/921 578/578/578
f 919/919/919 578/578/578 576/576/576
f 591/591/591 593/593/593 932/932/932
f 591/591/591 932/932/932 930/930/930
f 921/921/921 923/923/923 580/580/580
f 921/921/921 580/580/580 578/578/578
f 925/925/925 585/585/585 516/516/516
f 925/925/925 516/516/516 582/582/582
f 923/923/923 925/925/925 582/582/582
f 923/923/923 582/582/582 580/580/580
f 587/587/587 589/589/589 928/928/928
f 587/587/587 928/928/928 926/926/926
f 584/584/584 517/517/517 587/587/587
f 584/584/584 587/587/587 926/926/926
f 585/585/585 927/927/927 586/586/586
f 585/585/585 586/586/586 516/516/516
f 521/521/521 599/599/599 936/936/936
f 521/521/521 936/936/936 597/597/597
f 589/589/589 591/591/591 930/930/930
f 589/589/589 930/930/930 928/928/928
f 927/927/927 929/929/929 588/588/588
f 927/927/927 588/588/588 586/586/586
f 595/595/595 597/597/597 936/936/936
f 595/595/595 936/936/936 934/934/934
f 929/929/929 931/931/931 590/590/590
f 929/929/929 590/590/590 588/588/588
f 593/593/593 595/595/595 934/934/934
f 593/593/593 934/934/934 932/932/932
f 931/931/931 933/933/933 592/592/592
f 931/931/931 592/592/592 590/590/590
f 607/607/607 609/609/609 944/944/944
f 607/607/607 944/944/944 942/942/942
f 933/933/933 935/935/935 594/594/594
f 933/933/933 594/594/594 592/592/592
f 937/937/937 601/601/601 519/519/519
f 937/937/937 519/519/519 596/596/596
f 935/935/935 937/937/937 596/596/596
f 935/935/935 596/596/596 594/594/594
f 603/603/603 605/605/605 940/940/940
f 603/603/603 940/940/940 938/938/938
f 598/598/598 520/520/520 603/603/603
f 598/598/598 603/603/603 938/938/938
f 600/600/600 939/939/939 602/602/602
f 600/600/600 602/602/602 518/518/518
f 523/523/523 614/614/614 948/948/948
f 523/523/523 948/948/948 613/613/613
f 605/605/605 607/607/607 942/942/942
f 605/605/605 942/942/942 940/940/940
f 939/939/939 941/941/941 604/604/604
f 939/939/939 604/604/604 602/602/602
f 611/611/611 613/613/613 948/948/948
f 611/611/611 948/948/948 946/946/946
f 941/941/941 943/943/943 606/606/606
f 941/941/941 606/606/606 604/604/604
f 609/609/609 611/611/611 946/946/946
f 609/609/609 946/946/946 944/944/944
f 943/943/943 945/945/945 608/608/608
f 943/943/943 608/608/608 606/606/606
f 621/621/621 623/623/623 956/956/956
f 621/621/621 956/956/956 954/954/954
f 945/945/945 947/947/947 610/610/610
f 945/945/945 610/610/610 608/608/608
f 949/949/949 615/615/615 522/522/522
f 949/949/949 522/522/522 612/612/612
f 947/947/947 949/949/949 612/612/612
f 947/947/947 612/612/612 610/610/610
f 617/617/617 619/619/619 952/952/952
f 617/617/617 952/952/952 950/950/950
f 614/614/614 523/523/523 617/617/617
f 614/614/614 617/617/617 950/950/950
f 615/615/615 951/951/951 616/616/616
f 615/615/615 616/616/616 522/522/522
f 526/526/526 628/628/628 960/960/960
f 526/526/526 960/960/960 627/627/627
f 619/619/619 621/621/621 954/954/954
f 619/619/619 954/954/954 952/952/952
f 951/951/951 953/953/953 618/618/618
f 951/951/951 618/618/618 616/616/616
f 625/625/625 627/627/627 960/960/960
f 625/625/625 960/960/960 958/958/958
f 953/953/953 955/955/955 620/620/620
f 953/953/953 620/620/620 618/618/618
f 623/623/623 625/625/625 958/958/958
f 623/623/623 958/958/958 956/956/956
f 955/955/955 957/957/957 622/622/622
f 955/955/955 622/622/622 620/620/620
f 587/587/587 640/640/640 641/641/641
f 587/587/587 641/641/641 589/589/589
f 957/957/957 959/959/959 624/624/624
f 957/957/957 624/624/624 622/622/622
f 961/961/961 630/630/630 524/524/524
f 961/961/961 524/524/524 626/626/626
f 959/959/959 961/961/961 626/626/626
f 959/959/959 626/626/626 624/624/624
f 633/633/633 635/635/635 964/964/964
f 633/633/633 964/964/964 962/962/962
f 629/629/629 527/527/527 633/633/633
f 629/629/629 633/633/633 962/962/962
f 631/631/631 963/963/963 632/632/632
f 631/631/631 632/632/632 525/525/525
f 517/517/517 583/583/583 639/639/639
f 517/517/517 639/639/639 528/528/528
f 969/969/969 971/971/971 639/639/639
f 969/969/969 639/639/639 638/638/638
f 891/891/891 515/515/515 712/712/712
f 891/891/891 712/712/712 1136/1136/1136
f 963/963/963 965/965/965 634/634/634
f 963/963/963 634/634/634 632/632/632
f 639/639/639 583/583/583 581/581/581
f 639/639/639 581/581/581 638/638/638
f 1214/1214/1214 866/866/866 867/867/867
f 1214/1214/1214 867/867/867 1216/1216/1216
f 880/880/880 881/881/881 985/985/985
f 880/880/880 985/985/985 986/986/986
f 603/603/603 646/646/646 647/647/647
f 603/603/603 647/647/647 605/605/605
f 1209/1209/1209 1213/1213/1213 1186/1186/1186
f 1209/1209/1209 1186/1186/1186 1185/1185/1185
f 521/521/521 597/597/597 645/645/645
f 521/521/521 645/645/645 530/530/530
f 516/516/516 586/586/586 1226/1226/1226
f 516/516/516 1226/1226/1226 915/915/915
f 638/638/638 581/581/581 579/579/579
f 638/638/638 579/579/579 637/637/637
f 1186/1186/1186 1213/1213/1213 915/915/915
f 1186/1186/1186 915/915/915 905/905/905
f 640/640/640 587/587/587 517/517/517
f 640/640/640 517/517/517 528/528/528
f 645/645/645 597/597/597 595/595/595
f 645/645/645 595/595/595 644/644/644
f 1228/1228/1228 872/872/872 873/873/873
f 1228/1228/1228 873/873/873 1229/1229/1229
f 1187/1187/1187 905/905/905 915/915/915
f 1187/1187/1187 915/915/915 1226/1226/1226
f 1226/1226/1226 1227/1227/1227 1188/1188/1188
f 1226/1226/1226 1188/1188/1188 1187/1187/1187
f 643/643/643 593/593/593 591/591/591
f 643/643/643 591/591/591 642/642/642
f 1219/1219/1219 868/868/868 869/869/869
f 1219/1219/1219 869/869/869 1220/1220/1220
f 1183/1183/1183 979/979/979 972/972/972
f 1183/1183/1183 972/972/972 1184/1184/1184
f 642/642/642 591/591/591 589/589/589
f 642/642/642 589/589/589 641/641/641
f 1191/1191/1191 1192/1192/1192 993/993/993
f 1191/1191/1191 993/993/993 991/991/991
f 617/617/617 652/652/652 653/653/653
f 617/617/617 653/653/653 619/619/619
f 1011/1011/1011 874/874/874 875/875/875
f 1011/1011/1011 875/875/875 1010/1010/1010
f 523/523/523 613/613/613 651/651/651
f 523/523/523 651/651/651 531/531/531
f 903/903/903 906/906/906 1193/1193/1193
f 903/903/903 1193/1193/1193 1003/1003/1003
f 644/644/644 595/595/595 593/593/593
f 644/644/644 593/593/593 643/643/643
f 687/687/687 531/531/531 651/651/651
f 687/687/687 651/651/651 996/996/996
f 646/646/646 603/603/603 520/520/520
f 646/646/646 520/520/520 529/529/529
f 651/651/651 613/613/613 611/611/611
f 651/651/651 611/611/611 650/650/650
f 1193/1193/1193 1194/1194/1194 1005/1005/1005
f 1193/1193/1193 1005/1005/1005 1003/1003/1003
f 686/686/686 530/530/530 645/645/645
f 686/686/686 645/645/645 983/983/983
f 882/882/882 883/883/883 977/977/977
f 882/882/882 977/977/977 981/981/981
f 649/649/649 609/609/609 607/607/607
f 649/649/649 607/607/607 648/648/648
f 886/886/886 887/887/887 1215/1215/1215
f 886/886/886 1215/1215/1215 1212/1212/1212
f 1211/1211/1211 1218/1218/1218 1196/1196/1196
f 1211/1211/1211 1196/1196/1196 1195/1195/1195
f 648/648/648 607/607/607 605/605/605
f 648/648/648 605/605/605 647/647/647
f 1223/1223/1223 870/870/870 871/871/871
f 1223/1223/1223 871/871/871 1224/1224/1224
f 633/633/633 658/658/658 659/659/659
f 633/633/633 659/659/659 635/635/635
f 1222/1222/1222 1225/1225/1225 1198/1198/1198
f 1222/1222/1222 1198/1198/1198 1197/1197/1197
f 526/526/526 627/627/627 657/657/657
f 526/526/526 657/657/657 532/532/532
f 522/522/522 616/616/616 1009/1009/1009
f 522/522/522 1009/1009/1009 917/917/917
f 650/650/650 611/611/611 609/609/609
f 650/650/650 609/609/609 649/649/649
f 1198/1198/1198 1225/1225/1225 917/917/917
f 1198/1198/1198 917/917/917 908/908/908
f 652/652/652 617/617/617 523/523/523
f 652/652/652 523/523/523 531/531/531
f 657/657/657 627/627/627 625/625/625
f 657/657/657 625/625/625 656/656/656
f 616/616/616 618/618/618 1001/1001/1001
f 616/616/616 1001/1001/1001 1009/1009/1009
f 1199/1199/1199 908/908/908 917/917/917
f 1199/1199/1199 917/917/917 1009/1009/1009
f 1187/1187/1187 1188/1188/1188 981/981/981
f 1187/1187/1187 981/981/981 977/977/977
f 655/655/655 623/623/623 621/621/621
f 655/655/655 621/621/621 654/654/654
f 606/606/606 608/608/608 1218/1218/1218
f 606/606/606 1218/1218/1218 1211/1211/1211
f 594/594/594 596/596/596 995/995/995
f 594/594/594 995/995/995 999/999/999
f 654/654/654 621/621/621 619/619/619
f 654/654/654 619/619/619 653/653/653
f 864/864/864 865/865/865 967/967/967
f 864/864/864 967/967/967 970/970/970
f 966/966/966 968/968/968 637/637/637
f 966/966/966 637/637/637 636/636/636
f 878/878/878 879/879/879 991/991/991
f 878/878/878 991/991/991 993/993/993
f 626/626/626 524/524/524 911/911/911
f 626/626/626 911/911/911 975/975/975
f 575/575/575 914/914/914 967/967/967
f 575/575/575 967/967/967 865/865/865
f 656/656/656 625/625/625 623/623/623
f 656/656/656 623/623/623 655/655/655
f 684/684/684 528/528/528 639/639/639
f 684/684/684 639/639/639 971/971/971
f 658/658/658 633/633/633 527/527/527
f 658/658/658 527/527/527 533/533/533
f 659/659/659 636/636/636 577/577/577
f 659/659/659 577/577/577 635/635/635
f 610/610/610 612/612/612 1225/1225/1225
f 610/610/610 1225/1225/1225 1222/1222/1222
f 1205/1205/1205 910/910/910 912/912/912
f 1205/1205/1205 912/912/912 1217/1217/1217
f 1217/1217/1217 1221/1221/1221 1206/1206/1206
f 1217/1217/1217 1206/1206/1206 1205/1205/1205
f 578/578/578 580/580/580 1209/1209/1209
f 578/578/578 1209/1209/1209 972/972/972
f 661/661/661 1102/1102/1102 1100/1100/1100
f 661/661/661 1100/1100/1100 660/660/660
f 582/582/582 516/516/516 915/915/915
f 582/582/582 915/915/915 1213/1213/1213
f 570/570/570 884/884/884 1208/1208/1208
f 570/570/570 1208/1208/1208 900/900/900
f 1071/1071/1071 1070/1070/1070 846/846/846
f 1071/1071/1071 846/846/846 845/845/845
f 978/978/978 980/980/980 643/643/643
f 978/978/978 643/643/643 642/642/642
f 804/804/804 564/564/564 852/852/852
f 804/804/804 852/852/852 1064/1064/1064
f 910/910/910 1205/1205/1205 967/967/967
f 910/910/910 967/967/967 914/914/914
f 525/525/525 632/632/632 1217/1217/1217
f 525/525/525 1217/1217/1217 912/912/912
f 604/604/604 606/606/606 1211/1211/1211
f 604/604/604 1211/1211/1211 1207/1207/1207
f 574/574/574 866/866/866 1214/1214/1214
f 574/574/574 1214/1214/1214 913/913/913
f 1065/1065/1065 1064/1064/1064 852/852/852
f 1065/1065/1065 852/852/852 851/851/851
f 1012/1012/1012 689/689/689 569/569/569
f 1012/1012/1012 569/569/569 814/814/814
f 684/684/684 974/974/974 640/640/640
f 684/684/684 640/640/640 528/528/528
f 1186/1186/1186 905/905/905 900/900/900
f 1186/1186/1186 900/900/900 1208/1208/1208
f 580/580/580 582/582/582 1213/1213/1213
f 580/580/580 1213/1213/1213 1209/1209/1209
f 1012/1012/1012 814/814/814 813/813/813
f 1012/1012/1012 813/813/813 1014/1014/1014
f 974/974/974 976/976/976 641/641/641
f 974/974/974 641/641/641 640/640/640
f 1208/1208/1208 1210/1210/1210 1185/1185/1185
f 1208/1208/1208 1185/1185/1185 1186/1186/1186
f 1205/1205/1205 1206/1206/1206 970/970/970
f 1205/1205/1205 970/970/970 967/967/967
f 884/884/884 885/885/885 1210/1210/1210
f 884/884/884 1210/1210/1210 1208/1208/1208
f 1212/1212/1212 1215/1215/1215 1183/1183/1183
f 1212/1212/1212 1183/1183/1183 1184/1184/1184
f 684/684/684 971/971/971 833/833/833
f 684/684/684 833/833/833 559/559/559
f 518/518/518 602/602/602 973/973/973
f 518/518/518 973/973/973 901/901/901
f 1105/1105/1105 1106/1106/1106 860/860/860
f 1105/1105/1105 860/860/860 859/859/859
f 1185/1185/1185 1184/1184/1184 972/972/972
f 1185/1185/1185 972/972/972 1209/1209/1209
f 684/684/684 559/559/559 832/832/832
f 684/684/684 832/832/832 974/974/974
f 900/900/900 905/905/905 1187/1187/1187
f 900/900/900 1187/1187/1187 977/977/977
f 624/624/624 626/626/626 975/975/975
f 624/624/624 975/975/975 984/984/984
f 1192/1192/1192 907/907/907 904/904/904
f 1192/1192/1192 904/904/904 993/993/993
f 1069/1069/1069 1068/1068/1068 848/848/848
f 1069/1069/1069 848/848/848 847/847/847
f 805/805/805 1069/1069/1069 847/847/847
f 805/805/805 847/847/847 560/560/560
f 976/976/976 978/978/978 642/642/642
f 976/976/976 642/642/642 641/641/641
f 982/982/982 983/983/983 645/645/645
f 982/982/982 645/645/645 644/644/644
f 978/978/978 976/976/976 831/831/831
f 978/978/978 831/831/831 830/830/830
f 980/980/980 982/982/982 644/644/644
f 980/980/980 644/644/644 643/643/643
f 1103/1103/1103 1104/1104/1104 840/840/840
f 1103/1103/1103 840/840/840 839/839/839
f 990/990/990 992/992/992 649/649/649
f 990/990/990 649/649/649 648/648/648
f 1190/1190/1190 1189/1189/1189 1013/1013/1013
f 1190/1190/1190 1013/1013/1013 1007/1007/1007
f 576/576/576 979/979/979 1221/1221/1221
f 576/576/576 1221/1221/1221 634/634/634
f 982/982/982 980/980/980 829/829/829
f 982/982/982 829/829/829 828/828/828
f 685/685/685 987/987/987 646/646/646
f 685/685/685 646/646/646 529/529/529
f 1192/1192/1192 1191/1191/1191 999/999/999
f 1192/1192/1192 999/999/999 995/995/995
f 620/620/620 622/622/622 989/989/989
f 620/620/620 989/989/989 997/997/997
f 981/981/981 1188/1188/1188 1189/1189/1189
f 981/981/981 1189/1189/1189 985/985/985
f 622/622/622 624/624/624 984/984/984
f 622/622/622 984/984/984 989/989/989
f 668/668/668 669/669/669 1070/1070/1070
f 668/668/668 1070/1070/1070 1071/1071/1071
f 987/987/987 988/988/988 647/647/647
f 987/987/987 647/647/647 646/646/646
f 1204/1204/1204 975/975/975 911/911/911
f 1204/1204/1204 911/911/911 909/909/909
f 681/681/681 1101/1101/1101 1099/1099/1099
f 681/681/681 1099/1099/1099 680/680/680
f 515/515/515 719/719/719 1112/1112/1112
f 515/515/515 1112/1112/1112 712/712/712
f 596/596/596 519/519/519 902/902/902
f 596/596/596 902/902/902 995/995/995
f 1620/1620/1620 1622/1622/1622 1602/1602/1602
f 1620/1620/1620 1602/1602/1602 1601/1601/1601
f 881/881/881 882/882/882 981/981/981
f 881/881/881 981/981/981 985/985/985
f 563/563/563 686/686/686 983/983/983
f 563/563/563 983/983/983 827/827/827
f 988/988/988 990/990/990 648/648/648
f 988/988/988 648/648/648 647/647/647
f 1195/1195/1195 1196/1196/1196 1011/1011/1011
f 1195/1195/1195 1011/1011/1011 1010/1010/1010
f 876/876/876 877/877/877 1003/1003/1003
f 876/876/876 1003/1003/1003 1005/1005/1005
f 986/986/986 1190/1190/1190 1191/1191/1191
f 986/986/986 1191/1191/1191 991/991/991
f 994/994/994 996/996/996 651/651/651
f 994/994/994 651/651/651 650/650/650
f 990/990/990 988/988/988 825/825/825
f 990/990/990 825/825/825 824/824/824
f 992/992/992 994/994/994 650/650/650
f 992/992/992 650/650/650 649/649/649
f 1203/1203/1203 1202/1202/1202 989/989/989
f 1203/1203/1203 989/989/989 984/984/984
f 664/664/664 665/665/665 1108/1108/1108
f 664/664/664 1108/1108/1108 1107/1107/1107
f 1002/1002/1002 1004/1004/1004 655/655/655
f 1002/1002/1002 655/655/655 654/654/654
f 879/879/879 880/880/880 986/986/986
f 879/879/879 986/986/986 991/991/991
f 994/994/994 992/992/992 823/823/823
f 994/994/994 823/823/823 822/822/822
f 687/687/687 998/998/998 652/652/652
f 687/687/687 652/652/652 531/531/531
f 973/973/973 1207/1207/1207 1194/1194/1194
f 973/973/973 1194/1194/1194 1193/1193/1193
f 883/883/883 570/570/570 900/900/900
f 883/883/883 900/900/900 977/977/977
f 1192/1192/1192 995/995/995 902/902/902
f 1192/1192/1192 902/902/902 907/907/907
f 618/618/618 620/620/620 997/997/997
f 618/618/618 997/997/997 1001/1001/1001
f 670/670/670 671/671/671 1068/1068/1068
f 670/670/670 1068/1068/1068 1069/1069/1069
f 998/998/998 1000/1000/1000 653/653/653
f 998/998/998 653/653/653 652/652/652
f 681/681/681 538/538/538 861/861/861
f 681/681/681 861/861/861 1101/1101/1101
f 688/688/688 532/532/532 657/657/657
f 688/688/688 657/657/657 1008/1008/1008
f 572/572/572 878/878/878 993/993/993
f 572/572/572 993/993/993 904/904/904
f 663/663/663 1104/1104/1104 1103/1103/1103
f 663/663/663 1103/1103/1103 662/662/662
f 565/565/565 687/687/687 996/996/996
f 565/565/565 996/996/996 821/821/821
f 1000/1000/1000 1002/1002/1002 654/654/654
f 1000/1000/1000 654/654/654 653/653/653
f 906/906/906 901/901/901 973/973/973
f 906/906/906 973/973/973 1193/1193/1193
f 592/592/592 594/594/594 999/999/999
f 592/592/592 999/999/999 1007/1007/1007
f 1006/1006/1006 1008/1008/1008 657/657/657
f 1006/1006/1006 657/657/657 656/656/656
f 1204/1204/1204 1203/1203/1203 984/984/984
f 1204/1204/1204 984/984/984 975/975/975
f 1002/1002/1002 1000/1000/1000 819/819/819
f 1002/1002/1002 819/819/819 818/818/818
f 1004/1004/1004 1006/1006/1006 656/656/656
f 1004/1004/1004 656/656/656 655/655/655
f 1201/1201/1201 1200/1200/1200 1001/1001/1001
f 1201/1201/1201 1001/1001/1001 997/997/997
f 1133/1133/1133 1134/1134/1134 887/887/887
f 1133/1133/1133 887/887/887 886/886/886
f 835/835/835 968/968/968 966/966/966
f 835/835/835 966/966/966 836/836/836
f 1006/1006/1006 1004/1004/1004 817/817/817
f 1006/1006/1006 817/817/817 816/816/816
f 689/689/689 1012/1012/1012 658/658/658
f 689/689/689 658/658/658 533/533/533
f 1200/1200/1200 1199/1199/1199 1009/1009/1009
f 1200/1200/1200 1009/1009/1009 1001/1001/1001
f 590/590/590 592/592/592 1007/1007/1007
f 590/590/590 1007/1007/1007 1013/1013/1013
f 1005/1005/1005 1194/1194/1194 1195/1195/1195
f 1005/1005/1005 1195/1195/1195 1010/1010/1010
f 1202/1202/1202 1201/1201/1201 997/997/997
f 1202/1202/1202 997/997/997 989/989/989
f 1012/1012/1012 1014/1014/1014 659/659/659
f 1012/1012/1012 659/659/659 658/658/658
f 1191/1191/1191 1190/1190/1190 1007/1007/1007
f 1191/1191/1191 1007/1007/1007 999/999/999
f 1067/1067/1067 1066/1066/1066 850/850/850
f 1067/1067/1067 850/850/850 849/849/849
f 534/534/534 663/663/663 740/740/740
f 534/534/534 740/740/740 540/540/540
f 875/875/875 876/876/876 1005/1005/1005
f 875/875/875 1005/1005/1005 1010/1010/1010
f 969/969/969 968/968/968 835/835/835
f 969/969/969 835/835/835 834/834/834
f 1882/1882/1882 1891/1891/1891 1902/1902/1902
f 1882/1882/1882 1902/1902/1902 1894/1894/1894
f 1189/1189/1189 1190/1190/1190 986/986/986
f 1189/1189/1189 986/986/986 985/985/985
f 1228/1228/1228 1229/1229/1229 1197/1197/1197
f 1228/1228/1228 1197/1197/1197 1198/1198/1198
f 1011/1011/1011 1196/1196/1196 1197/1197/1197
f 1011/1011/1011 1197/1197/1197 1229/1229/1229
f 1131/1131/1131 1132/1132/1132 885/885/885
f 1131/1131/1131 885/885/885 884/884/884
f 588/588/588 590/590/590 1013/1013/1013
f 588/588/588 1013/1013/1013 1227/1227/1227
f 1014/1014/1014 813/813/813 836/836/836
f 1014/1014/1014 836/836/836 966/966/966
f 1132/1132/1132 1133/1133/1133 886/886/886
f 1132/1132/1132 886/886/886 885/885/885
f 1016/1016/1016 803/803/803 888/888/888
f 1016/1016/1016 888/888/888 1135/1135/1135
f 744/744/744 796/796/796 1062/1062/1062
f 744/744/744 1062/1062/1062 1039/1039/1039
f 885/885/885 886/886/886 1212/1212/1212
f 885/885/885 1212/1212/1212 1210/1210/1210
f 1129/1129/1129 1130/1130/1130 883/883/883
f 1129/1129/1129 883/883/883 882/882/882
f 1127/1127/1127 1128/1128/1128 881/881/881
f 1127/1127/1127 881/881/881 880/880/880
f 693/693/693 1131/1131/1131 714/714/714
f 693/693/693 714/714/714 510/510/510
f 739/739/739 664/664/664 534/534/534
f 739/739/739 534/534/534 540/540/540
f 1128/1128/1128 1129/1129/1129 882/882/882
f 1128/1128/1128 882/882/882 881/881/881
f 1125/1125/1125 1126/1126/1126 879/879/879
f 1125/1125/1125 879/879/879 878/878/878
f 536/536/536 669/669/669 734/734/734
f 536/536/536 734/734/734 542/542/542
f 1126/1126/1126 1127/1127/1127 880/880/880
f 1126/1126/1126 880/880/880 879/879/879
f 1121/1121/1121 1122/1122/1122 875/875/875
f 1121/1121/1121 875/875/875 874/874/874
f 510/510/510 714/714/714 1130/1130/1130
f 510/510/510 1130/1130/1130 694/694/694
f 1123/1123/1123 1124/1124/1124 877/877/877
f 1123/1123/1123 877/877/877 876/876/876
f 699/699/699 1125/1125/1125 716/716/716
f 699/699/699 716/716/716 512/512/512
f 733/733/733 670/670/670 535/535/535
f 733/733/733 535/535/535 541/541/541
f 1122/1122/1122 1123/1123/1123 876/876/876
f 1122/1122/1122 876/876/876 875/875/875
f 1119/1119/1119 1120/1120/1120 873/873/873
f 1119/1119/1119 873/873/873 872/872/872
f 537/537/537 675/675/675 728/728/728
f 537/537/537 728/728/728 543/543/543
f 1120/1120/1120 1121/1121/1121 874/874/874
f 1120/1120/1120 874/874/874 873/873/873
f 1115/1115/1115 1116/1116/1116 869/869/869
f 1115/1115/1115 869/869/869 868/868/868
f 511/511/511 715/715/715 1124/1124/1124
f 511/511/511 1124/1124/1124 700/700/700
f 873/873/873 874/874/874 1011/1011/1011
f 873/873/873 1011/1011/1011 1229/1229/1229
f 1117/1117/1117 1118/1118/1118 871/871/871
f 1117/1117/1117 871/871/871 870/870/870
f 916/916/916 1228/1228/1228 1198/1198/1198
f 916/916/916 1198/1198/1198 908/908/908
f 705/705/705 1119/1119/1119 717/717/717
f 705/705/705 717/717/717 513/513/513
f 916/916/916 908/908/908 1199/1199/1199
f 916/916/916 1199/1199/1199 1224/1224/1224
f 727/727/727 676/676/676 537/537/537
f 727/727/727 537/537/537 543/543/543
f 1223/1223/1223 1224/1224/1224 1199/1199/1199
f 1223/1223/1223 1199/1199/1199 1200/1200/1200
f 1116/1116/1116 1117/1117/1117 870/870/870
f 1116/1116/1116 870/870/870 869/869/869
f 1113/1113/1113 1114/1114/1114 867/867/867
f 1113/1113/1113 867/867/867 866/866/866
f 538/538/538 681/681/681 722/722/722
f 538/538/538 722/722/722 544/544/544
f 1219/1219/1219 1220/1220/1220 1201/1201/1201
f 1219/1219/1219 1201/1201/1201 1202/1202/1202
f 1114/1114/1114 1115/1115/1115 868/868/868
f 1114/1114/1114 868/868/868 867/867/867
f 869/869/869 870/870/870 1223/1223/1223
f 869/869/869 1223/1223/1223 1220/1220/1220
f 1040/1040/1040 1039/1039/1039 745/745/745
f 1040/1040/1040 745/745/745 747/747/747
f 1214/1214/1214 1216/1216/1216 1203/1203/1203
f 1214/1214/1214 1203/1203/1203 1204/1204/1204
f 513/513/513 717/717/717 1118/1118/1118
f 513/513/513 1118/1118/1118 706/706/706
f 867/867/867 868/868/868 1219/1219/1219
f 867/867/867 1219/1219/1219 1216/1216/1216
f 1111/1111/1111 1112/1112/1112 865/865/865
f 1111/1111/1111 865/865/865 864/864/864
f 913/913/913 1214/1214/1214 1204/1204/1204
f 913/913/913 1204/1204/1204 909/909/909
f 711/711/711 1113/1113/1113 718/718/718
f 711/711/711 718/718/718 514/514/514
f 721/721/721 682/682/682 539/539/539
f 721/721/721 539/539/539 545/545/545
f 660/660/660 683/683/683 720/720/720
f 660/660/660 720/720/720 743/743/743
f 889/889/889 802/802/802 1017/1017/1017
f 889/889/889 1017/1017/1017 1137/1137/1137
f 713/713/713 1182/1182/1182 1136/1136/1136
f 713/713/713 1136/1136/1136 712/712/712
f 794/794/794 721/721/721 545/545/545
f 794/794/794 545/545/545 557/557/557
f 864/864/864 970/970/970 1215/1215/1215
f 864/864/864 1215/1215/1215 887/887/887
f 780/780/780 727/727/727 543/543/543
f 780/780/780 543/543/543 553/553/553
f 544/544/544 722/722/722 790/790/790
f 544/544/544 790/790/790 556/556/556
f 514/514/514 890/890/890 1138/1138/1138
f 514/514/514 1138/1138/1138 711/711/711
f 1017/1017/1017 1018/1018/1018 1139/1139/1139
f 1017/1017/1017 1139/1139/1139 1137/1137/1137
f 1018/1018/1018 1019/1019/1019 1141/1141/1141
f 1018/1018/1018 1141/1141/1141 1139/1139/1139
f 1019/1019/1019 1020/1020/1020 1143/1143/1143
f 1019/1019/1019 1143/1143/1143 1141/1141/1141
f 1020/1020/1020 1021/1021/1021 1145/1145/1145
f 1020/1020/1020 1145/1145/1145 1143/1143/1143
f 1021/1021/1021 1022/1022/1022 1147/1147/1147
f 1021/1021/1021 1147/1147/1147 1145/1145/1145
f 1148/1148/1148 893/893/893 513/513/513
f 1148/1148/1148 513/513/513 706/706/706
f 767/767/767 733/733/733 541/541/541
f 767/767/767 541/541/541 550/550/550
f 543/543/543 728/728/728 777/777/777
f 543/543/543 777/777/777 553/553/553
f 513/513/513 893/893/893 1150/1150/1150
f 513/513/513 1150/1150/1150 705/705/705
f 1023/1023/1023 1024/1024/1024 1151/1151/1151
f 1023/1023/1023 1151/1151/1151 1149/1149/1149
f 1024/1024/1024 1025/1025/1025 1153/1153/1153
f 1024/1024/1024 1153/1153/1153 1151/1151/1151
f 1025/1025/1025 1026/1026/1026 1155/1155/1155
f 1025/1025/1025 1155/1155/1155 1153/1153/1153
f 1026/1026/1026 1027/1027/1027 1157/1157/1157
f 1026/1026/1026 1157/1157/1157 1155/1155/1155
f 1027/1027/1027 1028/1028/1028 1159/1159/1159
f 1027/1027/1027 1159/1159/1159 1157/1157/1157
f 1160/1160/1160 896/896/896 511/511/511
f 1160/1160/1160 511/511/511 700/700/700
f 753/753/753 739/739/739 540/540/540
f 753/753/753 540/540/540 547/547/547
f 542/542/542 734/734/734 763/763/763
f 542/542/542 763/763/763 551/551/551
f 512/512/512 897/897/897 1162/1162/1162
f 512/512/512 1162/1162/1162 699/699/699
f 1029/1029/1029 1030/1030/1030 1163/1163/1163
f 1029/1029/1029 1163/1163/1163 1161/1161/1161
f 1030/1030/1030 1031/1031/1031 1165/1165/1165
f 1030/1030/1030 1165/1165/1165 1163/1163/1163
f 1031/1031/1031 1032/1032/1032 1167/1167/1167
f 1031/1031/1031 1167/1167/1167 1165/1165/1165
f 1032/1032/1032 1033/1033/1033 1169/1169/1169
f 1032/1032/1032 1169/1169/1169 1167/1167/1167
f 1033/1033/1033 1034/1034/1034 1171/1171/1171
f 1033/1033/1033 1171/1171/1171 1169/1169/1169
f 1172/1172/1172 899/899/899 510/510/510
f 1172/1172/1172 510/510/510 694/694/694
f 1016/1016/1016 795/795/795 555/555/555
f 1016/1016/1016 555/555/555 803/803/803
f 540/540/540 740/740/740 750/750/750
f 540/540/540 750/750/750 547/547/547
f 510/510/510 899/899/899 1174/1174/1174
f 510/510/510 1174/1174/1174 693/693/693
f 1035/1035/1035 1036/1036/1036 1175/1175/1175
f 1035/1035/1035 1175/1175/1175 1173/1173/1173
f 1036/1036/1036 1037/1037/1037 1177/1177/1177
f 1036/1036/1036 1177/1177/1177 1175/1175/1175
f 1015/1015/1015 1038/1038/1038 1181/1181/1181
f 1015/1015/1015 1181/1181/1181 1179/1179/1179
f 1015/1015/1015 1179/1179/1179 1177/1177/1177
f 1015/1015/1015 1177/1177/1177 1037/1037/1037
f 750/750/750 740/740/740 741/741/741
f 750/750/750 741/741/741 748/748/748
f 759/759/759 736/736/736 737/737/737
f 759/759/759 737/737/737 757/757/757
f 748/748/748 741/741/741 742/742/742
f 748/748/748 742/742/742 746/746/746
f 720/720/720 721/721/721 794/794/794
f 720/720/720 794/794/794 796/796/796
f 1014/1014/1014 966/966/966 636/636/636
f 1014/1014/1014 636/636/636 659/659/659
f 791/791/791 1017/1017/1017 802/802/802
f 791/791/791 802/802/802 554/554/554
f 1022/1022/1022 781/781/781 552/552/552
f 1022/1022/1022 552/552/552 801/801/801
f 1006/1006/1006 816/816/816 815/815/815
f 1006/1006/1006 815/815/815 1008/1008/1008
f 1002/1002/1002 818/818/818 817/817/817
f 1002/1002/1002 817/817/817 1004/1004/1004
f 788/788/788 723/723/723 724/724/724
f 788/788/788 724/724/724 786/786/786
f 790/790/790 722/722/722 723/723/723
f 790/790/790 723/723/723 788/788/788
f 784/784/784 725/725/725 726/726/726
f 784/784/784 726/726/726 782/782/782
f 778/778/778 1023/1023/1023 801/801/801
f 778/778/778 801/801/801 552/552/552
f 1028/1028/1028 768/768/768 548/548/548
f 1028/1028/1028 548/548/548 799/799/799
f 782/782/782 726/726/726 727/727/727
f 782/782/782 727/727/727 780/780/780
f 786/786/786 724/724/724 725/725/725
f 786/786/786 725/725/725 784/784/784
f 775/775/775 729/729/729 730/730/730
f 775/775/775 730/730/730 773/773/773
f 777/777/777 728/728/728 729/729/729
f 777/777/777 729/729/729 775/775/775
f 771/771/771 731/731/731 732/732/732
f 771/771/771 732/732/732 769/769/769
f 764/764/764 1029/1029/1029 800/800/800
f 764/764/764 800/800/800 549/549/549
f 1034/1034/1034 754/754/754 546/546/546
f 1034/1034/1034 546/546/546 798/798/798
f 769/769/769 732/732/732 733/733/733
f 769/769/769 733/733/733 767/767/767
f 773/773/773 730/730/730 731/731/731
f 773/773/773 731/731/731 771/771/771
f 761/761/761 735/735/735 736/736/736
f 761/761/761 736/736/736 759/759/759
f 763/763/763 734/734/734 735/735/735
f 763/763/763 735/735/735 761/761/761
f 757/757/757 737/737/737 738/738/738
f 757/757/757 738/738/738 755/755/755
f 751/751/751 1035/1035/1035 798/798/798
f 751/751/751 798/798/798 546/546/546
f 547/547/547 750/750/750 1042/1042/1042
f 547/547/547 1042/1042/1042 752/752/752
f 755/755/755 738/738/738 739/739/739
f 755/755/755 739/739/739 753/753/753
f 1046/1046/1046 1045/1045/1045 758/758/758
f 1046/1046/1046 758/758/758 760/760/760
f 1039/1039/1039 1062/1062/1062 797/797/797
f 1039/1039/1039 797/797/797 745/745/745
f 1041/1041/1041 1040/1040/1040 747/747/747
f 1041/1041/1041 747/747/747 749/749/749
f 746/746/746 744/744/744 1039/1039/1039
f 746/746/746 1039/1039/1039 1040/1040/1040
f 753/753/753 547/547/547 752/752/752
f 753/753/753 752/752/752 1043/1043/1043
f 748/748/748 746/746/746 1040/1040/1040
f 748/748/748 1040/1040/1040 1041/1041/1041
f 1044/1044/1044 1043/1043/1043 754/754/754
f 1044/1044/1044 754/754/754 756/756/756
f 750/750/750 748/748/748 1041/1041/1041
f 750/750/750 1041/1041/1041 1042/1042/1042
f 551/551/551 763/763/763 1048/1048/1048
f 551/551/551 1048/1048/1048 766/766/766
f 752/752/752 1042/1042/1042 751/751/751
f 752/752/752 751/751/751 546/546/546
f 1045/1045/1045 1044/1044/1044 756/756/756
f 1045/1045/1045 756/756/756 758/758/758
f 752/752/752 546/546/546 754/754/754
f 752/752/752 754/754/754 1043/1043/1043
f 1048/1048/1048 1047/1047/1047 762/762/762
f 1048/1048/1048 762/762/762 764/764/764
f 755/755/755 753/753/753 1043/1043/1043
f 755/755/755 1043/1043/1043 1044/1044/1044
f 1047/1047/1047 1046/1046/1046 760/760/760
f 1047/1047/1047 760/760/760 762/762/762
f 757/757/757 755/755/755 1044/1044/1044
f 757/757/757 1044/1044/1044 1045/1045/1045
f 1052/1052/1052 1051/1051/1051 772/772/772
f 1052/1052/1052 772/772/772 774/774/774
f 759/759/759 757/757/757 1045/1045/1045
f 759/759/759 1045/1045/1045 1046/1046/1046
f 767/767/767 550/550/550 765/765/765
f 767/767/767 765/765/765 1049/1049/1049
f 761/761/761 759/759/759 1046/1046/1046
f 761/761/761 1046/1046/1046 1047/1047/1047
f 1050/1050/1050 1049/1049/1049 768/768/768
f 1050/1050/1050 768/768/768 770/770/770
f 763/763/763 761/761/761 1047/1047/1047
f 763/763/763 1047/1047/1047 1048/1048/1048
f 553/553/553 777/777/777 1054/1054/1054
f 553/553/553 1054/1054/1054 779/779/779
f 766/766/766 1048/1048/1048 764/764/764
f 766/766/766 764/764/764 549/549/549
f 1051/1051/1051 1050/1050/1050 770/770/770
f 1051/1051/1051 770/770/770 772/772/772
f 765/765/765 548/548/548 768/768/768
f 765/765/765 768/768/768 1049/1049/1049
f 1054/1054/1054 1053/1053/1053 776/776/776
f 1054/1054/1054 776/776/776 778/778/778
f 769/769/769 767/767/767 1049/1049/1049
f 769/769/769 1049/1049/1049 1050/1050/1050
f 1053/1053/1053 1052/1052/1052 774/774/774
f 1053/1053/1053 774/774/774 776/776/776
f 771/771/771 769/769/769 1050/1050/1050
f 771/771/771 1050/1050/1050 1051/1051/1051
f 1058/1058/1058 1057/1057/1057 785/785/785
f 1058/1058/1058 785/785/785 787/787/787
f 773/773/773 771/771/771 1051/1051/1051
f 773/773/773 1051/1051/1051 1052/1052/1052
f 780/780/780 553/553/553 779/779/779
f 780/780/780 779/779/779 1055/1055/1055
f 775/775/775 773/773/773 1052/1052/1052
f 775/775/775 1052/1052/1052 1053/1053/1053
f 1056/1056/1056 1055/1055/1055 781/781/781
f 1056/1056/1056 781/781/781 783/783/783
f 777/777/777 775/775/775 1053/1053/1053
f 777/777/777 1053/1053/1053 1054/1054/1054
f 556/556/556 790/790/790 1060/1060/1060
f 556/556/556 1060/1060/1060 792/792/792
f 779/779/779 1054/1054/1054 778/778/778
f 779/779/779 778/778/778 552/552/552
f 1057/1057/1057 1056/1056/1056 783/783/783
f 1057/1057/1057 783/783/783 785/785/785
f 779/779/779 552/552/552 781/781/781
f 779/779/779 781/781/781 1055/1055/1055
f 1060/1060/1060 1059/1059/1059 789/789/789
f 1060/1060/1060 789/789/789 791/791/791
f 782/782/782 780/780/780 1055/1055/1055
f 782/782/782 1055/1055/1055 1056/1056/1056
f 1059/1059/1059 1058/1058/1058 787/787/787
f 1059/1059/1059 787/787/787 789/789/789
f 784/784/784 782/782/782 1056/1056/1056
f 784/784/784 1056/1056/1056 1057/1057/1057
f 742/742/742 743/743/743 744/744/744
f 742/742/742 744/744/744 746/746/746
f 786/786/786 784/784/784 1057/1057/1057
f 786/786/786 1057/1057/1057 1058/1058/1058
f 794/794/794 557/557/557 793/793/793
f 794/794/794 793/793/793 1061/1061/1061
f 788/788/788 786/786/786 1058/1058/1058
f 788/788/788 1058/1058/1058 1059/1059/1059
f 1062/1062/1062 1061/1061/1061 795/795/795
f 1062/1062/1062 795/795/795 797/797/797
f 790/790/790 788/788/788 1059/1059/1059
f 790/790/790 1059/1059/1059 1060/1060/1060
f 804/804/804 1063/1063/1063 853/853/853
f 804/804/804 853/853/853 564/564/564
f 792/792/792 1060/1060/1060 791/791/791
f 792/792/792 791/791/791 554/554/554
f 744/744/744 743/743/743 720/720/720
f 744/744/744 720/720/720 796/796/796
f 793/793/793 555/555/555 795/795/795
f 793/793/793 795/795/795 1061/1061/1061
f 1038/1038/1038 797/797/797 795/795/795
f 1038/1038/1038 795/795/795 1016/1016/1016
f 796/796/796 794/794/794 1061/1061/1061
f 796/796/796 1061/1061/1061 1062/1062/1062
f 1100/1100/1100 1102/1102/1102 838/838/838
f 1100/1100/1100 838/838/838 837/837/837
f 1096/1096/1096 1097/1097/1097 855/855/855
f 1096/1096/1096 855/855/855 854/854/854
f 679/679/679 1098/1098/1098 1097/1097/1097
f 679/679/679 1097/1097/1097 678/678/678
f 998/998/998 820/820/820 819/819/819
f 998/998/998 819/819/819 1000/1000/1000
f 567/567/567 859/859/859 1073/1073/1073
f 567/567/567 1073/1073/1073 812/812/812
f 1063/1063/1063 1096/1096/1096 854/854/854
f 1063/1063/1063 854/854/854 853/853/853
f 568/568/568 688/688/688 1008/1008/1008
f 568/568/568 1008/1008/1008 815/815/815
f 537/537/537 676/676/676 1063/1063/1063
f 537/537/537 1063/1063/1063 804/804/804
f 833/833/833 971/971/971 969/969/969
f 833/833/833 969/969/969 834/834/834
f 1066/1066/1066 1065/1065/1065 851/851/851
f 1066/1066/1066 851/851/851 850/850/850
f 674/674/674 1065/1065/1065 1066/1066/1066
f 674/674/674 1066/1066/1066 673/673/673
f 1099/1099/1099 1101/1101/1101 858/858/858
f 1099/1099/1099 858/858/858 857/857/857
f 829/829/829 980/980/980 978/978/978
f 829/829/829 978/978/978 830/830/830
f 1068/1068/1068 1067/1067/1067 849/849/849
f 1068/1068/1068 849/849/849 848/848/848
f 839/839/839 840/840/840 1092/1092/1092
f 839/839/839 1092/1092/1092 1093/1093/1093
f 672/672/672 1067/1067/1067 1068/1068/1068
f 672/672/672 1068/1068/1068 671/671/671
f 831/831/831 976/976/976 974/974/974
f 831/831/831 974/974/974 832/832/832
f 806/806/806 561/561/561 846/846/846
f 806/806/806 846/846/846 1070/1070/1070
f 673/673/673 1066/1066/1066 1067/1067/1067
f 673/673/673 1067/1067/1067 672/672/672
f 537/537/537 804/804/804 1064/1064/1064
f 537/537/537 1064/1064/1064 675/675/675
f 674/674/674 675/675/675 1064/1064/1064
f 674/674/674 1064/1064/1064 1065/1065/1065
f 536/536/536 806/806/806 1070/1070/1070
f 536/536/536 1070/1070/1070 669/669/669
f 1110/1110/1110 1071/1071/1071 845/845/845
f 1110/1110/1110 845/845/845 844/844/844
f 535/535/535 670/670/670 1069/1069/1069
f 535/535/535 1069/1069/1069 805/805/805
f 827/827/827 983/983/983 982/982/982
f 827/827/827 982/982/982 828/828/828
f 968/968/968 969/969/969 638/638/638
f 968/968/968 638/638/638 637/637/637
f 862/862/862 1105/1105/1105 859/859/859
f 862/862/862 859/859/859 567/567/567
f 1102/1102/1102 1103/1103/1103 839/839/839
f 1102/1102/1102 839/839/839 838/838/838
f 863/863/863 1107/1107/1107 841/841/841
f 863/863/863 841/841/841 558/558/558
f 662/662/662 1103/1103/1103 1102/1102/1102
f 662/662/662 1102/1102/1102 661/661/661
f 664/664/664 1107/1107/1107 863/863/863
f 664/664/664 863/863/863 534/534/534
f 863/863/863 558/558/558 840/840/840
f 863/863/863 840/840/840 1104/1104/1104
f 1107/1107/1107 1108/1108/1108 842/842/842
f 1107/1107/1107 842/842/842 841/841/841
f 685/685/685 562/562/562 826/826/826
f 685/685/685 826/826/826 987/987/987
f 666/666/666 667/667/667 1110/1110/1110
f 666/666/666 1110/1110/1110 1109/1109/1109
f 1108/1108/1108 1109/1109/1109 843/843/843
f 1108/1108/1108 843/843/843 842/842/842
f 666/666/666 1109/1109/1109 1108/1108/1108
f 666/666/666 1108/1108/1108 665/665/665
f 1109/1109/1109 1110/1110/1110 844/844/844
f 1109/1109/1109 844/844/844 843/843/843
f 1071/1071/1071 1110/1110/1110 667/667/667
f 1071/1071/1071 667/667/667 668/668/668
f 678/678/678 1097/1097/1097 1096/1096/1096
f 678/678/678 1096/1096/1096 677/677/677
f 1097/1097/1097 1098/1098/1098 856/856/856
f 1097/1097/1097 856/856/856 855/855/855
f 837/837/837 838/838/838 1094/1094/1094
f 837/837/837 1094/1094/1094 1095/1095/1095
f 1098/1098/1098 1099/1099/1099 857/857/857
f 1098/1098/1098 857/857/857 856/856/856
f 680/680/680 1099/1099/1099 1098/1098/1098
f 680/680/680 1098/1098/1098 679/679/679
f 682/682/682 1105/1105/1105 862/862/862
f 682/682/682 862/862/862 539/539/539
f 861/861/861 566/566/566 858/858/858
f 861/861/861 858/858/858 1101/1101/1101
f 1100/1100/1100 1106/1106/1106 683/683/683
f 1100/1100/1100 683/683/683 660/660/660
f 863/863/863 1104/1104/1104 663/663/663
f 863/863/863 663/663/663 534/534/534
f 838/838/838 839/839/839 1093/1093/1093
f 838/838/838 1093/1093/1093 1094/1094/1094
f 1274/1274/1274 1273/1273/1273 1296/1296/1296
f 1274/1274/1274 1296/1296/1296 1295/1295/1295
f 1073/1073/1073 1072/1072/1072 813/813/813
f 1073/1073/1073 813/813/813 814/814/814
f 837/837/837 1095/1095/1095 1072/1072/1072
f 837/837/837 1072/1072/1072 860/860/860
f 677/677/677 1096/1096/1096 1063/1063/1063
f 677/677/677 1063/1063/1063 676/676/676
f 858/858/858 566/566/566 811/811/811
f 858/858/858 811/811/811 1074/1074/1074
f 1072/1072/1072 1095/1095/1095 836/836/836
f 1072/1072/1072 836/836/836 813/813/813
f 812/812/812 1073/1073/1073 814/814/814
f 812/812/812 814/814/814 569/569/569
f 564/564/564 853/853/853 1079/1079/1079
f 564/564/564 1079/1079/1079 810/810/810
f 811/811/811 568/568/568 815/815/815
f 811/811/811 815/815/815 1074/1074/1074
f 1075/1075/1075 1074/1074/1074 815/815/815
f 1075/1075/1075 815/815/815 816/816/816
f 859/859/859 860/860/860 1072/1072/1072
f 859/859/859 1072/1072/1072 1073/1073/1073
f 1076/1076/1076 1075/1075/1075 816/816/816
f 1076/1076/1076 816/816/816 817/817/817
f 1077/1077/1077 1076/1076/1076 817/817/817
f 1077/1077/1077 817/817/817 818/818/818
f 1078/1078/1078 1077/1077/1077 818/818/818
f 1078/1078/1078 818/818/818 819/819/819
f 856/856/856 857/857/857 1075/1075/1075
f 856/856/856 1075/1075/1075 1076/1076/1076
f 1079/1079/1079 1078/1078/1078 819/819/819
f 1079/1079/1079 819/819/819 820/820/820
f 857/857/857 858/858/858 1074/1074/1074
f 857/857/857 1074/1074/1074 1075/1075/1075
f 852/852/852 564/564/564 810/810/810
f 852/852/852 810/810/810 1080/1080/1080
f 854/854/854 855/855/855 1077/1077/1077
f 854/854/854 1077/1077/1077 1078/1078/1078
f 810/810/810 1079/1079/1079 820/820/820
f 810/810/810 820/820/820 565/565/565
f 560/560/560 847/847/847 1085/1085/1085
f 560/560/560 1085/1085/1085 808/808/808
f 810/810/810 565/565/565 821/821/821
f 810/810/810 821/821/821 1080/1080/1080
f 1081/1081/1081 1080/1080/1080 821/821/821
f 1081/1081/1081 821/821/821 822/822/822
f 853/853/853 854/854/854 1078/1078/1078
f 853/853/853 1078/1078/1078 1079/1079/1079
f 1082/1082/1082 1081/1081/1081 822/822/822
f 1082/1082/1082 822/822/822 823/823/823
f 1083/1083/1083 1082/1082/1082 823/823/823
f 1083/1083/1083 823/823/823 824/824/824
f 855/855/855 856/856/856 1076/1076/1076
f 855/855/855 1076/1076/1076 1077/1077/1077
f 1084/1084/1084 1083/1083/1083 824/824/824
f 1084/1084/1084 824/824/824 825/825/825
f 850/850/850 851/851/851 1081/1081/1081
f 850/850/850 1081/1081/1081 1082/1082/1082
f 1085/1085/1085 1084/1084/1084 825/825/825
f 1085/1085/1085 825/825/825 826/826/826
f 851/851/851 852/852/852 1080/1080/1080
f 851/851/851 1080/1080/1080 1081/1081/1081
f 846/846/846 561/561/561 809/809/809
f 846/846/846 809/809/809 1086/1086/1086
f 848/848/848 849/849/849 1083/1083/1083
f 848/848/848 1083/1083/1083 1084/1084/1084
f 808/808/808 1085/1085/1085 826/826/826
f 808/808/808 826/826/826 562/562/562
f 558/558/558 841/841/841 1091/1091/1091
f 558/558/558 1091/1091/1091 807/807/807
f 809/809/809 563/563/563 827/827/827
f 809/809/809 827/827/827 1086/1086/1086
f 1087/1087/1087 1086/1086/1086 827/827/827
f 1087/1087/1087 827/827/827 828/828/828
f 847/847/847 848/848/848 1084/1084/1084
f 847/847/847 1084/1084/1084 1085/1085/1085
f 1088/1088/1088 1087/1087/1087 828/828/828
f 1088/1088/1088 828/828/828 829/829/829
f 1089/1089/1089 1088/1088/1088 829/829/829
f 1089/1089/1089 829/829/829 830/830/830
f 849/849/849 850/850/850 1082/1082/1082
f 849/849/849 1082/1082/1082 1083/1083/1083
f 1090/1090/1090 1089/1089/1089 830/830/830
f 1090/1090/1090 830/830/830 831/831/831
f 844/844/844 845/845/845 1087/1087/1087
f 844/844/844 1087/1087/1087 1088/1088/1088
f 1091/1091/1091 1090/1090/1090 831/831/831
f 1091/1091/1091 831/831/831 832/832/832
f 845/845/845 846/846/846 1086/1086/1086
f 845/845/845 1086/1086/1086 1087/1087/1087
f 840/840/840 558/558/558 807/807/807
f 840/840/840 807/807/807 1092/1092/1092
f 842/842/842 843/843/843 1089/1089/1089
f 842/842/842 1089/1089/1089 1090/1090/1090
f 807/807/807 1091/1091/1091 832/832/832
f 807/807/807 832/832/832 559/559/559
f 687/687/687 565/565/565 820/820/820
f 687/687/687 820/820/820 998/998/998
f 807/807/807 559/559/559 833/833/833
f 807/807/807 833/833/833 1092/1092/1092
f 1093/1093/1093 1092/1092/1092 833/833/833
f 1093/1093/1093 833/833/833 834/834/834
f 841/841/841 842/842/842 1090/1090/1090
f 841/841/841 1090/1090/1090 1091/1091/1091
f 1094/1094/1094 1093/1093/1093 834/834/834
f 1094/1094/1094 834/834/834 835/835/835
f 1095/1095/1095 1094/1094/1094 835/835/835
f 1095/1095/1095 835/835/835 836/836/836
f 843/843/843 844/844/844 1088/1088/1088
f 843/843/843 1088/1088/1088 1089/1089/1089
f 1106/1106/1106 1100/1100/1100 837/837/837
f 1106/1106/1106 837/837/837 860/860/860
f 821/821/821 996/996/996 994/994/994
f 821/821/821 994/994/994 822/822/822
f 823/823/823 992/992/992 990/990/990
f 823/823/823 990/990/990 824/824/824
f 682/682/682 683/683/683 1106/1106/1106
f 682/682/682 1106/1106/1106 1105/1105/1105
f 825/825/825 988/988/988 987/987/987
f 825/825/825 987/987/987 826/826/826
f 1038/1038/1038 1016/1016/1016 1135/1135/1135
f 1038/1038/1038 1135/1135/1135 1181/1181/1181
f 690/690/690 713/713/713 1111/1111/1111
f 690/690/690 1111/1111/1111 1134/1134/1134
f 1142/1142/1142 1144/1144/1144 708/708/708
f 1142/1142/1142 708/708/708 709/709/709
f 1134/1134/1134 1111/1111/1111 864/864/864
f 1134/1134/1134 864/864/864 887/887/887
f 720/720/720 683/683/683 682/682/682
f 720/720/720 682/682/682 721/721/721
f 712/712/712 1112/1112/1112 1111/1111/1111
f 712/712/712 1111/1111/1111 713/713/713
f 719/719/719 575/575/575 865/865/865
f 719/719/719 865/865/865 1112/1112/1112
f 718/718/718 1113/1113/1113 866/866/866
f 718/718/718 866/866/866 574/574/574
f 722/722/722 681/681/681 680/680/680
f 722/722/722 680/680/680 723/723/723
f 710/710/710 1114/1114/1114 1113/1113/1113
f 710/710/710 1113/1113/1113 711/711/711
f 723/723/723 680/680/680 679/679/679
f 723/723/723 679/679/679 724/724/724
f 709/709/709 1115/1115/1115 1114/1114/1114
f 709/709/709 1114/1114/1114 710/710/710
f 724/724/724 679/679/679 678/678/678
f 724/724/724 678/678/678 725/725/725
f 708/708/708 1116/1116/1116 1115/1115/1115
f 708/708/708 1115/1115/1115 709/709/709
f 725/725/725 678/678/678 677/677/677
f 725/725/725 677/677/677 726/726/726
f 707/707/707 1117/1117/1117 1116/1116/1116
f 707/707/707 1116/1116/1116 708/708/708
f 726/726/726 677/677/677 676/676/676
f 726/726/726 676/676/676 727/727/727
f 706/706/706 1118/1118/1118 1117/1117/1117
f 706/706/706 1117/1117/1117 707/707/707
f 717/717/717 573/573/573 871/871/871
f 717/717/717 871/871/871 1118/1118/1118
f 717/717/717 1119/1119/1119 872/872/872
f 717/717/717 872/872/872 573/573/573
f 728/728/728 675/675/675 674/674/674
f 728/728/728 674/674/674 729/729/729
f 704/704/704 1120/1120/1120 1119/1119/1119
f 704/704/704 1119/1119/1119 705/705/705
f 729/729/729 674/674/674 673/673/673
f 729/729/729 673/673/673 730/730/730
f 703/703/703 1121/1121/1121 1120/1120/1120
f 703/703/703 1120/1120/1120 704/704/704
f 730/730/730 673/673/673 672/672/672
f 730/730/730 672/672/672 731/731/731
f 702/702/702 1122/1122/1122 1121/1121/1121
f 702/702/702 1121/1121/1121 703/703/703
f 731/731/731 672/672/672 671/671/671
f 731/731/731 671/671/671 732/732/732
f 701/701/701 1123/1123/1123 1122/1122/1122
f 701/701/701 1122/1122/1122 702/702/702
f 732/732/732 671/671/671 670/670/670
f 732/732/732 670/670/670 733/733/733
f 700/700/700 1124/1124/1124 1123/1123/1123
f 700/700/700 1123/1123/1123 701/701/701
f 715/715/715 571/571/571 877/877/877
f 715/715/715 877/877/877 1124/1124/1124
f 716/716/716 1125/1125/1125 878/878/878
f 716/716/716 878/878/878 572/572/572
f 734/734/734 669/669/669 668/668/668
f 734/734/734 668/668/668 735/735/735
f 698/698/698 1126/1126/1126 1125/1125/1125
f 698/698/698 1125/1125/1125 699/699/699
f 735/735/735 668/668/668 667/667/667
f 735/735/735 667/667/667 736/736/736
f 697/697/697 1127/1127/1127 1126/1126/1126
f 697/697/697 1126/1126/1126 698/698/698
f 736/736/736 667/667/667 666/666/666
f 736/736/736 666/666/666 737/737/737
f 696/696/696 1128/1128/1128 1127/1127/1127
f 696/696/696 1127/1127/1127 697/697/697
f 737/737/737 666/666/666 665/665/665
f 737/737/737 665/665/665 738/738/738
f 695/695/695 1129/1129/1129 1128/1128/1128
f 695/695/695 1128/1128/1128 696/696/696
f 738/738/738 665/665/665 664/664/664
f 738/738/738 664/664/664 739/739/739
f 694/694/694 1130/1130/1130 1129/1129/1129
f 694/694/694 1129/1129/1129 695/695/695
f 714/714/714 570/570/570 883/883/883
f 714/714/714 883/883/883 1130/1130/1130
f 714/714/714 1131/1131/1131 884/884/884
f 714/714/714 884/884/884 570/570/570
f 740/740/740 663/663/663 662/662/662
f 740/740/740 662/662/662 741/741/741
f 692/692/692 1132/1132/1132 1131/1131/1131
f 692/692/692 1131/1131/1131 693/693/693
f 741/741/741 662/662/662 661/661/661
f 741/741/741 661/661/661 742/742/742
f 691/691/691 1133/1133/1133 1132/1132/1132
f 691/691/691 1132/1132/1132 692/692/692
f 660/660/660 743/743/743 742/742/742
f 660/660/660 742/742/742 661/661/661
f 690/690/690 1134/1134/1134 1133/1133/1133
f 690/690/690 1133/1133/1133 691/691/691
f 1022/1022/1022 801/801/801 892/892/892
f 1022/1022/1022 892/892/892 1147/1147/1147
f 1138/1138/1138 1140/1140/1140 710/710/710
f 1138/1138/1138 710/710/710 711/711/711
f 1042/1042/1042 1041/1041/1041 749/749/749
f 1042/1042/1042 749/749/749 751/751/751
f 1140/1140/1140 1142/1142/1142 709/709/709
f 1140/1140/1140 709/709/709 710/710/710
f 789/789/789 1018/1018/1018 1017/1017/1017
f 789/789/789 1017/1017/1017 791/791/791
f 1146/1146/1146 1148/1148/1148 706/706/706
f 1146/1146/1146 706/706/706 707/707/707
f 787/787/787 1019/1019/1019 1018/1018/1018
f 787/787/787 1018/1018/1018 789/789/789
f 1144/1144/1144 1146/1146/1146 707/707/707
f 1144/1144/1144 707/707/707 708/708/708
f 785/785/785 1020/1020/1020 1019/1019/1019
f 785/785/785 1019/1019/1019 787/787/787
f 1154/1154/1154 1156/1156/1156 702/702/702
f 1154/1154/1154 702/702/702 703/703/703
f 783/783/783 1021/1021/1021 1020/1020/1020
f 783/783/783 1020/1020/1020 785/785/785
f 892/892/892 801/801/801 1023/1023/1023
f 892/892/892 1023/1023/1023 1149/1149/1149
f 781/781/781 1022/1022/1022 1021/1021/1021
f 781/781/781 1021/1021/1021 783/783/783
f 1150/1150/1150 1152/1152/1152 704/704/704
f 1150/1150/1150 704/704/704 705/705/705
f 1028/1028/1028 799/799/799 895/895/895
f 1028/1028/1028 895/895/895 1159/1159/1159
f 1152/1152/1152 1154/1154/1154 703/703/703
f 1152/1152/1152 703/703/703 704/704/704
f 776/776/776 1024/1024/1024 1023/1023/1023
f 776/776/776 1023/1023/1023 778/778/778
f 1158/1158/1158 1160/1160/1160 700/700/700
f 1158/1158/1158 700/700/700 701/701/701
f 774/774/774 1025/1025/1025 1024/1024/1024
f 774/774/774 1024/1024/1024 776/776/776
f 1156/1156/1156 1158/1158/1158 701/701/701
f 1156/1156/1156 701/701/701 702/702/702
f 772/772/772 1026/1026/1026 1025/1025/1025
f 772/772/772 1025/1025/1025 774/774/774
f 1166/1166/1166 1168/1168/1168 696/696/696
f 1166/1166/1166 696/696/696 697/697/697
f 770/770/770 1027/1027/1027 1026/1026/1026
f 770/770/770 1026/1026/1026 772/772/772
f 894/894/894 800/800/800 1029/1029/1029
f 894/894/894 1029/1029/1029 1161/1161/1161
f 768/768/768 1028/1028/1028 1027/1027/1027
f 768/768/768 1027/1027/1027 770/770/770
f 1162/1162/1162 1164/1164/1164 698/698/698
f 1162/1162/1162 698/698/698 699/699/699
f 1034/1034/1034 798/798/798 898/898/898
f 1034/1034/1034 898/898/898 1171/1171/1171
f 1164/1164/1164 1166/1166/1166 697/697/697
f 1164/1164/1164 697/697/697 698/698/698
f 762/762/762 1030/1030/1030 1029/1029/1029
f 762/762/762 1029/1029/1029 764/764/764
f 1170/1170/1170 1172/1172/1172 694/694/694
f 1170/1170/1170 694/694/694 695/695/695
f 760/760/760 1031/1031/1031 1030/1030/1030
f 760/760/760 1030/1030/1030 762/762/762
f 1168/1168/1168 1170/1170/1170 695/695/695
f 1168/1168/1168 695/695/695 696/696/696
f 758/758/758 1032/1032/1032 1031/1031/1031
f 758/758/758 1031/1031/1031 760/760/760
f 1178/1178/1178 1180/1180/1180 690/690/690
f 1178/1178/1178 690/690/690 691/691/691
f 756/756/756 1033/1033/1033 1032/1032/1032
f 756/756/756 1032/1032/1032 758/758/758
f 898/898/898 798/798/798 1035/1035/1035
f 898/898/898 1035/1035/1035 1173/1173/1173
f 754/754/754 1034/1034/1034 1033/1033/1033
f 754/754/754 1033/1033/1033 756/756/756
f 1174/1174/1174 1176/1176/1176 692/692/692
f 1174/1174/1174 692/692/692 693/693/693
f 877/877/877 571/571/571 903/903/903
f 877/877/877 903/903/903 1003/1003/1003
f 1176/1176/1176 1178/1178/1178 691/691/691
f 1176/1176/1176 691/691/691 692/692/692
f 749/749/749 1036/1036/1036 1035/1035/1035
f 749/749/749 1035/1035/1035 751/751/751
f 602/602/602 604/604/604 1207/1207/1207
f 602/602/602 1207/1207/1207 973/973/973
f 747/747/747 1037/1037/1037 1036/1036/1036
f 747/747/747 1036/1036/1036 749/749/749
f 1180/1180/1180 1182/1182/1182 713/713/713
f 1180/1180/1180 713/713/713 690/690/690
f 1037/1037/1037 747/747/747 745/745/745
f 1037/1037/1037 745/745/745 1015/1015/1015
f 576/576/576 578/578/578 972/972/972
f 576/576/576 972/972/972 979/979/979
f 745/745/745 797/797/797 1038/1038/1038
f 745/745/745 1038/1038/1038 1015/1015/1015
f 1210/1210/1210 1212/1212/1212 1184/1184/1184
f 1210/1210/1210 1184/1184/1184 1185/1185/1185
f 1215/1215/1215 970/970/970 1206/1206/1206
f 1215/1215/1215 1206/1206/1206 1183/1183/1183
f 871/871/871 573/573/573 916/916/916
f 871/871/871 916/916/916 1224/1224/1224
f 1189/1189/1189 1188/1188/1188 1227/1227/1227
f 1189/1189/1189 1227/1227/1227 1013/1013/1013
f 1195/1195/1195 1194/1194/1194 1207/1207/1207
f 1195/1195/1195 1207/1207/1207 1211/1211/1211
f 1197/1197/1197 1196/1196/1196 1218/1218/1218
f 1197/1197/1197 1218/1218/1218 1222/1222/1222
f 612/612/612 522/522/522 917/917/917
f 612/612/612 917/917/917 1225/1225/1225
f 517/517/517 584/584/584 924/924/924
f 517/517/517 924/924/924 583/583/583
f 1927/1927/1927 1944/1944/1944 1940/1940/1940
f 1927/1927/1927 1940/1940/1940 1915/1915/1915
f 573/573/573 872/872/872 1228/1228/1228
f 573/573/573 1228/1228/1228 916/916/916
f 1220/1220/1220 1223/1223/1223 1200/1200/1200
f 1220/1220/1220 1200/1200/1200 1201/1201/1201
f 586/586/586 588/588/588 1227/1227/1227
f 586/586/586 1227/1227/1227 1226/1226/1226
f 1216/1216/1216 1219/1219/1219 1202/1202/1202
f 1216/1216/1216 1202/1202/1202 1203/1203/1203
f 632/632/632 634/634/634 1221/1221/1221
f 632/632/632 1221/1221/1221 1217/1217/1217
f 1183/1183/1183 1206/1206/1206 1221/1221/1221
f 1183/1183/1183 1221/1221/1221 979/979/979
f 608/608/608 610/610/610 1222/1222/1222
f 608/608/608 1222/1222/1222 1218/1218/1218
f 1601/1601/1601 1602/1602/1602 1653/1653/1653
f 1601/1601/1601 1653/1653/1653 1652/1652/1652
f 1336/1336/1336 1337/1337/1337 1362/1362/1362
f 1336/1336/1336 1362/1362/1362 1363/1363/1363
f 1255/1255/1255 1254/1254/1254 1299/1299/1299
f 1255/1255/1255 1299/1299/1299 1300/1300/1300
f 1254/1254/1254 1253/1253/1253 1298/1298/1298
f 1254/1254/1254 1298/1298/1298 1299/1299/1299
f 1298/1298/1298 1253/1253/1253 1230/1230/1230
f 1298/1298/1298 1230/1230/1230 1260/1260/1260
f 1252/1252/1252 1250/1250/1250 1296/1296/1296
f 1252/1252/1252 1296/1296/1296 1297/1297/1297
f 1304/1304/1304 1263/1263/1263 1238/1238/1238
f 1304/1304/1304 1238/1238/1238 1265/1265/1265
f 1300/1300/1300 1262/1262/1262 1232/1232/1232
f 1300/1300/1300 1232/1232/1232 1255/1255/1255
f 1302/1302/1302 1256/1256/1256 1257/1257/1257
f 1302/1302/1302 1257/1257/1257 1301/1301/1301
f 1266/1266/1266 1303/1303/1303 1302/1302/1302
f 1266/1266/1266 1302/1302/1302 1267/1267/1267
f 1297/1297/1297 1260/1260/1260 1230/1230/1230
f 1297/1297/1297 1230/1230/1230 1252/1252/1252
f 1261/1261/1261 1301/1301/1301 1257/1257/1257
f 1261/1261/1261 1257/1257/1257 1231/1231/1231
f 1302/1302/1302 1303/1303/1303 1258/1258/1258
f 1302/1302/1302 1258/1258/1258 1256/1256/1256
f 1304/1304/1304 1259/1259/1259 1233/1233/1233
f 1304/1304/1304 1233/1233/1233 1263/1263/1263
f 1239/1239/1239 1264/1264/1264 1304/1304/1304
f 1239/1239/1239 1304/1304/1304 1265/1265/1265
f 1303/1303/1303 1263/1263/1263 1233/1233/1233
f 1303/1303/1303 1233/1233/1233 1258/1258/1258
f 1304/1304/1304 1264/1264/1264 1234/1234/1234
f 1304/1304/1304 1234/1234/1234 1259/1259/1259
f 1360/1360/1360 1318/1318/1318 1317/1317/1317
f 1360/1360/1360 1317/1317/1317 1361/1361/1361
f 1300/1300/1300 1299/1299/1299 1270/1270/1270
f 1300/1300/1300 1270/1270/1270 1269/1269/1269
f 1298/1298/1298 1260/1260/1260 1235/1235/1235
f 1298/1298/1298 1235/1235/1235 1271/1271/1271
f 1250/1250/1250 1252/1252/1252 1279/1279/1279
f 1250/1250/1250 1279/1279/1279 1275/1275/1275
f 1299/1299/1299 1298/1298/1298 1271/1271/1271
f 1299/1299/1299 1271/1271/1271 1270/1270/1270
f 1300/1300/1300 1269/1269/1269 1237/1237/1237
f 1300/1300/1300 1237/1237/1237 1262/1262/1262
f 1230/1230/1230 1240/1240/1240 1279/1279/1279
f 1230/1230/1230 1279/1279/1279 1252/1252/1252
f 1295/1295/1295 1360/1360/1360 1339/1339/1339
f 1295/1295/1295 1339/1339/1339 1274/1274/1274
f 1268/1268/1268 1267/1267/1267 1302/1302/1302
f 1268/1268/1268 1302/1302/1302 1301/1301/1301
f 1268/1268/1268 1301/1301/1301 1261/1261/1261
f 1268/1268/1268 1261/1261/1261 1236/1236/1236
f 1235/1235/1235 1260/1260/1260 1297/1297/1297
f 1235/1235/1235 1297/1297/1297 1272/1272/1272
f 1238/1238/1238 1263/1263/1263 1303/1303/1303
f 1238/1238/1238 1303/1303/1303 1266/1266/1266
f 1339/1339/1339 1360/1360/1360 1361/1361/1361
f 1339/1339/1339 1361/1361/1361 1338/1338/1338
f 1251/1251/1251 1318/1318/1318 1360/1360/1360
f 1251/1251/1251 1360/1360/1360 1295/1295/1295
f 1332/1332/1332 1355/1355/1355 1314/1314/1314
f 1332/1332/1332 1314/1314/1314 1309/1309/1309
f 1272/1272/1272 1273/1273/1273 1276/1276/1276
f 1272/1272/1272 1276/1276/1276 1280/1280/1280
f 1305/1305/1305 1317/1317/1317 1340/1340/1340
f 1305/1305/1305 1340/1340/1340 1311/1311/1311
f 1284/1284/1284 1286/1286/1286 1269/1269/1269
f 1284/1284/1284 1269/1269/1269 1270/1270/1270
f 1271/1271/1271 1235/1235/1235 1241/1241/1241
f 1271/1271/1271 1241/1241/1241 1282/1282/1282
f 1273/1273/1273 1274/1274/1274 1278/1278/1278
f 1273/1273/1273 1278/1278/1278 1276/1276/1276
f 1270/1270/1270 1271/1271/1271 1282/1282/1282
f 1270/1270/1270 1282/1282/1282 1284/1284/1284
f 1238/1238/1238 1266/1266/1266 1291/1291/1291
f 1238/1238/1238 1291/1291/1291 1246/1246/1246
f 1235/1235/1235 1272/1272/1272 1280/1280/1280
f 1235/1235/1235 1280/1280/1280 1241/1241/1241
f 1237/1237/1237 1269/1269/1269 1286/1286/1286
f 1237/1237/1237 1286/1286/1286 1245/1245/1245
f 1265/1265/1265 1293/1293/1293 1248/1248/1248
f 1265/1265/1265 1248/1248/1248 1239/1239/1239
f 1292/1292/1292 1288/1288/1288 1256/1256/1256
f 1292/1292/1292 1256/1256/1256 1258/1258/1258
f 1236/1236/1236 1242/1242/1242 1289/1289/1289
f 1236/1236/1236 1289/1289/1289 1268/1268/1268
f 1267/1267/1267 1268/1268/1268 1289/1289/1289
f 1267/1267/1267 1289/1289/1289 1287/1287/1287
f 1266/1266/1266 1267/1267/1267 1287/1287/1287
f 1266/1266/1266 1287/1287/1287 1291/1291/1291
f 1338/1338/1338 1308/1308/1308 1312/1312/1312
f 1338/1338/1338 1312/1312/1312 1341/1341/1341
f 1281/1281/1281 1240/1240/1240 1230/1230/1230
f 1281/1281/1281 1230/1230/1230 1253/1253/1253
f 1254/1254/1254 1255/1255/1255 1285/1285/1285
f 1254/1254/1254 1285/1285/1285 1283/1283/1283
f 1277/1277/1277 1342/1342/1342 1318/1318/1318
f 1277/1277/1277 1318/1318/1318 1251/1251/1251
f 1283/1283/1283 1281/1281/1281 1253/1253/1253
f 1283/1283/1283 1253/1253/1253 1254/1254/1254
f 1232/1232/1232 1244/1244/1244 1285/1285/1285
f 1232/1232/1232 1285/1285/1285 1255/1255/1255
f 1274/1274/1274 1339/1339/1339 1343/1343/1343
f 1274/1274/1274 1343/1343/1343 1278/1278/1278
f 1265/1265/1265 1238/1238/1238 1246/1246/1246
f 1265/1265/1265 1246/1246/1246 1293/1293/1293
f 1257/1257/1257 1256/1256/1256 1288/1288/1288
f 1257/1257/1257 1288/1288/1288 1290/1290/1290
f 1257/1257/1257 1290/1290/1290 1243/1243/1243
f 1257/1257/1257 1243/1243/1243 1231/1231/1231
f 1233/1233/1233 1259/1259/1259 1294/1294/1294
f 1233/1233/1233 1294/1294/1294 1247/1247/1247
f 1233/1233/1233 1247/1247/1247 1292/1292/1292
f 1233/1233/1233 1292/1292/1292 1258/1258/1258
f 1259/1259/1259 1234/1234/1234 1249/1249/1249
f 1259/1259/1259 1249/1249/1249 1294/1294/1294
f 1318/1318/1318 1342/1342/1342 1340/1340/1340
f 1318/1318/1318 1340/1340/1340 1317/1317/1317
f 1362/1362/1362 1327/1327/1327 1305/1305/1305
f 1362/1362/1362 1305/1305/1305 1319/1319/1319
f 1305/1305/1305 1327/1327/1327 1361/1361/1361
f 1305/1305/1305 1361/1361/1361 1317/1317/1317
f 1323/1323/1323 1366/1366/1366 1365/1365/1365
f 1323/1323/1323 1365/1365/1365 1322/1322/1322
f 1365/1365/1365 1364/1364/1364 1320/1320/1320
f 1365/1365/1365 1320/1320/1320 1322/1322/1322
f 1310/1310/1310 1330/1330/1330 1369/1369/1369
f 1310/1310/1310 1369/1369/1369 1329/1329/1329
f 1366/1366/1366 1323/1323/1323 1306/1306/1306
f 1366/1366/1366 1306/1306/1306 1328/1328/1328
f 1367/1367/1367 1324/1324/1324 1325/1325/1325
f 1367/1367/1367 1325/1325/1325 1368/1368/1368
f 1332/1332/1332 1309/1309/1309 1328/1328/1328
f 1332/1332/1332 1328/1328/1328 1367/1367/1367
f 1368/1368/1368 1325/1325/1325 1326/1326/1326
f 1368/1368/1368 1326/1326/1326 1369/1369/1369
f 1328/1328/1328 1306/1306/1306 1324/1324/1324
f 1328/1328/1328 1324/1324/1324 1367/1367/1367
f 1369/1369/1369 1326/1326/1326 1307/1307/1307
f 1369/1369/1369 1307/1307/1307 1329/1329/1329
f 1305/1305/1305 1311/1311/1311 1344/1344/1344
f 1305/1305/1305 1344/1344/1344 1319/1319/1319
f 1375/1375/1375 1404/1404/1404 1435/1435/1435
f 1375/1375/1375 1435/1435/1435 1397/1397/1397
f 1430/1430/1430 1387/1387/1387 1386/1386/1386
f 1430/1430/1430 1386/1386/1386 1431/1431/1431
f 1308/1308/1308 1338/1338/1338 1361/1361/1361
f 1308/1308/1308 1361/1361/1361 1327/1327/1327
f 1364/1364/1364 1365/1365/1365 1334/1334/1334
f 1364/1364/1364 1334/1334/1334 1335/1335/1335
f 1365/1365/1365 1366/1366/1366 1333/1333/1333
f 1365/1365/1365 1333/1333/1333 1334/1334/1334
f 1336/1336/1336 1363/1363/1363 1364/1364/1364
f 1336/1336/1336 1364/1364/1364 1335/1335/1335
f 1309/1309/1309 1333/1333/1333 1366/1366/1366
f 1309/1309/1309 1366/1366/1366 1328/1328/1328
f 1363/1363/1363 1321/1321/1321 1320/1320/1320
f 1363/1363/1363 1320/1320/1320 1364/1364/1364
f 1368/1368/1368 1369/1369/1369 1330/1330/1330
f 1368/1368/1368 1330/1330/1330 1331/1331/1331
f 1368/1368/1368 1331/1331/1331 1332/1332/1332
f 1368/1368/1368 1332/1332/1332 1367/1367/1367
f 1330/1330/1330 1359/1359/1359 1357/1357/1357
f 1330/1330/1330 1357/1357/1357 1331/1331/1331
f 1321/1321/1321 1319/1319/1319 1344/1344/1344
f 1321/1321/1321 1344/1344/1344 1348/1348/1348
f 1409/1409/1409 1430/1430/1430 1431/1431/1431
f 1409/1409/1409 1431/1431/1431 1408/1408/1408
f 1333/1333/1333 1353/1353/1353 1350/1350/1350
f 1333/1333/1333 1350/1350/1350 1334/1334/1334
f 1424/1424/1424 1402/1402/1402 1401/1401/1401
f 1424/1424/1424 1401/1401/1401 1426/1426/1426
f 1370/1370/1370 1386/1386/1386 1411/1411/1411
f 1370/1370/1370 1411/1411/1411 1379/1379/1379
f 1362/1362/1362 1319/1319/1319 1321/1321/1321
f 1362/1362/1362 1321/1321/1321 1363/1363/1363
f 1337/1337/1337 1345/1345/1345 1312/1312/1312
f 1337/1337/1337 1312/1312/1312 1308/1308/1308
f 1338/1338/1338 1341/1341/1341 1343/1343/1343
f 1338/1338/1338 1343/1343/1343 1339/1339/1339
f 1334/1334/1334 1350/1350/1350 1347/1347/1347
f 1334/1334/1334 1347/1347/1347 1335/1335/1335
f 1308/1308/1308 1327/1327/1327 1362/1362/1362
f 1308/1308/1308 1362/1362/1362 1337/1337/1337
f 1335/1335/1335 1347/1347/1347 1349/1349/1349
f 1335/1335/1335 1349/1349/1349 1336/1336/1336
f 1332/1332/1332 1331/1331/1331 1357/1357/1357
f 1332/1332/1332 1357/1357/1357 1355/1355/1355
f 1324/1324/1324 1306/1306/1306 1313/1313/1313
f 1324/1324/1324 1313/1313/1313 1354/1354/1354
f 1314/1314/1314 1353/1353/1353 1333/1333/1333
f 1314/1314/1314 1333/1333/1333 1309/1309/1309
f 1408/1408/1408 1374/1374/1374 1378/1378/1378
f 1408/1408/1408 1378/1378/1378 1410/1410/1410
f 1351/1351/1351 1352/1352/1352 1323/1323/1323
f 1351/1351/1351 1323/1323/1323 1322/1322/1322
f 1320/1320/1320 1346/1346/1346 1351/1351/1351
f 1320/1320/1320 1351/1351/1351 1322/1322/1322
f 1321/1321/1321 1348/1348/1348 1346/1346/1346
f 1321/1321/1321 1346/1346/1346 1320/1320/1320
f 1313/1313/1313 1306/1306/1306 1323/1323/1323
f 1313/1313/1313 1323/1323/1323 1352/1352/1352
f 1356/1356/1356 1358/1358/1358 1326/1326/1326
f 1356/1356/1356 1326/1326/1326 1325/1325/1325
f 1316/1316/1316 1359/1359/1359 1330/1330/1330
f 1316/1316/1316 1330/1330/1330 1310/1310/1310
f 1324/1324/1324 1354/1354/1354 1356/1356/1356
f 1324/1324/1324 1356/1356/1356 1325/1325/1325
f 1315/1315/1315 1307/1307/1307 1326/1326/1326
f 1315/1315/1315 1326/1326/1326 1358/1358/1358
f 1336/1336/1336 1349/1349/1349 1345/1345/1345
f 1336/1336/1336 1345/1345/1345 1337/1337/1337
f 1387/1387/1387 1413/1413/1413 1411/1411/1411
f 1387/1387/1387 1411/1411/1411 1386/1386/1386
f 1390/1390/1390 1388/1388/1388 1415/1415/1415
f 1390/1390/1390 1415/1415/1415 1419/1419/1419
f 1395/1395/1395 1439/1439/1439 1399/1399/1399
f 1395/1395/1395 1399/1399/1399 1373/1373/1373
f 1370/1370/1370 1396/1396/1396 1431/1431/1431
f 1370/1370/1370 1431/1431/1431 1386/1386/1386
f 1432/1432/1432 1396/1396/1396 1370/1370/1370
f 1432/1432/1432 1370/1370/1370 1388/1388/1388
f 1500/1500/1500 1499/1499/1499 1476/1476/1476
f 1500/1500/1500 1476/1476/1476 1475/1475/1475
f 1432/1432/1432 1388/1388/1388 1390/1390/1390
f 1432/1432/1432 1390/1390/1390 1433/1433/1433
f 1377/1377/1377 1401/1401/1401 1438/1438/1438
f 1377/1377/1377 1438/1438/1438 1399/1399/1399
f 1436/1436/1436 1397/1397/1397 1371/1371/1371
f 1436/1436/1436 1371/1371/1371 1392/1392/1392
f 1373/1373/1373 1399/1399/1399 1438/1438/1438
f 1373/1373/1373 1438/1438/1438 1394/1394/1394
f 1436/1436/1436 1398/1398/1398 1376/1376/1376
f 1436/1436/1436 1376/1376/1376 1403/1403/1403
f 1391/1391/1391 1435/1435/1435 1434/1434/1434
f 1391/1391/1391 1434/1434/1434 1389/1389/1389
f 1398/1398/1398 1372/1372/1372 1393/1393/1393
f 1398/1398/1398 1393/1393/1393 1437/1437/1437
f 1436/1436/1436 1392/1392/1392 1372/1372/1372
f 1436/1436/1436 1372/1372/1372 1398/1398/1398
f 1393/1393/1393 1394/1394/1394 1438/1438/1438
f 1393/1393/1393 1438/1438/1438 1437/1437/1437
f 1439/1439/1439 1395/1395/1395 1234/1234/1234
f 1439/1439/1439 1234/1234/1234 1264/1264/1264
f 1402/1402/1402 1437/1437/1437 1438/1438/1438
f 1402/1402/1402 1438/1438/1438 1401/1401/1401
f 1371/1371/1371 1391/1391/1391 1421/1421/1421
f 1371/1371/1371 1421/1421/1421 1381/1381/1381
f 1509/1509/1509 1508/1508/1508 1467/1467/1467
f 1509/1509/1509 1467/1467/1467 1466/1466/1466
f 1455/1455/1455 1502/1502/1502 1503/1503/1503
f 1455/1455/1455 1503/1503/1503 1456/1456/1456
f 1374/1374/1374 1408/1408/1408 1431/1431/1431
f 1374/1374/1374 1431/1431/1431 1396/1396/1396
f 1370/1370/1370 1379/1379/1379 1415/1415/1415
f 1370/1370/1370 1415/1415/1415 1388/1388/1388
f 1406/1406/1406 1433/1433/1433 1434/1434/1434
f 1406/1406/1406 1434/1434/1434 1405/1405/1405
f 1375/1375/1375 1397/1397/1397 1436/1436/1436
f 1375/1375/1375 1436/1436/1436 1403/1403/1403
f 1434/1434/1434 1435/1435/1435 1404/1404/1404
f 1434/1434/1434 1404/1404/1404 1405/1405/1405
f 1433/1433/1433 1390/1390/1390 1389/1389/1389
f 1433/1433/1433 1389/1389/1389 1434/1434/1434
f 1239/1239/1239 1400/1400/1400 1439/1439/1439
f 1239/1239/1239 1439/1439/1439 1264/1264/1264
f 1402/1402/1402 1376/1376/1376 1398/1398/1398
f 1402/1402/1402 1398/1398/1398 1437/1437/1437
f 1371/1371/1371 1397/1397/1397 1435/1435/1435
f 1371/1371/1371 1435/1435/1435 1391/1391/1391
f 1503/1503/1503 1502/1502/1502 1473/1473/1473
f 1503/1503/1503 1473/1473/1473 1472/1472/1472
f 1374/1374/1374 1396/1396/1396 1432/1432/1432
f 1374/1374/1374 1432/1432/1432 1407/1407/1407
f 1377/1377/1377 1399/1399/1399 1439/1439/1439
f 1377/1377/1377 1439/1439/1439 1400/1400/1400
f 1467/1467/1467 1468/1468/1468 1496/1496/1496
f 1467/1467/1467 1496/1496/1496 1494/1494/1494
f 1406/1406/1406 1418/1418/1418 1414/1414/1414
f 1406/1406/1406 1414/1414/1414 1407/1407/1407
f 1455/1455/1455 1484/1484/1484 1480/1480/1480
f 1455/1455/1455 1480/1480/1480 1453/1453/1453
f 1405/1405/1405 1404/1404/1404 1420/1420/1420
f 1405/1405/1405 1420/1420/1420 1416/1416/1416
f 1408/1408/1408 1410/1410/1410 1412/1412/1412
f 1408/1408/1408 1412/1412/1412 1409/1409/1409
f 1403/1403/1403 1376/1376/1376 1382/1382/1382
f 1403/1403/1403 1382/1382/1382 1422/1422/1422
f 1405/1405/1405 1416/1416/1416 1418/1418/1418
f 1405/1405/1405 1418/1418/1418 1406/1406/1406
f 1380/1380/1380 1420/1420/1420 1404/1404/1404
f 1380/1380/1380 1404/1404/1404 1375/1375/1375
f 1403/1403/1403 1422/1422/1422 1380/1380/1380
f 1403/1403/1403 1380/1380/1380 1375/1375/1375
f 1377/1377/1377 1384/1384/1384 1426/1426/1426
f 1377/1377/1377 1426/1426/1426 1401/1401/1401
f 1425/1425/1425 1427/1427/1427 1394/1394/1394
f 1425/1425/1425 1394/1394/1394 1393/1393/1393
f 1376/1376/1376 1402/1402/1402 1424/1424/1424
f 1376/1376/1376 1424/1424/1424 1382/1382/1382
f 1377/1377/1377 1400/1400/1400 1428/1428/1428
f 1377/1377/1377 1428/1428/1428 1384/1384/1384
f 1479/1479/1479 1483/1483/1483 1473/1473/1473
f 1479/1479/1479 1473/1473/1473 1474/1474/1474
f 1407/1407/1407 1414/1414/1414 1378/1378/1378
f 1407/1407/1407 1378/1378/1378 1374/1374/1374
f 1390/1390/1390 1419/1419/1419 1417/1417/1417
f 1390/1390/1390 1417/1417/1417 1389/1389/1389
f 1389/1389/1389 1417/1417/1417 1421/1421/1421
f 1389/1389/1389 1421/1421/1421 1391/1391/1391
f 1371/1371/1371 1381/1381/1381 1423/1423/1423
f 1371/1371/1371 1423/1423/1423 1392/1392/1392
f 1392/1392/1392 1423/1423/1423 1383/1383/1383
f 1392/1392/1392 1383/1383/1383 1372/1372/1372
f 1248/1248/1248 1428/1428/1428 1400/1400/1400
f 1248/1248/1248 1400/1400/1400 1239/1239/1239
f 1373/1373/1373 1394/1394/1394 1427/1427/1427
f 1373/1373/1373 1427/1427/1427 1385/1385/1385
f 1393/1393/1393 1372/1372/1372 1383/1383/1383
f 1393/1393/1393 1383/1383/1383 1425/1425/1425
f 1249/1249/1249 1234/1234/1234 1395/1395/1395
f 1249/1249/1249 1395/1395/1395 1429/1429/1429
f 1373/1373/1373 1385/1385/1385 1429/1429/1429
f 1373/1373/1373 1429/1429/1429 1395/1395/1395
f 1456/1456/1456 1486/1486/1486 1484/1484/1484
f 1456/1456/1456 1484/1484/1484 1455/1455/1455
f 1509/1509/1509 1329/1329/1329 1307/1307/1307
f 1509/1509/1509 1307/1307/1307 1462/1462/1462
f 1501/1501/1501 1502/1502/1502 1455/1455/1455
f 1501/1501/1501 1455/1455/1455 1453/1453/1453
f 1430/1430/1430 1499/1499/1499 1452/1452/1452
f 1430/1430/1430 1452/1452/1452 1387/1387/1387
f 1500/1500/1500 1501/1501/1501 1453/1453/1453
f 1500/1500/1500 1453/1453/1453 1454/1454/1454
f 1507/1507/1507 1506/1506/1506 1469/1469/1469
f 1507/1507/1507 1469/1469/1469 1468/1468/1468
f 1457/1457/1457 1440/1440/1440 1463/1463/1463
f 1457/1457/1457 1463/1463/1463 1504/1504/1504
f 1506/1506/1506 1458/1458/1458 1459/1459/1459
f 1506/1506/1506 1459/1459/1459 1505/1505/1505
f 1444/1444/1444 1464/1464/1464 1504/1504/1504
f 1444/1444/1444 1504/1504/1504 1471/1471/1471
f 1503/1503/1503 1463/1463/1463 1440/1440/1440
f 1503/1503/1503 1440/1440/1440 1456/1456/1456
f 1465/1465/1465 1505/1505/1505 1459/1459/1459
f 1465/1465/1465 1459/1459/1459 1442/1442/1442
f 1504/1504/1504 1464/1464/1464 1441/1441/1441
f 1504/1504/1504 1441/1441/1441 1457/1457/1457
f 1297/1297/1297 1296/1296/1296 1273/1273/1273
f 1297/1297/1297 1273/1273/1273 1272/1272/1272
f 1508/1508/1508 1460/1460/1460 1461/1461/1461
f 1508/1508/1508 1461/1461/1461 1507/1507/1507
f 1387/1387/1387 1452/1452/1452 1478/1478/1478
f 1387/1387/1387 1478/1478/1478 1413/1413/1413
f 1307/1307/1307 1315/1315/1315 1497/1497/1497
f 1307/1307/1307 1497/1497/1497 1462/1462/1462
f 1506/1506/1506 1507/1507/1507 1461/1461/1461
f 1506/1506/1506 1461/1461/1461 1458/1458/1458
f 1473/1473/1473 1502/1502/1502 1501/1501/1501
f 1473/1473/1473 1501/1501/1501 1474/1474/1474
f 1474/1474/1474 1501/1501/1501 1500/1500/1500
f 1474/1474/1474 1500/1500/1500 1475/1475/1475
f 1452/1452/1452 1454/1454/1454 1482/1482/1482
f 1452/1452/1452 1482/1482/1482 1478/1478/1478
f 1443/1443/1443 1463/1463/1463 1503/1503/1503
f 1443/1443/1443 1503/1503/1503 1472/1472/1472
f 1504/1504/1504 1463/1463/1463 1443/1443/1443
f 1504/1504/1504 1443/1443/1443 1471/1471/1471
f 1470/1470/1470 1469/1469/1469 1506/1506/1506
f 1470/1470/1470 1506/1506/1506 1505/1505/1505
f 1468/1468/1468 1467/1467/1467 1508/1508/1508
f 1468/1468/1468 1508/1508/1508 1507/1507/1507
f 1470/1470/1470 1505/1505/1505 1465/1465/1465
f 1470/1470/1470 1465/1465/1465 1445/1445/1445
f 1472/1472/1472 1473/1473/1473 1483/1483/1483
f 1472/1472/1472 1483/1483/1483 1485/1485/1485
f 1460/1460/1460 1462/1462/1462 1497/1497/1497
f 1460/1460/1460 1497/1497/1497 1493/1493/1493
f 1499/1499/1499 1430/1430/1430 1409/1409/1409
f 1499/1499/1499 1409/1409/1409 1476/1476/1476
f 1412/1412/1412 1477/1477/1477 1476/1476/1476
f 1412/1412/1412 1476/1476/1476 1409/1409/1409
f 1474/1474/1474 1475/1475/1475 1481/1481/1481
f 1474/1474/1474 1481/1481/1481 1479/1479/1479
f 1454/1454/1454 1452/1452/1452 1499/1499/1499
f 1454/1454/1454 1499/1499/1499 1500/1500/1500
f 1444/1444/1444 1471/1471/1471 1487/1487/1487
f 1444/1444/1444 1487/1487/1487 1448/1448/1448
f 1509/1509/1509 1466/1466/1466 1310/1310/1310
f 1509/1509/1509 1310/1310/1310 1329/1329/1329
f 1443/1443/1443 1472/1472/1472 1485/1485/1485
f 1443/1443/1443 1485/1485/1485 1446/1446/1446
f 1468/1468/1468 1469/1469/1469 1490/1490/1490
f 1468/1468/1468 1490/1490/1490 1496/1496/1496
f 1508/1508/1508 1509/1509/1509 1462/1462/1462
f 1508/1508/1508 1462/1462/1462 1460/1460/1460
f 1471/1471/1471 1443/1443/1443 1446/1446/1446
f 1471/1471/1471 1446/1446/1446 1487/1487/1487
f 1445/1445/1445 1451/1451/1451 1492/1492/1492
f 1445/1445/1445 1492/1492/1492 1470/1470/1470
f 1469/1469/1469 1470/1470/1470 1492/1492/1492
f 1469/1469/1469 1492/1492/1492 1490/1490/1490
f 1477/1477/1477 1481/1481/1481 1475/1475/1475
f 1477/1477/1477 1475/1475/1475 1476/1476/1476
f 1453/1453/1453 1480/1480/1480 1482/1482/1482
f 1453/1453/1453 1482/1482/1482 1454/1454/1454
f 1440/1440/1440 1447/1447/1447 1486/1486/1486
f 1440/1440/1440 1486/1486/1486 1456/1456/1456
f 1440/1440/1440 1457/1457/1457 1488/1488/1488
f 1440/1440/1440 1488/1488/1488 1447/1447/1447
f 1457/1457/1457 1441/1441/1441 1449/1449/1449
f 1457/1457/1457 1449/1449/1449 1488/1488/1488
f 1310/1310/1310 1466/1466/1466 1498/1498/1498
f 1310/1310/1310 1498/1498/1498 1316/1316/1316
f 1459/1459/1459 1458/1458/1458 1489/1489/1489
f 1459/1459/1459 1489/1489/1489 1491/1491/1491
f 1459/1459/1459 1491/1491/1491 1450/1450/1450
f 1459/1459/1459 1450/1450/1450 1442/1442/1442
f 1461/1461/1461 1495/1495/1495 1489/1489/1489
f 1461/1461/1461 1489/1489/1489 1458/1458/1458
f 1461/1461/1461 1460/1460/1460 1493/1493/1493
f 1461/1461/1461 1493/1493/1493 1495/1495/1495
f 1494/1494/1494 1498/1498/1498 1466/1466/1466
f 1494/1494/1494 1466/1466/1466 1467/1467/1467
f 1406/1406/1406 1407/1407/1407 1432/1432/1432
f 1406/1406/1406 1432/1432/1432 1433/1433/1433
f 1549/1549/1549 1551/1551/1551 1520/1520/1520
f 1549/1549/1549 1520/1520/1520 1516/1516/1516
f 1523/1523/1523 1570/1570/1570 1568/1568/1568
f 1523/1523/1523 1568/1568/1568 1519/1519/1519
f 1525/1525/1525 1571/1571/1571 1570/1570/1570
f 1525/1525/1525 1570/1570/1570 1523/1523/1523
f 1529/1529/1529 1573/1573/1573 1572/1572/1572
f 1529/1529/1529 1572/1572/1572 1527/1527/1527
f 1537/1537/1537 1577/1577/1577 1576/1576/1576
f 1537/1537/1537 1576/1576/1576 1535/1535/1535
f 1539/1539/1539 1578/1578/1578 1577/1577/1577
f 1539/1539/1539 1577/1577/1577 1537/1537/1537
f 1541/1541/1541 1579/1579/1579 1578/1578/1578
f 1541/1541/1541 1578/1578/1578 1539/1539/1539
f 1543/1543/1543 1580/1580/1580 1579/1579/1579
f 1543/1543/1543 1579/1579/1579 1541/1541/1541
f 1560/1560/1560 1561/1561/1561 1540/1540/1540
f 1560/1560/1560 1540/1540/1540 1538/1538/1538
f 1546/1546/1546 1582/1582/1582 1583/1583/1583
f 1546/1546/1546 1583/1583/1583 1547/1547/1547
f 1517/1517/1517 1567/1567/1567 1566/1566/1566
f 1517/1517/1517 1566/1566/1566 1515/1515/1515
f 1547/1547/1547 1548/1548/1548 1514/1514/1514
f 1547/1547/1547 1514/1514/1514 1512/1512/1512
f 1548/1548/1548 1549/1549/1549 1516/1516/1516
f 1548/1548/1548 1516/1516/1516 1514/1514/1514
f 1550/1550/1550 1552/1552/1552 1522/1522/1522
f 1550/1550/1550 1522/1522/1522 1518/1518/1518
f 1527/1527/1527 1572/1572/1572 1571/1571/1571
f 1527/1527/1527 1571/1571/1571 1525/1525/1525
f 1553/1553/1553 1554/1554/1554 1526/1526/1526
f 1553/1553/1553 1526/1526/1526 1524/1524/1524
f 1533/1533/1533 1575/1575/1575 1574/1574/1574
f 1533/1533/1533 1574/1574/1574 1531/1531/1531
f 1554/1554/1554 1555/1555/1555 1528/1528/1528
f 1554/1554/1554 1528/1528/1528 1526/1526/1526
f 1555/1555/1555 1556/1556/1556 1530/1530/1530
f 1555/1555/1555 1530/1530/1530 1528/1528/1528
f 1556/1556/1556 1557/1557/1557 1532/1532/1532
f 1556/1556/1556 1532/1532/1532 1530/1530/1530
f 1557/1557/1557 1558/1558/1558 1534/1534/1534
f 1557/1557/1557 1534/1534/1534 1532/1532/1532
f 1558/1558/1558 1559/1559/1559 1536/1536/1536
f 1558/1558/1558 1536/1536/1536 1534/1534/1534
f 1559/1559/1559 1560/1560/1560 1538/1538/1538
f 1559/1559/1559 1538/1538/1538 1536/1536/1536
f 1545/1545/1545 1581/1581/1581 1580/1580/1580
f 1545/1545/1545 1580/1580/1580 1543/1543/1543
f 1561/1561/1561 1562/1562/1562 1542/1542/1542
f 1561/1561/1561 1542/1542/1542 1540/1540/1540
f 1562/1562/1562 1563/1563/1563 1544/1544/1544
f 1562/1562/1562 1544/1544/1544 1542/1542/1542
f 1563/1563/1563 1546/1546/1546 1510/1510/1510
f 1563/1563/1563 1510/1510/1510 1544/1544/1544
f 1546/1546/1546 1547/1547/1547 1512/1512/1512
f 1546/1546/1546 1512/1512/1512 1510/1510/1510
f 1511/1511/1511 1564/1564/1564 1581/1581/1581
f 1511/1511/1511 1581/1581/1581 1545/1545/1545
f 1535/1535/1535 1576/1576/1576 1575/1575/1575
f 1535/1535/1535 1575/1575/1575 1533/1533/1533
f 1521/1521/1521 1569/1569/1569 1567/1567/1567
f 1521/1521/1521 1567/1567/1567 1517/1517/1517
f 1570/1570/1570 1588/1588/1588 1586/1586/1586
f 1570/1570/1570 1586/1586/1586 1568/1568/1568
f 1548/1548/1548 1584/1584/1584 1585/1585/1585
f 1548/1548/1548 1585/1585/1585 1549/1549/1549
f 1513/1513/1513 1565/1565/1565 1564/1564/1564
f 1513/1513/1513 1564/1564/1564 1511/1511/1511
f 1569/1569/1569 1587/1587/1587 1585/1585/1585
f 1569/1569/1569 1585/1585/1585 1567/1567/1567
f 1547/1547/1547 1583/1583/1583 1584/1584/1584
f 1547/1547/1547 1584/1584/1584 1548/1548/1548
f 1584/1584/1584 1566/1566/1566 1567/1567/1567
f 1584/1584/1584 1567/1567/1567 1585/1585/1585
f 1598/1598/1598 1580/1580/1580 1581/1581/1581
f 1598/1598/1598 1581/1581/1581 1599/1599/1599
f 1583/1583/1583 1565/1565/1565 1566/1566/1566
f 1583/1583/1583 1566/1566/1566 1584/1584/1584
f 1597/1597/1597 1579/1579/1579 1580/1580/1580
f 1597/1597/1597 1580/1580/1580 1598/1598/1598
f 1596/1596/1596 1578/1578/1578 1579/1579/1579
f 1596/1596/1596 1579/1579/1579 1597/1597/1597
f 1595/1595/1595 1577/1577/1577 1578/1578/1578
f 1595/1595/1595 1578/1578/1578 1596/1596/1596
f 1594/1594/1594 1576/1576/1576 1577/1577/1577
f 1594/1594/1594 1577/1577/1577 1595/1595/1595
f 1552/1552/1552 1553/1553/1553 1524/1524/1524
f 1552/1552/1552 1524/1524/1524 1522/1522/1522
f 1531/1531/1531 1574/1574/1574 1573/1573/1573
f 1531/1531/1531 1573/1573/1573 1529/1529/1529
f 1572/1572/1572 1590/1590/1590 1589/1589/1589
f 1572/1572/1572 1589/1589/1589 1571/1571/1571
f 1582/1582/1582 1564/1564/1564 1565/1565/1565
f 1582/1582/1582 1565/1565/1565 1583/1583/1583
f 1571/1571/1571 1589/1589/1589 1588/1588/1588
f 1571/1571/1571 1588/1588/1588 1570/1570/1570
f 1599/1599/1599 1581/1581/1581 1564/1564/1564
f 1599/1599/1599 1564/1564/1564 1582/1582/1582
f 1573/1573/1573 1591/1591/1591 1590/1590/1590
f 1573/1573/1573 1590/1590/1590 1572/1572/1572
f 1574/1574/1574 1592/1592/1592 1591/1591/1591
f 1574/1574/1574 1591/1591/1591 1573/1573/1573
f 1574/1574/1574 1575/1575/1575 1593/1593/1593
f 1574/1574/1574 1593/1593/1593 1592/1592/1592
f 1593/1593/1593 1575/1575/1575 1576/1576/1576
f 1593/1593/1593 1576/1576/1576 1594/1594/1594
f 1515/1515/1515 1566/1566/1566 1565/1565/1565
f 1515/1515/1515 1565/1565/1565 1513/1513/1513
f 1587/1587/1587 1551/1551/1551 1549/1549/1549
f 1587/1587/1587 1549/1549/1549 1585/1585/1585
f 1550/1550/1550 1586/1586/1586 1588/1588/1588
f 1550/1550/1550 1588/1588/1588 1552/1552/1552
f 1552/1552/1552 1588/1588/1588 1589/1589/1589
f 1552/1552/1552 1589/1589/1589 1553/1553/1553
f 1554/1554/1554 1590/1590/1590 1591/1591/1591
f 1554/1554/1554 1591/1591/1591 1555/1555/1555
f 1590/1590/1590 1554/1554/1554 1553/1553/1553
f 1590/1590/1590 1553/1553/1553 1589/1589/1589
f 1555/1555/1555 1591/1591/1591 1592/1592/1592
f 1555/1555/1555 1592/1592/1592 1556/1556/1556
f 1556/1556/1556 1592/1592/1592 1593/1593/1593
f 1556/1556/1556 1593/1593/1593 1557/1557/1557
f 1557/1557/1557 1593/1593/1593 1594/1594/1594
f 1557/1557/1557 1594/1594/1594 1558/1558/1558
f 1595/1595/1595 1559/1559/1559 1558/1558/1558
f 1595/1595/1595 1558/1558/1558 1594/1594/1594
f 1559/1559/1559 1595/1595/1595 1596/1596/1596
f 1559/1559/1559 1596/1596/1596 1560/1560/1560
f 1560/1560/1560 1596/1596/1596 1597/1597/1597
f 1560/1560/1560 1597/1597/1597 1561/1561/1561
f 1561/1561/1561 1597/1597/1597 1598/1598/1598
f 1561/1561/1561 1598/1598/1598 1562/1562/1562
f 1562/1562/1562 1598/1598/1598 1599/1599/1599
f 1562/1562/1562 1599/1599/1599 1563/1563/1563
f 1563/1563/1563 1599/1599/1599 1582/1582/1582
f 1563/1563/1563 1582/1582/1582 1546/1546/1546
f 1671/1671/1671 1672/1672/1672 1625/1625/1625
f 1671/1671/1671 1625/1625/1625 1623/1623/1623
f 1672/1672/1672 1673/1673/1673 1627/1627/1627
f 1672/1672/1672 1627/1627/1627 1625/1625/1625
f 1673/1673/1673 1674/1674/1674 1629/1629/1629
f 1673/1673/1673 1629/1629/1629 1627/1627/1627
f 1674/1674/1674 1675/1675/1675 1631/1631/1631
f 1674/1674/1674 1631/1631/1631 1629/1629/1629
f 1675/1675/1675 1676/1676/1676 1633/1633/1633
f 1675/1675/1675 1633/1633/1633 1631/1631/1631
f 1676/1676/1676 1677/1677/1677 1635/1635/1635
f 1676/1676/1676 1635/1635/1635 1633/1633/1633
f 1677/1677/1677 1679/1679/1679 1639/1639/1639
f 1677/1677/1677 1639/1639/1639 1635/1635/1635
f 1678/1678/1678 1680/1680/1680 1641/1641/1641
f 1678/1678/1678 1641/1641/1641 1637/1637/1637
f 1680/1680/1680 1681/1681/1681 1643/1643/1643
f 1680/1680/1680 1643/1643/1643 1641/1641/1641
f 1681/1681/1681 1682/1682/1682 1645/1645/1645
f 1681/1681/1681 1645/1645/1645 1643/1643/1643
f 1682/1682/1682 1683/1683/1683 1647/1647/1647
f 1682/1682/1682 1647/1647/1647 1645/1645/1645
f 1683/1683/1683 1684/1684/1684 1649/1649/1649
f 1683/1683/1683 1649/1649/1649 1647/1647/1647
f 1684/1684/1684 1668/1668/1668 1617/1617/1617
f 1684/1684/1684 1617/1617/1617 1649/1649/1649
f 1651/1651/1651 1652/1652/1652 1669/1669/1669
f 1651/1651/1651 1669/1669/1669 1668/1668/1668
f 1669/1669/1669 1652/1652/1652 1653/1653/1653
f 1669/1669/1669 1653/1653/1653 1670/1670/1670
f 1670/1670/1670 1671/1671/1671 1623/1623/1623
f 1670/1670/1670 1623/1623/1623 1621/1621/1621
f 1618/1618/1618 1620/1620/1620 1601/1601/1601
f 1618/1618/1618 1601/1601/1601 1600/1600/1600
f 1626/1626/1626 1628/1628/1628 1605/1605/1605
f 1626/1626/1626 1605/1605/1605 1604/1604/1604
f 1622/1622/1622 1624/1624/1624 1603/1603/1603
f 1622/1622/1622 1603/1603/1603 1602/1602/1602
f 1638/1638/1638 1642/1642/1642 1612/1612/1612
f 1638/1638/1638 1612/1612/1612 1610/1610/1610
f 1603/1603/1603 1624/1624/1624 1626/1626/1626
f 1603/1603/1603 1626/1626/1626 1604/1604/1604
f 1655/1655/1655 1604/1604/1604 1605/1605/1605
f 1655/1655/1655 1605/1605/1605 1656/1656/1656
f 1656/1656/1656 1605/1605/1605 1606/1606/1606
f 1656/1656/1656 1606/1606/1606 1657/1657/1657
f 1657/1657/1657 1606/1606/1606 1607/1607/1607
f 1657/1657/1657 1607/1607/1607 1658/1658/1658
f 1658/1658/1658 1607/1607/1607 1608/1608/1608
f 1658/1658/1658 1608/1608/1608 1659/1659/1659
f 1634/1634/1634 1636/1636/1636 1609/1609/1609
f 1634/1634/1634 1609/1609/1609 1608/1608/1608
f 1609/1609/1609 1636/1636/1636 1640/1640/1640
f 1609/1609/1609 1640/1640/1640 1611/1611/1611
f 1661/1661/1661 1610/1610/1610 1612/1612/1612
f 1661/1661/1661 1612/1612/1612 1663/1663/1663
f 1663/1663/1663 1612/1612/1612 1613/1613/1613
f 1663/1663/1663 1613/1613/1613 1664/1664/1664
f 1664/1664/1664 1613/1613/1613 1614/1614/1614
f 1664/1664/1664 1614/1614/1614 1665/1665/1665
f 1665/1665/1665 1614/1614/1614 1615/1615/1615
f 1665/1665/1665 1615/1615/1615 1666/1666/1666
f 1616/1616/1616 1650/1650/1650 1618/1618/1618
f 1616/1616/1616 1618/1618/1618 1600/1600/1600
f 1666/1666/1666 1615/1615/1615 1616/1616/1616
f 1666/1666/1666 1616/1616/1616 1667/1667/1667
f 1615/1615/1615 1648/1648/1648 1650/1650/1650
f 1615/1615/1615 1650/1650/1650 1616/1616/1616
f 1669/1669/1669 1670/1670/1670 1621/1621/1621
f 1669/1669/1669 1621/1621/1621 1619/1619/1619
f 1651/1651/1651 1667/1667/1667 1616/1616/1616
f 1651/1651/1651 1616/1616/1616 1600/1600/1600
f 1615/1615/1615 1614/1614/1614 1646/1646/1646
f 1615/1615/1615 1646/1646/1646 1648/1648/1648
f 1644/1644/1644 1646/1646/1646 1614/1614/1614
f 1644/1644/1644 1614/1614/1614 1613/1613/1613
f 1642/1642/1642 1644/1644/1644 1613/1613/1613
f 1642/1642/1642 1613/1613/1613 1612/1612/1612
f 1660/1660/1660 1609/1609/1609 1611/1611/1611
f 1660/1660/1660 1611/1611/1611 1662/1662/1662
f 1608/1608/1608 1609/1609/1609 1660/1660/1660
f 1608/1608/1608 1660/1660/1660 1659/1659/1659
f 1632/1632/1632 1634/1634/1634 1608/1608/1608
f 1632/1632/1632 1608/1608/1608 1607/1607/1607
f 1630/1630/1630 1632/1632/1632 1607/1607/1607
f 1630/1630/1630 1607/1607/1607 1606/1606/1606
f 1628/1628/1628 1630/1630/1630 1606/1606/1606
f 1628/1628/1628 1606/1606/1606 1605/1605/1605
f 1655/1655/1655 1654/1654/1654 1603/1603/1603
f 1655/1655/1655 1603/1603/1603 1604/1604/1604
f 1602/1602/1602 1603/1603/1603 1654/1654/1654
f 1602/1602/1602 1654/1654/1654 1653/1653/1653
f 1701/1701/1701 1705/1705/1705 1707/1707/1707
f 1701/1701/1701 1707/1707/1707 1703/1703/1703
f 1673/1673/1673 1672/1672/1672 1655/1655/1655
f 1673/1673/1673 1655/1655/1655 1656/1656/1656
f 1671/1671/1671 1654/1654/1654 1655/1655/1655
f 1671/1671/1671 1655/1655/1655 1672/1672/1672
f 1684/1684/1684 1667/1667/1667 1651/1651/1651
f 1684/1684/1684 1651/1651/1651 1668/1668/1668
f 1670/1670/1670 1653/1653/1653 1654/1654/1654
f 1670/1670/1670 1654/1654/1654 1671/1671/1671
f 1683/1683/1683 1666/1666/1666 1667/1667/1667
f 1683/1683/1683 1667/1667/1667 1684/1684/1684
f 1682/1682/1682 1665/1665/1665 1666/1666/1666
f 1682/1682/1682 1666/1666/1666 1683/1683/1683
f 1681/1681/1681 1664/1664/1664 1665/1665/1665
f 1681/1681/1681 1665/1665/1665 1682/1682/1682
f 1680/1680/1680 1663/1663/1663 1664/1664/1664
f 1680/1680/1680 1664/1664/1664 1681/1681/1681
f 1678/1678/1678 1661/1661/1661 1663/1663/1663
f 1678/1678/1678 1663/1663/1663 1680/1680/1680
f 1674/1674/1674 1673/1673/1673 1656/1656/1656
f 1674/1674/1674 1656/1656/1656 1657/1657/1657
f 1675/1675/1675 1674/1674/1674 1657/1657/1657
f 1675/1675/1675 1657/1657/1657 1658/1658/1658
f 1676/1676/1676 1675/1675/1675 1658/1658/1658
f 1676/1676/1676 1658/1658/1658 1659/1659/1659
f 1659/1659/1659 1660/1660/1660 1677/1677/1677
f 1659/1659/1659 1677/1677/1677 1676/1676/1676
f 1677/1677/1677 1660/1660/1660 1662/1662/1662
f 1677/1677/1677 1662/1662/1662 1679/1679/1679
f 1668/1668/1668 1669/1669/1669 1619/1619/1619
f 1668/1668/1668 1619/1619/1619 1617/1617/1617
f 1697/1697/1697 1698/1698/1698 1692/1692/1692
f 1697/1697/1697 1692/1692/1692 1690/1690/1690
f 1697/1697/1697 1690/1690/1690 1693/1693/1693
f 1697/1697/1697 1693/1693/1693 1699/1699/1699
f 1691/1691/1691 1695/1695/1695 1694/1694/1694
f 1691/1691/1691 1694/1694/1694 1689/1689/1689
f 1698/1698/1698 1697/1697/1697 1699/1699/1699
f 1698/1698/1698 1699/1699/1699 1700/1700/1700
f 1698/1698/1698 1700/1700/1700 1696/1696/1696
f 1698/1698/1698 1696/1696/1696 1692/1692/1692
f 1710/1710/1710 1704/1704/1704 1708/1708/1708
f 1710/1710/1710 1708/1708/1708 1712/1712/1712
f 1700/1700/1700 1699/1699/1699 1693/1693/1693
f 1700/1700/1700 1693/1693/1693 1696/1696/1696
f 1709/1709/1709 1710/1710/1710 1712/1712/1712
f 1709/1709/1709 1712/1712/1712 1711/1711/1711
f 1709/1709/1709 1711/1711/1711 1706/1706/1706
f 1709/1709/1709 1706/1706/1706 1702/1702/1702
f 1727/1727/1727 1731/1731/1731 1729/1729/1729
f 1727/1727/1727 1729/1729/1729 1725/1725/1725
f 1722/1722/1722 1716/1716/1716 1719/1719/1719
f 1722/1722/1722 1719/1719/1719 1724/1724/1724
f 1711/1711/1711 1712/1712/1712 1708/1708/1708
f 1711/1711/1711 1708/1708/1708 1706/1706/1706
f 1709/1709/1709 1702/1702/1702 1704/1704/1704
f 1709/1709/1709 1704/1704/1704 1710/1710/1710
f 1721/1721/1721 1714/1714/1714 1716/1716/1716
f 1721/1721/1721 1716/1716/1716 1722/1722/1722
f 1721/1721/1721 1723/1723/1723 1717/1717/1717
f 1721/1721/1721 1717/1717/1717 1714/1714/1714
f 1715/1715/1715 1713/1713/1713 1718/1718/1718
f 1715/1715/1715 1718/1718/1718 1720/1720/1720
f 1721/1721/1721 1722/1722/1722 1724/1724/1724
f 1721/1721/1721 1724/1724/1724 1723/1723/1723
f 1723/1723/1723 1724/1724/1724 1719/1719/1719
f 1723/1723/1723 1719/1719/1719 1717/1717/1717
f 1733/1733/1733 1734/1734/1734 1728/1728/1728
f 1733/1733/1733 1728/1728/1728 1726/1726/1726
f 1733/1733/1733 1726/1726/1726 1730/1730/1730
f 1733/1733/1733 1730/1730/1730 1735/1735/1735
f 1734/1734/1734 1733/1733/1733 1735/1735/1735
f 1734/1734/1734 1735/1735/1735 1736/1736/1736
f 1734/1734/1734 1736/1736/1736 1732/1732/1732
f 1734/1734/1734 1732/1732/1732 1728/1728/1728
f 1736/1736/1736 1735/1735/1735 1730/1730/1730
f 1736/1736/1736 1730/1730/1730 1732/1732/1732
f 634/634/634 965/965/965 919/919/919
f 634/634/634 919/919/919 576/576/576
f 1687/1687/1687 1688/1688/1688 1685/1685/1685
f 1687/1687/1687 1685/1685/1685 1686/1686/1686
f 72/72/72 82/82/82 77/77/77
f 72/72/72 77/77/77 78/78/78
f 1739/1739/1739 1744/1744/1744 1738/1738/1738
f 1739/1739/1739 1738/1738/1738 1741/1741/1741
f 1739/1739/1739 1740/1740/1740 1746/1746/1746
f 1739/1739/1739 1746/1746/1746 1744/1744/1744
f 1748/1748/1748 1746/1746/1746 1740/1740/1740
f 1748/1748/1748 1740/1740/1740 1742/1742/1742
f 1747/1747/1747 1737/1737/1737 1743/1743/1743
f 1747/1747/1747 1743/1743/1743 1745/1745/1745
f 1741/1741/1741 1738/1738/1738 1748/1748/1748
f 1741/1741/1741 1748/1748/1748 1742/1742/1742
f 1852/1852/1852 1846/1846/1846 1856/1856/1856
f 1852/1852/1852 1856/1856/1856 1854/1854/1854
f 1740/1740/1740 1739/1739/1739 1741/1741/1741
f 1740/1740/1740 1741/1741/1741 1742/1742/1742
f 1751/1751/1751 1753/1753/1753 1749/1749/1749
f 1751/1751/1751 1749/1749/1749 1755/1755/1755
f 1752/1752/1752 1751/1751/1751 1755/1755/1755
f 1752/1752/1752 1755/1755/1755 1757/1757/1757
f 1756/1756/1756 1750/1750/1750 1760/1760/1760
f 1756/1756/1756 1760/1760/1760 1758/1758/1758
f 1752/1752/1752 1757/1757/1757 1759/1759/1759
f 1752/1752/1752 1759/1759/1759 1754/1754/1754
f 1759/1759/1759 1749/1749/1749 1753/1753/1753
f 1759/1759/1759 1753/1753/1753 1754/1754/1754
f 1783/1783/1783 1773/1773/1773 1779/1779/1779
f 1783/1783/1783 1779/1779/1779 1781/1781/1781
f 1751/1751/1751 1752/1752/1752 1754/1754/1754
f 1751/1751/1751 1754/1754/1754 1753/1753/1753
f 1767/1767/1767 1763/1763/1763 1765/1765/1765
f 1767/1767/1767 1765/1765/1765 1761/1761/1761
f 1764/1764/1764 1763/1763/1763 1767/1767/1767
f 1764/1764/1764 1767/1767/1767 1769/1769/1769
f 1764/1764/1764 1769/1769/1769 1771/1771/1771
f 1764/1764/1764 1771/1771/1771 1766/1766/1766
f 1768/1768/1768 1762/1762/1762 1772/1772/1772
f 1768/1768/1768 1772/1772/1772 1770/1770/1770
f 1771/1771/1771 1761/1761/1761 1765/1765/1765
f 1771/1771/1771 1765/1765/1765 1766/1766/1766
f 1763/1763/1763 1764/1764/1764 1766/1766/1766
f 1763/1763/1763 1766/1766/1766 1765/1765/1765
f 1775/1775/1775 1780/1780/1780 1774/1774/1774
f 1775/1775/1775 1774/1774/1774 1777/1777/1777
f 1775/1775/1775 1776/1776/1776 1782/1782/1782
f 1775/1775/1775 1782/1782/1782 1780/1780/1780
f 1784/1784/1784 1782/1782/1782 1776/1776/1776
f 1784/1784/1784 1776/1776/1776 1778/1778/1778
f 1778/1778/1778 1777/1777/1777 1774/1774/1774
f 1778/1778/1778 1774/1774/1774 1784/1784/1784
f 1811/1811/1811 1813/1813/1813 1810/1810/1810
f 1811/1811/1811 1810/1810/1810 1816/1816/1816
f 1776/1776/1776 1775/1775/1775 1777/1777/1777
f 1776/1776/1776 1777/1777/1777 1778/1778/1778
f 1787/1787/1787 1792/1792/1792 1786/1786/1786
f 1787/1787/1787 1786/1786/1786 1789/1789/1789
f 1787/1787/1787 1788/1788/1788 1794/1794/1794
f 1787/1787/1787 1794/1794/1794 1792/1792/1792
f 1796/1796/1796 1794/1794/1794 1788/1788/1788
f 1796/1796/1796 1788/1788/1788 1790/1790/1790
f 1795/1795/1795 1785/1785/1785 1791/1791/1791
f 1795/1795/1795 1791/1791/1791 1793/1793/1793
f 1789/1789/1789 1786/1786/1786 1796/1796/1796
f 1789/1789/1789 1796/1796/1796 1790/1790/1790
f 1844/1844/1844 1834/1834/1834 1840/1840/1840
f 1844/1844/1844 1840/1840/1840 1842/1842/1842
f 1788/1788/1788 1787/1787/1787 1789/1789/1789
f 1788/1788/1788 1789/1789/1789 1790/1790/1790
f 1803/1803/1803 1799/1799/1799 1801/1801/1801
f 1803/1803/1803 1801/1801/1801 1797/1797/1797
f 1800/1800/1800 1799/1799/1799 1803/1803/1803
f 1800/1800/1800 1803/1803/1803 1805/1805/1805
f 1800/1800/1800 1805/1805/1805 1807/1807/1807
f 1800/1800/1800 1807/1807/1807 1802/1802/1802
f 1804/1804/1804 1798/1798/1798 1808/1808/1808
f 1804/1804/1804 1808/1808/1808 1806/1806/1806
f 1813/1813/1813 1814/1814/1814 1820/1820/1820
f 1813/1813/1813 1820/1820/1820 1810/1810/1810
f 1807/1807/1807 1797/1797/1797 1801/1801/1801
f 1807/1807/1807 1801/1801/1801 1802/1802/1802
f 1799/1799/1799 1800/1800/1800 1802/1802/1802
f 1799/1799/1799 1802/1802/1802 1801/1801/1801
f 1811/1811/1811 1812/1812/1812 1814/1814/1814
f 1811/1811/1811 1814/1814/1814 1813/1813/1813
f 1812/1812/1812 1818/1818/1818 1820/1820/1820
f 1812/1812/1812 1820/1820/1820 1814/1814/1814
f 1823/1823/1823 1828/1828/1828 1822/1822/1822
f 1823/1823/1823 1822/1822/1822 1825/1825/1825
f 1825/1825/1825 1822/1822/1822 1832/1832/1832
f 1825/1825/1825 1832/1832/1832 1826/1826/1826
f 1811/1811/1811 1816/1816/1816 1818/1818/1818
f 1811/1811/1811 1818/1818/1818 1812/1812/1812
f 1815/1815/1815 1809/1809/1809 1819/1819/1819
f 1815/1815/1815 1819/1819/1819 1817/1817/1817
f 1824/1824/1824 1823/1823/1823 1825/1825/1825
f 1824/1824/1824 1825/1825/1825 1826/1826/1826
f 1832/1832/1832 1830/1830/1830 1824/1824/1824
f 1832/1832/1832 1824/1824/1824 1826/1826/1826
f 1859/1859/1859 1861/1861/1861 1857/1857/1857
f 1859/1859/1859 1857/1857/1857 1863/1863/1863
f 1823/1823/1823 1824/1824/1824 1830/1830/1830
f 1823/1823/1823 1830/1830/1830 1828/1828/1828
f 1831/1831/1831 1821/1821/1821 1827/1827/1827
f 1831/1831/1831 1827/1827/1827 1829/1829/1829
f 1835/1835/1835 1839/1839/1839 1833/1833/1833
f 1835/1835/1835 1833/1833/1833 1837/1837/1837
f 1835/1835/1835 1836/1836/1836 1841/1841/1841
f 1835/1835/1835 1841/1841/1841 1839/1839/1839
f 1843/1843/1843 1841/1841/1841 1836/1836/1836
f 1843/1843/1843 1836/1836/1836 1838/1838/1838
f 1838/1838/1838 1837/1837/1837 1833/1833/1833
f 1838/1838/1838 1833/1833/1833 1843/1843/1843
f 1836/1836/1836 1835/1835/1835 1837/1837/1837
f 1836/1836/1836 1837/1837/1837 1838/1838/1838
f 1851/1851/1851 1847/1847/1847 1849/1849/1849
f 1851/1851/1851 1849/1849/1849 1845/1845/1845
f 1848/1848/1848 1847/1847/1847 1851/1851/1851
f 1848/1848/1848 1851/1851/1851 1853/1853/1853
f 1848/1848/1848 1853/1853/1853 1855/1855/1855
f 1848/1848/1848 1855/1855/1855 1850/1850/1850
f 1861/1861/1861 1862/1862/1862 1867/1867/1867
f 1861/1861/1861 1867/1867/1867 1857/1857/1857
f 1850/1850/1850 1855/1855/1855 1845/1845/1845
f 1850/1850/1850 1845/1845/1845 1849/1849/1849
f 1847/1847/1847 1848/1848/1848 1850/1850/1850
f 1847/1847/1847 1850/1850/1850 1849/1849/1849
f 1859/1859/1859 1860/1860/1860 1862/1862/1862
f 1859/1859/1859 1862/1862/1862 1861/1861/1861
f 1860/1860/1860 1865/1865/1865 1867/1867/1867
f 1860/1860/1860 1867/1867/1867 1862/1862/1862
f 1880/1880/1880 1870/1870/1870 1876/1876/1876
f 1880/1880/1880 1876/1876/1876 1878/1878/1878
f 1859/1859/1859 1863/1863/1863 1865/1865/1865
f 1859/1859/1859 1865/1865/1865 1860/1860/1860
f 1864/1864/1864 1858/1858/1858 1868/1868/1868
f 1864/1864/1864 1868/1868/1868 1866/1866/1866
f 1871/1871/1871 1875/1875/1875 1869/1869/1869
f 1871/1871/1871 1869/1869/1869 1873/1873/1873
f 1871/1871/1871 1872/1872/1872 1877/1877/1877
f 1871/1871/1871 1877/1877/1877 1875/1875/1875
f 1879/1879/1879 1877/1877/1877 1872/1872/1872
f 1879/1879/1879 1872/1872/1872 1874/1874/1874
f 1874/1874/1874 1873/1873/1873 1869/1869/1869
f 1874/1874/1874 1869/1869/1869 1879/1879/1879
f 1872/1872/1872 1871/1871/1871 1873/1873/1873
f 1872/1872/1872 1873/1873/1873 1874/1874/1874
f 1296/1296/1296 1250/1250/1250 1251/1251/1251
f 1296/1296/1296 1251/1251/1251 1295/1295/1295
f 1886/1886/1886 1900/1900/1900 1912/1912/1912
f 1886/1886/1886 1912/1912/1912 1906/1906/1906
f 1903/1903/1903 1913/1913/1913 1907/1907/1907
f 1903/1903/1903 1907/1907/1907 1895/1895/1895
f 1890/1890/1890 1882/1882/1882 1894/1894/1894
f 1890/1890/1890 1894/1894/1894 1901/1901/1901
f 1910/1910/1910 1907/1907/1907 1887/1887/1887
f 1910/1910/1910 1887/1887/1887 1899/1899/1899
f 1906/1906/1906 1910/1910/1910 1899/1899/1899
f 1906/1906/1906 1899/1899/1899 1886/1886/1886
f 1892/1892/1892 1883/1883/1883 1896/1896/1896
f 1892/1892/1892 1896/1896/1896 1903/1903/1903
f 1884/1884/1884 1895/1895/1895 1902/1902/1902
f 1884/1884/1884 1902/1902/1902 1891/1891/1891
f 1896/1896/1896 1904/1904/1904 1911/1911/1911
f 1896/1896/1896 1911/1911/1911 1908/1908/1908
f 1884/1884/1884 1892/1892/1892 1903/1903/1903
f 1884/1884/1884 1903/1903/1903 1895/1895/1895
f 1888/1888/1888 1898/1898/1898 1913/1913/1913
f 1888/1888/1888 1913/1913/1913 1908/1908/1908
f 1883/1883/1883 1893/1893/1893 1904/1904/1904
f 1883/1883/1883 1904/1904/1904 1896/1896/1896
f 1911/1911/1911 1909/1909/1909 1885/1885/1885
f 1911/1911/1911 1885/1885/1885 1897/1897/1897
f 1889/1889/1889 1904/1904/1904 1893/1893/1893
f 1889/1889/1889 1893/1893/1893 1881/1881/1881
f 1901/1901/1901 1912/1912/1912 1909/1909/1909
f 1901/1901/1901 1909/1909/1909 1889/1889/1889
f 1932/1932/1932 1919/1919/1919 1940/1940/1940
f 1932/1932/1932 1940/1940/1940 1944/1944/1944
f 1889/1889/1889 1909/1909/1909 1911/1911/1911
f 1889/1889/1889 1911/1911/1911 1904/1904/1904
f 1890/1890/1890 1905/1905/1905 1891/1891/1891
f 1890/1890/1890 1891/1891/1891 1882/1882/1882
f 1893/1893/1893 1905/1905/1905 1890/1890/1890
f 1893/1893/1893 1890/1890/1890 1881/1881/1881
f 1892/1892/1892 1905/1905/1905 1893/1893/1893
f 1892/1892/1892 1893/1893/1893 1883/1883/1883
f 1891/1891/1891 1905/1905/1905 1892/1892/1892
f 1891/1891/1891 1892/1892/1892 1884/1884/1884
f 1895/1895/1895 1907/1907/1907 1910/1910/1910
f 1895/1895/1895 1910/1910/1910 1902/1902/1902
f 1894/1894/1894 1906/1906/1906 1912/1912/1912
f 1894/1894/1894 1912/1912/1912 1901/1901/1901
f 1908/1908/1908 1911/1911/1911 1897/1897/1897
f 1908/1908/1908 1897/1897/1897 1888/1888/1888
f 1896/1896/1896 1908/1908/1908 1913/1913/1913
f 1896/1896/1896 1913/1913/1913 1903/1903/1903
f 1909/1909/1909 1912/1912/1912 1900/1900/1900
f 1909/1909/1909 1900/1900/1900 1885/1885/1885
f 1907/1907/1907 1913/1913/1913 1898/1898/1898
f 1907/1907/1907 1898/1898/1898 1887/1887/1887
f 1943/1943/1943 1933/1933/1933 1918/1918/1918
f 1943/1943/1943 1918/1918/1918 1939/1939/1939
f 1928/1928/1928 1945/1945/1945 1941/1941/1941
f 1928/1928/1928 1941/1941/1941 1917/1917/1917
f 1915/1915/1915 1940/1940/1940 1943/1943/1943
f 1915/1915/1915 1943/1943/1943 1926/1926/1926
f 1929/1929/1929 1946/1946/1946 1942/1942/1942
f 1929/1929/1929 1942/1942/1942 1916/1916/1916
f 1917/1917/1917 1941/1941/1941 1944/1944/1944
f 1917/1917/1917 1944/1944/1944 1927/1927/1927
f 1920/1920/1920 1924/1924/1924 1936/1936/1936
f 1920/1920/1920 1936/1936/1936 1932/1932/1932
f 1945/1945/1945 1931/1931/1931 1920/1920/1920
f 1945/1945/1945 1920/1920/1920 1941/1941/1941
f 1916/1916/1916 1942/1942/1942 1945/1945/1945
f 1916/1916/1916 1945/1945/1945 1928/1928/1928
f 1921/1921/1921 1931/1931/1931 1945/1945/1945
f 1921/1921/1921 1945/1945/1945 1942/1942/1942
f 1921/1921/1921 1942/1942/1942 1946/1946/1946
f 1921/1921/1921 1946/1946/1946 1930/1930/1930
f 1939/1939/1939 1946/1946/1946 1929/1929/1929
f 1939/1939/1939 1929/1929/1929 1914/1914/1914
f 1939/1939/1939 1918/1918/1918 1930/1930/1930
f 1939/1939/1939 1930/1930/1930 1946/1946/1946
f 1926/1926/1926 1938/1938/1938 1927/1927/1927
f 1926/1926/1926 1927/1927/1927 1915/1915/1915
f 1929/1929/1929 1938/1938/1938 1926/1926/1926
f 1929/1929/1929 1926/1926/1926 1914/1914/1914
f 1928/1928/1928 1938/1938/1938 1929/1929/1929
f 1928/1928/1928 1929/1929/1929 1916/1916/1916
f 1927/1927/1927 1938/1938/1938 1928/1928/1928
f 1927/1927/1927 1928/1928/1928 1917/1917/1917
f 1919/1919/1919 1933/1933/1933 1943/1943/1943
f 1919/1919/1919 1943/1943/1943 1940/1940/1940
f 1918/1918/1918 1922/1922/1922 1934/1934/1934
f 1918/1918/1918 1934/1934/1934 1930/1930/1930
f 1923/1923/1923 1937/1937/1937 1933/1933/1933
f 1923/1923/1923 1933/1933/1933 1919/1919/1919
f 1932/1932/1932 1936/1936/1936 1923/1923/1923
f 1932/1932/1932 1923/1923/1923 1919/1919/1919
f 1925/1925/1925 1935/1935/1935 1931/1931/1931
f 1925/1925/1925 1931/1931/1931 1921/1921/1921
f 1925/1925/1925 1921/1921/1921 1930/1930/1930
f 1925/1925/1925 1930/1930/1930 1934/1934/1934
f 1922/1922/1922 1918/1918/1918 1933/1933/1933
f 1922/1922/1922 1933/1933/1933 1937/1937/1937
f 1924/1924/1924 1920/1920/1920 1931/1931/1931
f 1924/1924/1924 1931/1931/1931 1935/1935/1935
f 577/577/577 579/579/579 920/920/920
f 577/577/577 920/920/920 918/918/918
f 1966/1966/1966 2033/2033/2033 2032/2032/2032
f 1966/1966/1966 2032/2032/2032 1962/1962/1962
f 1978/1978/1978 2037/2037/2037 2036/2036/2036
f 1978/1978/1978 2036/2036/2036 1976/1976/1976
f 2033/2033/2033 2034/2034/2034 2022/2022/2022
f 2033/2033/2033 2022/2022/2022 2021/2021/2021
f 2034/2034/2034 2035/2035/2035 2023/2023/2023
f 2034/2034/2034 2023/2023/2023 2022/2022/2022
f 1985/1985/1985 2039/2039/2039 2038/2038/2038
f 1985/1985/1985 2038/2038/2038 1982/1982/1982
f 2036/2036/2036 2037/2037/2037 2025/2025/2025
f 2036/2036/2036 2025/2025/2025 2024/2024/2024
f 1991/1991/1991 1992/1992/1992 2042/2042/2042
f 1991/1991/1991 2042/2042/2042 2041/2041/2041
f 2038/2038/2038 2039/2039/2039 2027/2027/2027
f 2038/2038/2038 2027/2027/2027 2026/2026/2026
f 2039/2039/2039 2040/2040/2040 2028/2028/2028
f 2039/2039/2039 2028/2028/2028 2027/2027/2027
f 2041/2041/2041 2042/2042/2042 2030/2030/2030
f 2041/2041/2041 2030/2030/2030 2029/2029/2029
f 2019/2019/2019 2030/2030/2030 2042/2042/2042
f 2019/2019/2019 2042/2042/2042 2031/2031/2031
f 1953/1953/1953 1954/1954/1954 2002/2002/2002
f 1953/1953/1953 2002/2002/2002 2001/2001/2001
f 1971/1971/1971 1976/1976/1976 2036/2036/2036
f 1971/1971/1971 2036/2036/2036 2035/2035/2035
f 1971/1971/1971 2035/2035/2035 2034/2034/2034
f 1971/1971/1971 2034/2034/2034 1968/1968/1968
f 1951/1951/1951 1952/1952/1952 2000/2000/2000
f 1951/1951/1951 2000/2000/2000 1999/1999/1999
f 1947/1947/1947 1948/1948/1948 1996/1996/1996
f 1947/1947/1947 1996/1996/1996 1995/1995/1995
f 1975/1975/1975 1973/1973/1973 2011/2011/2011
f 1975/1975/1975 2011/2011/2011 2012/2012/2012
f 1968/1968/1968 2034/2034/2034 2033/2033/2033
f 1968/1968/1968 2033/2033/2033 1966/1966/1966
f 1978/1978/1978 1982/1982/1982 2038/2038/2038
f 1978/1978/1978 2038/2038/2038 2037/2037/2037
f 1988/1988/1988 1991/1991/1991 2041/2041/2041
f 1988/1988/1988 2041/2041/2041 2040/2040/2040
f 1958/1958/1958 1947/1947/1947 1995/1995/1995
f 1958/1958/1958 1995/1995/1995 2006/2006/2006
f 1996/1996/1996 1997/1997/1997 1965/1965/1965
f 1996/1996/1996 1965/1965/1965 1963/1963/1963
f 1988/1988/1988 2040/2040/2040 2039/2039/2039
f 1988/1988/1988 2039/2039/2039 1985/1985/1985
f 1952/1952/1952 1953/1953/1953 2001/2001/2001
f 1952/1952/1952 2001/2001/2001 2000/2000/2000
f 1995/1995/1995 1960/1960/1960 1993/1993/1993
f 1995/1995/1995 1993/1993/1993 2006/2006/2006
f 1995/1995/1995 1996/1996/1996 1963/1963/1963
f 1995/1995/1995 1963/1963/1963 1960/1960/1960
f 1955/1955/1955 1956/1956/1956 2004/2004/2004
f 1955/1955/1955 2004/2004/2004 2003/2003/2003
f 2031/2031/2031 2042/2042/2042 1992/1992/1992
f 2031/2031/2031 1992/1992/1992 1959/1959/1959
f 2040/2040/2040 2041/2041/2041 2029/2029/2029
f 2040/2040/2040 2029/2029/2029 2028/2028/2028
f 2037/2037/2037 2038/2038/2038 2026/2026/2026
f 2037/2037/2037 2026/2026/2026 2025/2025/2025
f 2035/2035/2035 2036/2036/2036 2024/2024/2024
f 2035/2035/2035 2024/2024/2024 2023/2023/2023
f 2032/2032/2032 2033/2033/2033 2021/2021/2021
f 2032/2032/2032 2021/2021/2021 2020/2020/2020
f 1999/1999/1999 2000/2000/2000 1974/1974/1974
f 1999/1999/1999 1974/1974/1974 1972/1972/1972
f 1997/1997/1997 1998/1998/1998 1969/1969/1969
f 1997/1997/1997 1969/1969/1969 1965/1965/1965
f 1998/1998/1998 1999/1999/1999 1972/1972/1972
f 1998/1998/1998 1972/1972/1972 1969/1969/1969
f 2001/2001/2001 2002/2002/2002 1981/1981/1981
f 2001/2001/2001 1981/1981/1981 1979/1979/1979
f 2000/2000/2000 2001/2001/2001 1979/1979/1979
f 2000/2000/2000 1979/1979/1979 1974/1974/1974
f 2004/2004/2004 2005/2005/2005 1990/1990/1990
f 2004/2004/2004 1990/1990/1990 1987/1987/1987
f 2002/2002/2002 2003/2003/2003 1984/1984/1984
f 2002/2002/2002 1984/1984/1984 1981/1981/1981
f 2003/2003/2003 2004/2004/2004 1987/1987/1987
f 2003/2003/2003 1987/1987/1987 1984/1984/1984
f 1948/1948/1948 1949/1949/1949 1997/1997/1997
f 1948/1948/1948 1997/1997/1997 1996/1996/1996
f 2005/2005/2005 2006/2006/2006 1993/1993/1993
f 2005/2005/2005 1993/1993/1993 1990/1990/1990
f 1949/1949/1949 1950/1950/1950 1998/1998/1998
f 1949/1949/1949 1998/1998/1998 1997/1997/1997
f 1954/1954/1954 1955/1955/1955 2003/2003/2003
f 1954/1954/1954 2003/2003/2003 2002/2002/2002
f 1950/1950/1950 1951/1951/1951 1999/1999/1999
f 1950/1950/1950 1999/1999/1999 1998/1998/1998
f 1989/1989/1989 1986/1986/1986 2016/2016/2016
f 1989/1989/1989 2016/2016/2016 2017/2017/2017
f 2031/2031/2031 2032/2032/2032 2020/2020/2020
f 2031/2031/2031 2020/2020/2020 2019/2019/2019
f 1967/1967/1967 1964/1964/1964 2008/2008/2008
f 1967/1967/1967 2008/2008/2008 2009/2009/2009
f 1961/1961/1961 1994/1994/1994 2018/2018/2018
f 1961/1961/1961 2018/2018/2018 2007/2007/2007
f 1964/1964/1964 1961/1961/1961 2007/2007/2007
f 1964/1964/1964 2007/2007/2007 2008/2008/2008
f 1977/1977/1977 1975/1975/1975 2012/2012/2012
f 1977/1977/1977 2012/2012/2012 2013/2013/2013
f 1994/1994/1994 1989/1989/1989 2017/2017/2017
f 1994/1994/1994 2017/2017/2017 2018/2018/2018
f 1980/1980/1980 1977/1977/1977 2013/2013/2013
f 1980/1980/1980 2013/2013/2013 2014/2014/2014
f 2021/2021/2021 1949/1949/1949 1948/1948/1948
f 2021/2021/2021 1948/1948/1948 2020/2020/2020
f 1970/1970/1970 1967/1967/1967 2009/2009/2009
f 1970/1970/1970 2009/2009/2009 2010/2010/2010
f 1983/1983/1983 1980/1980/1980 2014/2014/2014
f 1983/1983/1983 2014/2014/2014 2015/2015/2015
f 1973/1973/1973 1970/1970/1970 2010/2010/2010
f 1973/1973/1973 2010/2010/2010 2011/2011/2011
f 1983/1983/1983 2015/2015/2015 2016/2016/2016
f 1983/1983/1983 2016/2016/2016 1986/1986/1986
f 2019/2019/2019 1947/1947/1947 1958/1958/1958
f 2019/2019/2019 1958/1958/1958 2030/2030/2030
f 2020/2020/2020 1948/1948/1948 1947/1947/1947
f 2020/2020/2020 1947/1947/1947 2019/2019/2019
f 2024/2024/2024 1952/1952/1952 1951/1951/1951
f 2024/2024/2024 1951/1951/1951 2023/2023/2023
f 2022/2022/2022 1950/1950/1950 1949/1949/1949
f 2022/2022/2022 1949/1949/1949 2021/2021/2021
f 2023/2023/2023 1951/1951/1951 1950/1950/1950
f 2023/2023/2023 1950/1950/1950 2022/2022/2022
f 2026/2026/2026 1954/1954/1954 1953/1953/1953
f 2026/2026/2026 1953/1953/1953 2025/2025/2025
f 2025/2025/2025 1953/1953/1953 1952/1952/1952
f 2025/2025/2025 1952/1952/1952 2024/2024/2024
f 2029/2029/2029 1957/1957/1957 1956/1956/1956
f 2029/2029/2029 1956/1956/1956 2028/2028/2028
f 2027/2027/2027 1955/1955/1955 1954/1954/1954
f 2027/2027/2027 1954/1954/1954 2026/2026/2026
f 2028/2028/2028 1956/1956/1956 1955/1955/1955
f 2028/2028/2028 1955/1955/1955 2027/2027/2027
f 2030/2030/2030 1958/1958/1958 1957/1957/1957
f 2030/2030/2030 1957/1957/1957 2029/2029/2029
f 3267/3267/3267 3268/3268/3268 3210/3210/3210
f 3267/3267/3267 3210/3210/3210 3207/3207/3207
f 2051/2051/2051 2048/2048/2048 2046/2046/2046
f 2051/2051/2051 2046/2046/2046 2050/2050/2050
f 2152/2152/2152 2148/2148/2148 2150/2150/2150
f 2152/2152/2152 2150/2150/2150 2153/2153/2153
f 2048/2048/2048 2045/2045/2045 2044/2044/2044
f 2048/2048/2048 2044/2044/2044 2046/2046/2046
f 2082/2082/2082 2142/2142/2142 2141/2141/2141
f 2082/2082/2082 2141/2141/2141 2079/2079/2079
f 2137/2137/2137 2138/2138/2138 2126/2126/2126
f 2137/2137/2137 2126/2126/2126 2125/2125/2125
f 2138/2138/2138 2139/2139/2139 2127/2127/2127
f 2138/2138/2138 2127/2127/2127 2126/2126/2126
f 2139/2139/2139 2140/2140/2140 2128/2128/2128
f 2139/2139/2139 2128/2128/2128 2127/2127/2127
f 2087/2087/2087 2090/2090/2090 2144/2144/2144
f 2087/2087/2087 2144/2144/2144 2143/2143/2143
f 2141/2141/2141 2142/2142/2142 2130/2130/2130
f 2141/2141/2141 2130/2130/2130 2129/2129/2129
f 2064/2064/2064 2136/2136/2136 2147/2147/2147
f 2064/2064/2064 2147/2147/2147 2099/2099/2099
f 2143/2143/2143 2144/2144/2144 2132/2132/2132
f 2143/2143/2143 2132/2132/2132 2131/2131/2131
f 2144/2144/2144 2145/2145/2145 2133/2133/2133
f 2144/2144/2144 2133/2133/2133 2132/2132/2132
f 2145/2145/2145 2146/2146/2146 2134/2134/2134
f 2145/2145/2145 2134/2134/2134 2133/2133/2133
f 2147/2147/2147 2136/2136/2136 2124/2124/2124
f 2147/2147/2147 2124/2124/2124 2135/2135/2135
f 3360/3360/3360 3288/3288/3288 3287/3287/3287
f 3360/3360/3360 3287/3287/3287 3359/3359/3359
f 2130/2130/2130 2058/2058/2058 2057/2057/2057
f 2130/2130/2130 2057/2057/2057 2129/2129/2129
f 2056/2056/2056 2057/2057/2057 2105/2105/2105
f 2056/2056/2056 2105/2105/2105 2104/2104/2104
f 2053/2053/2053 2054/2054/2054 2102/2102/2102
f 2053/2053/2053 2102/2102/2102 2101/2101/2101
f 2127/2127/2127 2055/2055/2055 2054/2054/2054
f 2127/2127/2127 2054/2054/2054 2126/2126/2126
f 2070/2070/2070 2138/2138/2138 2137/2137/2137
f 2070/2070/2070 2137/2137/2137 2067/2067/2067
f 2058/2058/2058 2059/2059/2059 2107/2107/2107
f 2058/2058/2058 2107/2107/2107 2106/2106/2106
f 2128/2128/2128 2056/2056/2056 2055/2055/2055
f 2128/2128/2128 2055/2055/2055 2127/2127/2127
f 2095/2095/2095 2099/2099/2099 2147/2147/2147
f 2095/2095/2095 2147/2147/2147 2146/2146/2146
f 2129/2129/2129 2057/2057/2057 2056/2056/2056
f 2129/2129/2129 2056/2056/2056 2128/2128/2128
f 2057/2057/2057 2058/2058/2058 2106/2106/2106
f 2057/2057/2057 2106/2106/2106 2105/2105/2105
f 2132/2132/2132 2060/2060/2060 2059/2059/2059
f 2132/2132/2132 2059/2059/2059 2131/2131/2131
f 2076/2076/2076 2140/2140/2140 2139/2139/2139
f 2076/2076/2076 2139/2139/2139 2073/2073/2073
f 2096/2096/2096 2092/2092/2092 2121/2121/2121
f 2096/2096/2096 2121/2121/2121 2122/2122/2122
f 2052/2052/2052 2053/2053/2053 2101/2101/2101
f 2052/2052/2052 2101/2101/2101 2100/2100/2100
f 2131/2131/2131 2059/2059/2059 2058/2058/2058
f 2131/2131/2131 2058/2058/2058 2130/2130/2130
f 2135/2135/2135 2124/2124/2124 2052/2052/2052
f 2135/2135/2135 2052/2052/2052 2063/2063/2063
f 2082/2082/2082 2087/2087/2087 2143/2143/2143
f 2082/2082/2082 2143/2143/2143 2142/2142/2142
f 2100/2100/2100 2101/2101/2101 2068/2068/2068
f 2100/2100/2100 2068/2068/2068 2065/2065/2065
f 2133/2133/2133 2061/2061/2061 2060/2060/2060
f 2133/2133/2133 2060/2060/2060 2132/2132/2132
f 2134/2134/2134 2062/2062/2062 2061/2061/2061
f 2134/2134/2134 2061/2061/2061 2133/2133/2133
f 2095/2095/2095 2146/2146/2146 2145/2145/2145
f 2095/2095/2095 2145/2145/2145 2093/2093/2093
f 2135/2135/2135 2063/2063/2063 2062/2062/2062
f 2135/2135/2135 2062/2062/2062 2134/2134/2134
f 2124/2124/2124 2125/2125/2125 2053/2053/2053
f 2124/2124/2124 2053/2053/2053 2052/2052/2052
f 2061/2061/2061 2062/2062/2062 2110/2110/2110
f 2061/2061/2061 2110/2110/2110 2109/2109/2109
f 2073/2073/2073 2139/2139/2139 2138/2138/2138
f 2073/2073/2073 2138/2138/2138 2070/2070/2070
f 2076/2076/2076 2079/2079/2079 2141/2141/2141
f 2076/2076/2076 2141/2141/2141 2140/2140/2140
f 2104/2104/2104 2105/2105/2105 2081/2081/2081
f 2104/2104/2104 2081/2081/2081 2077/2077/2077
f 2136/2136/2136 2137/2137/2137 2125/2125/2125
f 2136/2136/2136 2125/2125/2125 2124/2124/2124
f 2146/2146/2146 2147/2147/2147 2135/2135/2135
f 2146/2146/2146 2135/2135/2135 2134/2134/2134
f 2093/2093/2093 2145/2145/2145 2144/2144/2144
f 2093/2093/2093 2144/2144/2144 2090/2090/2090
f 2142/2142/2142 2143/2143/2143 2131/2131/2131
f 2142/2142/2142 2131/2131/2131 2130/2130/2130
f 2140/2140/2140 2141/2141/2141 2129/2129/2129
f 2140/2140/2140 2129/2129/2129 2128/2128/2128
f 2101/2101/2101 2102/2102/2102 2071/2071/2071
f 2101/2101/2101 2071/2071/2071 2068/2068/2068
f 2102/2102/2102 2103/2103/2103 2075/2075/2075
f 2102/2102/2102 2075/2075/2075 2071/2071/2071
f 2103/2103/2103 2104/2104/2104 2077/2077/2077
f 2103/2103/2103 2077/2077/2077 2075/2075/2075
f 2106/2106/2106 2107/2107/2107 2086/2086/2086
f 2106/2106/2106 2086/2086/2086 2084/2084/2084
f 2105/2105/2105 2106/2106/2106 2084/2084/2084
f 2105/2105/2105 2084/2084/2084 2081/2081/2081
f 2110/2110/2110 2111/2111/2111 2098/2098/2098
f 2110/2110/2110 2098/2098/2098 2094/2094/2094
f 2107/2107/2107 2108/2108/2108 2089/2089/2089
f 2107/2107/2107 2089/2089/2089 2086/2086/2086
f 2108/2108/2108 2109/2109/2109 2091/2091/2091
f 2108/2108/2108 2091/2091/2091 2089/2089/2089
f 2109/2109/2109 2110/2110/2110 2094/2094/2094
f 2109/2109/2109 2094/2094/2094 2091/2091/2091
f 2111/2111/2111 2100/2100/2100 2065/2065/2065
f 2111/2111/2111 2065/2065/2065 2098/2098/2098
f 2063/2063/2063 2052/2052/2052 2100/2100/2100
f 2063/2063/2063 2100/2100/2100 2111/2111/2111
f 2054/2054/2054 2055/2055/2055 2103/2103/2103
f 2054/2054/2054 2103/2103/2103 2102/2102/2102
f 2078/2078/2078 2116/2116/2116 2117/2117/2117
f 2078/2078/2078 2117/2117/2117 2080/2080/2080
f 2059/2059/2059 2060/2060/2060 2108/2108/2108
f 2059/2059/2059 2108/2108/2108 2107/2107/2107
f 2055/2055/2055 2056/2056/2056 2104/2104/2104
f 2055/2055/2055 2104/2104/2104 2103/2103/2103
f 2060/2060/2060 2061/2061/2061 2109/2109/2109
f 2060/2060/2060 2109/2109/2109 2108/2108/2108
f 2097/2097/2097 2096/2096/2096 2122/2122/2122
f 2097/2097/2097 2122/2122/2122 2123/2123/2123
f 2069/2069/2069 2066/2066/2066 2112/2112/2112
f 2069/2069/2069 2112/2112/2112 2113/2113/2113
f 2072/2072/2072 2069/2069/2069 2113/2113/2113
f 2072/2072/2072 2113/2113/2113 2114/2114/2114
f 2085/2085/2085 2083/2083/2083 2118/2118/2118
f 2085/2085/2085 2118/2118/2118 2119/2119/2119
f 2083/2083/2083 2080/2080/2080 2117/2117/2117
f 2083/2083/2083 2117/2117/2117 2118/2118/2118
f 2097/2097/2097 2123/2123/2123 2112/2112/2112
f 2097/2097/2097 2112/2112/2112 2066/2066/2066
f 2074/2074/2074 2072/2072/2072 2114/2114/2114
f 2074/2074/2074 2114/2114/2114 2115/2115/2115
f 2088/2088/2088 2085/2085/2085 2119/2119/2119
f 2088/2088/2088 2119/2119/2119 2120/2120/2120
f 2078/2078/2078 2074/2074/2074 2115/2115/2115
f 2078/2078/2078 2115/2115/2115 2116/2116/2116
f 2092/2092/2092 2088/2088/2088 2120/2120/2120
f 2092/2092/2092 2120/2120/2120 2121/2121/2121
f 2179/2179/2179 2178/2178/2178 2157/2157/2157
f 2179/2179/2179 2157/2157/2157 2158/2158/2158
f 2126/2126/2126 2054/2054/2054 2053/2053/2053
f 2126/2126/2126 2053/2053/2053 2125/2125/2125
f 2156/2156/2156 2153/2153/2153 2151/2151/2151
f 2156/2156/2156 2151/2151/2151 2155/2155/2155
f 2269/2269/2269 2265/2265/2265 2272/2272/2272
f 2269/2269/2269 2272/2272/2272 2273/2273/2273
f 2389/2389/2389 2390/2390/2390 2387/2387/2387
f 2389/2389/2389 2387/2387/2387 2384/2384/2384
f 2153/2153/2153 2150/2150/2150 2149/2149/2149
f 2153/2153/2153 2149/2149/2149 2151/2151/2151
f 2181/2181/2181 2178/2178/2178 2179/2179/2179
f 2181/2181/2181 2179/2179/2179 2182/2182/2182
f 2182/2182/2182 2179/2179/2179 2180/2180/2180
f 2182/2182/2182 2180/2180/2180 2183/2183/2183
f 2157/2157/2157 2184/2184/2184 2199/2199/2199
f 2157/2157/2157 2199/2199/2199 2172/2172/2172
f 2173/2173/2173 2174/2174/2174 2159/2159/2159
f 2173/2173/2173 2159/2159/2159 2158/2158/2158
f 2187/2187/2187 2160/2160/2160 2163/2163/2163
f 2187/2187/2187 2163/2163/2163 2191/2191/2191
f 2172/2172/2172 2199/2199/2199 2192/2192/2192
f 2172/2172/2172 2192/2192/2192 2164/2164/2164
f 2228/2228/2228 2174/2174/2174 2169/2169/2169
f 2228/2228/2228 2169/2169/2169 2224/2224/2224
f 2190/2190/2190 2165/2165/2165 2175/2175/2175
f 2190/2190/2190 2175/2175/2175 2202/2202/2202
f 2182/2182/2182 2161/2161/2161 2160/2160/2160
f 2182/2182/2182 2160/2160/2160 2181/2181/2181
f 2209/2209/2209 2208/2208/2208 2187/2187/2187
f 2209/2209/2209 2187/2187/2187 2188/2188/2188
f 2182/2182/2182 2183/2183/2183 2162/2162/2162
f 2182/2182/2182 2162/2162/2162 2161/2161/2161
f 2170/2170/2170 2225/2225/2225 2231/2231/2231
f 2170/2170/2170 2231/2231/2231 2177/2177/2177
f 2164/2164/2164 2167/2167/2167 2173/2173/2173
f 2164/2164/2164 2173/2173/2173 2172/2172/2172
f 2180/2180/2180 2234/2234/2234 2237/2237/2237
f 2180/2180/2180 2237/2237/2237 2183/2183/2183
f 2167/2167/2167 2169/2169/2169 2174/2174/2174
f 2167/2167/2167 2174/2174/2174 2173/2173/2173
f 2174/2174/2174 2228/2228/2228 2213/2213/2213
f 2174/2174/2174 2213/2213/2213 2159/2159/2159
f 2157/2157/2157 2172/2172/2172 2173/2173/2173
f 2157/2157/2157 2173/2173/2173 2158/2158/2158
f 2162/2162/2162 2171/2171/2171 2166/2166/2166
f 2162/2162/2162 2166/2166/2166 2161/2161/2161
f 2206/2206/2206 2185/2185/2185 2184/2184/2184
f 2206/2206/2206 2184/2184/2184 2205/2205/2205
f 2168/2168/2168 2176/2176/2176 2175/2175/2175
f 2168/2168/2168 2175/2175/2175 2165/2165/2165
f 2170/2170/2170 2177/2177/2177 2176/2176/2176
f 2170/2170/2170 2176/2176/2176 2168/2168/2168
f 2232/2232/2232 2211/2211/2211 2238/2238/2238
f 2232/2232/2232 2238/2238/2238 2259/2259/2259
f 2205/2205/2205 2184/2184/2184 2157/2157/2157
f 2205/2205/2205 2157/2157/2157 2178/2178/2178
f 2180/2180/2180 2179/2179/2179 2158/2158/2158
f 2180/2180/2180 2158/2158/2158 2159/2159/2159
f 2180/2180/2180 2159/2159/2159 2213/2213/2213
f 2180/2180/2180 2213/2213/2213 2234/2234/2234
f 2236/2236/2236 2235/2235/2235 2214/2214/2214
f 2236/2236/2236 2214/2214/2214 2215/2215/2215
f 2181/2181/2181 2208/2208/2208 2205/2205/2205
f 2181/2181/2181 2205/2205/2205 2178/2178/2178
f 2211/2211/2211 2226/2226/2226 2253/2253/2253
f 2211/2211/2211 2253/2253/2253 2238/2238/2238
f 2205/2205/2205 2208/2208/2208 2209/2209/2209
f 2205/2205/2205 2209/2209/2209 2206/2206/2206
f 2206/2206/2206 2209/2209/2209 2210/2210/2210
f 2206/2206/2206 2210/2210/2210 2207/2207/2207
f 2062/2062/2062 2063/2063/2063 2111/2111/2111
f 2062/2062/2062 2111/2111/2111 2110/2110/2110
f 2184/2184/2184 2185/2185/2185 2200/2200/2200
f 2184/2184/2184 2200/2200/2200 2199/2199/2199
f 2251/2251/2251 2197/2197/2197 2201/2201/2201
f 2251/2251/2251 2201/2201/2201 2255/2255/2255
f 2208/2208/2208 2181/2181/2181 2160/2160/2160
f 2208/2208/2208 2160/2160/2160 2187/2187/2187
f 2067/2067/2067 2137/2137/2137 2136/2136/2136
f 2067/2067/2067 2136/2136/2136 2064/2064/2064
f 2258/2258/2258 2250/2250/2250 2196/2196/2196
f 2258/2258/2258 2196/2196/2196 2204/2204/2204
f 2226/2226/2226 2219/2219/2219 2245/2245/2245
f 2226/2226/2226 2245/2245/2245 2253/2253/2253
f 2264/2264/2264 2261/2261/2261 2207/2207/2207
f 2264/2264/2264 2207/2207/2207 2210/2210/2210
f 2210/2210/2210 2209/2209/2209 2188/2188/2188
f 2210/2210/2210 2188/2188/2188 2189/2189/2189
f 2199/2199/2199 2200/2200/2200 2194/2194/2194
f 2199/2199/2199 2194/2194/2194 2192/2192/2192
f 2200/2200/2200 2201/2201/2201 2197/2197/2197
f 2200/2200/2200 2197/2197/2197 2194/2194/2194
f 2255/2255/2255 2201/2201/2201 2186/2186/2186
f 2255/2255/2255 2186/2186/2186 2240/2240/2240
f 2188/2188/2188 2187/2187/2187 2191/2191/2191
f 2188/2188/2188 2191/2191/2191 2195/2195/2195
f 2185/2185/2185 2186/2186/2186 2201/2201/2201
f 2185/2185/2185 2201/2201/2201 2200/2200/2200
f 2188/2188/2188 2195/2195/2195 2198/2198/2198
f 2188/2188/2188 2198/2198/2198 2189/2189/2189
f 2193/2193/2193 2190/2190/2190 2202/2202/2202
f 2193/2193/2193 2202/2202/2202 2203/2203/2203
f 2196/2196/2196 2193/2193/2193 2203/2203/2203
f 2196/2196/2196 2203/2203/2203 2204/2204/2204
f 2207/2207/2207 2186/2186/2186 2185/2185/2185
f 2207/2207/2207 2185/2185/2185 2206/2206/2206
f 2233/2233/2233 2212/2212/2212 2211/2211/2211
f 2233/2233/2233 2211/2211/2211 2232/2232/2232
f 2207/2207/2207 2261/2261/2261 2240/2240/2240
f 2207/2207/2207 2240/2240/2240 2186/2186/2186
f 2235/2235/2235 2262/2262/2262 2241/2241/2241
f 2235/2235/2235 2241/2241/2241 2214/2214/2214
f 2252/2252/2252 2243/2243/2243 2189/2189/2189
f 2252/2252/2252 2189/2189/2189 2198/2198/2198
f 2232/2232/2232 2235/2235/2235 2236/2236/2236
f 2232/2232/2232 2236/2236/2236 2233/2233/2233
f 2233/2233/2233 2236/2236/2236 2237/2237/2237
f 2233/2233/2233 2237/2237/2237 2234/2234/2234
f 2211/2211/2211 2212/2212/2212 2227/2227/2227
f 2211/2211/2211 2227/2227/2227 2226/2226/2226
f 2214/2214/2214 2241/2241/2241 2246/2246/2246
f 2214/2214/2214 2246/2246/2246 2218/2218/2218
f 2217/2217/2217 2244/2244/2244 2256/2256/2256
f 2217/2217/2217 2256/2256/2256 2229/2229/2229
f 2263/2263/2263 2242/2242/2242 2241/2241/2241
f 2263/2263/2263 2241/2241/2241 2262/2262/2262
f 2260/2260/2260 2259/2259/2259 2238/2238/2238
f 2260/2260/2260 2238/2238/2238 2239/2239/2239
f 2242/2242/2242 2249/2249/2249 2246/2246/2246
f 2242/2242/2242 2246/2246/2246 2241/2241/2241
f 2237/2237/2237 2216/2216/2216 2162/2162/2162
f 2237/2237/2237 2162/2162/2162 2183/2183/2183
f 2237/2237/2237 2236/2236/2236 2215/2215/2215
f 2237/2237/2237 2215/2215/2215 2216/2216/2216
f 2259/2259/2259 2262/2262/2262 2235/2235/2235
f 2259/2259/2259 2235/2235/2235 2232/2232/2232
f 2226/2226/2226 2227/2227/2227 2220/2220/2220
f 2226/2226/2226 2220/2220/2220 2219/2219/2219
f 2227/2227/2227 2228/2228/2228 2224/2224/2224
f 2227/2227/2227 2224/2224/2224 2220/2220/2220
f 2215/2215/2215 2214/2214/2214 2218/2218/2218
f 2215/2215/2215 2218/2218/2218 2222/2222/2222
f 2212/2212/2212 2213/2213/2213 2228/2228/2228
f 2212/2212/2212 2228/2228/2228 2227/2227/2227
f 2215/2215/2215 2222/2222/2222 2223/2223/2223
f 2215/2215/2215 2223/2223/2223 2216/2216/2216
f 2221/2221/2221 2217/2217/2217 2229/2229/2229
f 2221/2221/2221 2229/2229/2229 2230/2230/2230
f 2225/2225/2225 2221/2221/2221 2230/2230/2230
f 2225/2225/2225 2230/2230/2230 2231/2231/2231
f 2234/2234/2234 2213/2213/2213 2212/2212/2212
f 2234/2234/2234 2212/2212/2212 2233/2233/2233
f 2262/2262/2262 2259/2259/2259 2260/2260/2260
f 2262/2262/2262 2260/2260/2260 2263/2263/2263
f 2263/2263/2263 2260/2260/2260 2261/2261/2261
f 2263/2263/2263 2261/2261/2261 2264/2264/2264
f 2254/2254/2254 2255/2255/2255 2240/2240/2240
f 2254/2254/2254 2240/2240/2240 2239/2239/2239
f 2245/2245/2245 2248/2248/2248 2254/2254/2254
f 2245/2245/2245 2254/2254/2254 2253/2253/2253
f 2263/2263/2263 2264/2264/2264 2243/2243/2243
f 2263/2263/2263 2243/2243/2243 2242/2242/2242
f 2247/2247/2247 2257/2257/2257 2256/2256/2256
f 2247/2247/2247 2256/2256/2256 2244/2244/2244
f 2210/2210/2210 2189/2189/2189 2243/2243/2243
f 2210/2210/2210 2243/2243/2243 2264/2264/2264
f 2248/2248/2248 2251/2251/2251 2255/2255/2255
f 2248/2248/2248 2255/2255/2255 2254/2254/2254
f 2238/2238/2238 2253/2253/2253 2254/2254/2254
f 2238/2238/2238 2254/2254/2254 2239/2239/2239
f 2243/2243/2243 2252/2252/2252 2249/2249/2249
f 2243/2243/2243 2249/2249/2249 2242/2242/2242
f 2250/2250/2250 2258/2258/2258 2257/2257/2257
f 2250/2250/2250 2257/2257/2257 2247/2247/2247
f 2261/2261/2261 2260/2260/2260 2239/2239/2239
f 2261/2261/2261 2239/2239/2239 2240/2240/2240
f 2389/2389/2389 2382/2382/2382 2386/2386/2386
f 2389/2389/2389 2386/2386/2386 2390/2390/2390
f 2496/2496/2496 2495/2495/2495 2497/2497/2497
f 2496/2496/2496 2497/2497/2497 2499/2499/2499
f 2266/2266/2266 2269/2269/2269 2273/2273/2273
f 2266/2266/2266 2273/2273/2273 2271/2271/2271
f 2270/2270/2270 2268/2268/2268 2271/2271/2271
f 2270/2270/2270 2271/2271/2271 2273/2273/2273
f 2309/2309/2309 2311/2311/2311 2317/2317/2317
f 2309/2309/2309 2317/2317/2317 2316/2316/2316
f 2322/2322/2322 2325/2325/2325 2298/2298/2298
f 2322/2322/2322 2298/2298/2298 2295/2295/2295
f 2349/2349/2349 2352/2352/2352 2379/2379/2379
f 2349/2349/2349 2379/2379/2379 2376/2376/2376
f 2277/2277/2277 2280/2280/2280 2285/2285/2285
f 2277/2277/2277 2285/2285/2285 2278/2278/2278
f 2289/2289/2289 2316/2316/2316 2301/2301/2301
f 2289/2289/2289 2301/2301/2301 2274/2274/2274
f 2277/2277/2277 2304/2304/2304 2307/2307/2307
f 2277/2277/2277 2307/2307/2307 2280/2280/2280
f 2333/2333/2333 2279/2279/2279 2288/2288/2288
f 2333/2333/2333 2288/2288/2288 2340/2340/2340
f 2281/2281/2281 2309/2309/2309 2316/2316/2316
f 2281/2281/2281 2316/2316/2316 2289/2289/2289
f 2300/2300/2300 2299/2299/2299 2278/2278/2278
f 2300/2300/2300 2278/2278/2278 2279/2279/2279
f 2322/2322/2322 2295/2295/2295 2274/2274/2274
f 2322/2322/2322 2274/2274/2274 2301/2301/2301
f 2376/2376/2376 2355/2355/2355 2328/2328/2328
f 2376/2376/2376 2328/2328/2328 2349/2349/2349
f 2326/2326/2326 2305/2305/2305 2304/2304/2304
f 2326/2326/2326 2304/2304/2304 2325/2325/2325
f 2330/2330/2330 2345/2345/2345 2291/2291/2291
f 2330/2330/2330 2291/2291/2291 2276/2276/2276
f 2274/2274/2274 2275/2275/2275 2290/2290/2290
f 2274/2274/2274 2290/2290/2290 2289/2289/2289
f 2310/2310/2310 2320/2320/2320 2319/2319/2319
f 2310/2310/2310 2319/2319/2319 2308/2308/2308
f 2297/2297/2297 2296/2296/2296 2299/2299/2299
f 2297/2297/2297 2299/2299/2299 2300/2300/2300
f 2290/2290/2290 2291/2291/2291 2286/2286/2286
f 2290/2290/2290 2286/2286/2286 2283/2283/2283
f 2345/2345/2345 2341/2341/2341 2286/2286/2286
f 2345/2345/2345 2286/2286/2286 2291/2291/2291
f 2284/2284/2284 2282/2282/2282 2292/2292/2292
f 2284/2284/2284 2292/2292/2292 2293/2293/2293
f 2275/2275/2275 2276/2276/2276 2291/2291/2291
f 2275/2275/2275 2291/2291/2291 2290/2290/2290
f 2278/2278/2278 2285/2285/2285 2288/2288/2288
f 2278/2278/2278 2288/2288/2288 2279/2279/2279
f 2308/2308/2308 2319/2319/2319 2292/2292/2292
f 2308/2308/2308 2292/2292/2292 2282/2282/2282
f 2287/2287/2287 2284/2284/2284 2293/2293/2293
f 2287/2287/2287 2293/2293/2293 2294/2294/2294
f 2294/2294/2294 2348/2348/2348 2342/2342/2342
f 2294/2294/2294 2342/2342/2342 2287/2287/2287
f 2322/2322/2322 2323/2323/2323 2326/2326/2326
f 2322/2322/2322 2326/2326/2326 2325/2325/2325
f 2297/2297/2297 2276/2276/2276 2275/2275/2275
f 2297/2297/2297 2275/2275/2275 2296/2296/2296
f 2277/2277/2277 2278/2278/2278 2299/2299/2299
f 2277/2277/2277 2299/2299/2299 2298/2298/2298
f 2353/2353/2353 2332/2332/2332 2331/2331/2331
f 2353/2353/2353 2331/2331/2331 2352/2352/2352
f 2323/2323/2323 2322/2322/2322 2301/2301/2301
f 2323/2323/2323 2301/2301/2301 2302/2302/2302
f 2335/2335/2335 2338/2338/2338 2344/2344/2344
f 2335/2335/2335 2344/2344/2344 2343/2343/2343
f 2349/2349/2349 2350/2350/2350 2353/2353/2353
f 2349/2349/2349 2353/2353/2353 2352/2352/2352
f 2305/2305/2305 2312/2312/2312 2307/2307/2307
f 2305/2305/2305 2307/2307/2307 2304/2304/2304
f 2360/2360/2360 2369/2369/2369 2314/2314/2314
f 2360/2360/2360 2314/2314/2314 2306/2306/2306
f 2301/2301/2301 2316/2316/2316 2317/2317/2317
f 2301/2301/2301 2317/2317/2317 2302/2302/2302
f 2326/2326/2326 2327/2327/2327 2306/2306/2306
f 2326/2326/2326 2306/2306/2306 2305/2305/2305
f 2350/2350/2350 2349/2349/2349 2328/2328/2328
f 2350/2350/2350 2328/2328/2328 2329/2329/2329
f 2357/2357/2357 2303/2303/2303 2318/2318/2318
f 2357/2357/2357 2318/2318/2318 2372/2372/2372
f 2339/2339/2339 2347/2347/2347 2346/2346/2346
f 2339/2339/2339 2346/2346/2346 2334/2334/2334
f 2296/2296/2296 2275/2275/2275 2274/2274/2274
f 2296/2296/2296 2274/2274/2274 2295/2295/2295
f 2323/2323/2323 2324/2324/2324 2327/2327/2327
f 2323/2323/2323 2327/2327/2327 2326/2326/2326
f 2311/2311/2311 2313/2313/2313 2318/2318/2318
f 2311/2311/2311 2318/2318/2318 2317/2317/2317
f 2372/2372/2372 2318/2318/2318 2313/2313/2313
f 2372/2372/2372 2313/2313/2313 2367/2367/2367
f 2317/2317/2317 2318/2318/2318 2303/2303/2303
f 2317/2317/2317 2303/2303/2303 2302/2302/2302
f 2312/2312/2312 2305/2305/2305 2306/2306/2306
f 2312/2312/2312 2306/2306/2306 2314/2314/2314
f 2315/2315/2315 2321/2321/2321 2320/2320/2320
f 2315/2315/2315 2320/2320/2320 2310/2310/2310
f 2315/2315/2315 2368/2368/2368 2375/2375/2375
f 2315/2315/2315 2375/2375/2375 2321/2321/2321
f 2324/2324/2324 2323/2323/2323 2302/2302/2302
f 2324/2324/2324 2302/2302/2302 2303/2303/2303
f 2325/2325/2325 2304/2304/2304 2277/2277/2277
f 2325/2325/2325 2277/2277/2277 2298/2298/2298
f 2331/2331/2331 2358/2358/2358 2379/2379/2379
f 2331/2331/2331 2379/2379/2379 2352/2352/2352
f 2370/2370/2370 2371/2371/2371 2365/2365/2365
f 2370/2370/2370 2365/2365/2365 2362/2362/2362
f 2351/2351/2351 2297/2297/2297 2300/2300/2300
f 2351/2351/2351 2300/2300/2300 2354/2354/2354
f 2332/2332/2332 2337/2337/2337 2336/2336/2336
f 2332/2332/2332 2336/2336/2336 2331/2331/2331
f 2328/2328/2328 2355/2355/2355 2370/2370/2370
f 2328/2328/2328 2370/2370/2370 2343/2343/2343
f 2336/2336/2336 2363/2363/2363 2358/2358/2358
f 2336/2336/2336 2358/2358/2358 2331/2331/2331
f 2343/2343/2343 2370/2370/2370 2362/2362/2362
f 2343/2343/2343 2362/2362/2362 2335/2335/2335
f 2353/2353/2353 2354/2354/2354 2333/2333/2333
f 2353/2353/2353 2333/2333/2333 2332/2332/2332
f 2351/2351/2351 2330/2330/2330 2276/2276/2276
f 2351/2351/2351 2276/2276/2276 2297/2297/2297
f 2358/2358/2358 2359/2359/2359 2380/2380/2380
f 2358/2358/2358 2380/2380/2380 2379/2379/2379
f 2361/2361/2361 2334/2334/2334 2346/2346/2346
f 2361/2361/2361 2346/2346/2346 2373/2373/2373
f 2328/2328/2328 2343/2343/2343 2344/2344/2344
f 2328/2328/2328 2344/2344/2344 2329/2329/2329
f 2364/2364/2364 2361/2361/2361 2373/2373/2373
f 2364/2364/2364 2373/2373/2373 2374/2374/2374
f 2354/2354/2354 2300/2300/2300 2279/2279/2279
f 2354/2354/2354 2279/2279/2279 2333/2333/2333
f 2350/2350/2350 2351/2351/2351 2354/2354/2354
f 2350/2350/2350 2354/2354/2354 2353/2353/2353
f 2338/2338/2338 2341/2341/2341 2345/2345/2345
f 2338/2338/2338 2345/2345/2345 2344/2344/2344
f 2344/2344/2344 2345/2345/2345 2330/2330/2330
f 2344/2344/2344 2330/2330/2330 2329/2329/2329
f 2337/2337/2337 2332/2332/2332 2333/2333/2333
f 2337/2337/2337 2333/2333/2333 2340/2340/2340
f 2342/2342/2342 2348/2348/2348 2347/2347/2347
f 2342/2342/2342 2347/2347/2347 2339/2339/2339
f 2379/2379/2379 2380/2380/2380 2377/2377/2377
f 2379/2379/2379 2377/2377/2377 2376/2376/2376
f 2351/2351/2351 2350/2350/2350 2329/2329/2329
f 2351/2351/2351 2329/2329/2329 2330/2330/2330
f 2377/2377/2377 2356/2356/2356 2355/2355/2355
f 2377/2377/2377 2355/2355/2355 2376/2376/2376
f 2867/2867/2867 2868/2868/2868 2864/2864/2864
f 2867/2867/2867 2864/2864/2864 2862/2862/2862
f 2324/2324/2324 2378/2378/2378 2381/2381/2381
f 2324/2324/2324 2381/2381/2381 2327/2327/2327
f 2359/2359/2359 2358/2358/2358 2363/2363/2363
f 2359/2359/2359 2363/2363/2363 2366/2366/2366
f 2355/2355/2355 2356/2356/2356 2371/2371/2371
f 2355/2355/2355 2371/2371/2371 2370/2370/2370
f 2381/2381/2381 2380/2380/2380 2359/2359/2359
f 2381/2381/2381 2359/2359/2359 2360/2360/2360
f 2324/2324/2324 2303/2303/2303 2357/2357/2357
f 2324/2324/2324 2357/2357/2357 2378/2378/2378
f 2378/2378/2378 2377/2377/2377 2380/2380/2380
f 2378/2378/2378 2380/2380/2380 2381/2381/2381
f 2327/2327/2327 2381/2381/2381 2360/2360/2360
f 2327/2327/2327 2360/2360/2360 2306/2306/2306
f 2371/2371/2371 2372/2372/2372 2367/2367/2367
f 2371/2371/2371 2367/2367/2367 2365/2365/2365
f 2356/2356/2356 2357/2357/2357 2372/2372/2372
f 2356/2356/2356 2372/2372/2372 2371/2371/2371
f 2359/2359/2359 2366/2366/2366 2369/2369/2369
f 2359/2359/2359 2369/2369/2369 2360/2360/2360
f 2368/2368/2368 2364/2364/2364 2374/2374/2374
f 2368/2368/2368 2374/2374/2374 2375/2375/2375
f 2378/2378/2378 2357/2357/2357 2356/2356/2356
f 2378/2378/2378 2356/2356/2356 2377/2377/2377
f 2493/2493/2493 2491/2491/2491 2495/2495/2495
f 2493/2493/2493 2495/2495/2495 2496/2496/2496
f 2390/2390/2390 2386/2386/2386 2383/2383/2383
f 2390/2390/2390 2383/2383/2383 2388/2388/2388
f 2610/2610/2610 2613/2613/2613 2616/2616/2616
f 2610/2610/2610 2616/2616/2616 2615/2615/2615
f 2388/2388/2388 2385/2385/2385 2387/2387/2387
f 2388/2388/2388 2387/2387/2387 2390/2390/2390
f 2479/2479/2479 2467/2467/2467 2468/2468/2468
f 2479/2479/2479 2468/2468/2468 2480/2480/2480
f 2484/2484/2484 2485/2485/2485 2425/2425/2425
f 2484/2484/2484 2425/2425/2425 2422/2422/2422
f 2481/2481/2481 2480/2480/2480 2468/2468/2468
f 2481/2481/2481 2468/2468/2468 2469/2469/2469
f 2482/2482/2482 2481/2481/2481 2469/2469/2469
f 2482/2482/2482 2469/2469/2469 2470/2470/2470
f 2483/2483/2483 2482/2482/2482 2470/2470/2470
f 2483/2483/2483 2470/2470/2470 2471/2471/2471
f 2486/2486/2486 2487/2487/2487 2431/2431/2431
f 2486/2486/2486 2431/2431/2431 2429/2429/2429
f 2485/2485/2485 2484/2484/2484 2472/2472/2472
f 2485/2485/2485 2472/2472/2472 2473/2473/2473
f 2404/2404/2404 2441/2441/2441 2490/2490/2490
f 2490/2490/2490 2479/2479/2479 2407/2407/2407
f 2490/2490/2490 2407/2407/2407 2404/2404/2404
f 2487/2487/2487 2486/2486/2486 2474/2474/2474
f 2487/2487/2487 2474/2474/2474 2475/2475/2475
f 2488/2488/2488 2487/2487/2487 2475/2475/2475
f 2488/2488/2488 2475/2475/2475 2476/2476/2476
f 2489/2489/2489 2488/2488/2488 2476/2476/2476
f 2489/2489/2489 2476/2476/2476 2477/2477/2477
f 2490/2490/2490 2478/2478/2478 2467/2467/2467
f 2490/2490/2490 2467/2467/2467 2479/2479/2479
f 2473/2473/2473 2472/2472/2472 2396/2396/2396
f 2473/2473/2473 2396/2396/2396 2397/2397/2397
f 2441/2441/2441 2436/2436/2436 2489/2489/2489
f 2441/2441/2441 2489/2489/2489 2490/2490/2490
f 2443/2443/2443 2444/2444/2444 2393/2393/2393
f 2443/2443/2443 2393/2393/2393 2392/2392/2392
f 2446/2446/2446 2447/2447/2447 2396/2396/2396
f 2446/2446/2446 2396/2396/2396 2395/2395/2395
f 2470/2470/2470 2469/2469/2469 2393/2393/2393
f 2470/2470/2470 2393/2393/2393 2394/2394/2394
f 2420/2420/2420 2483/2483/2483 2484/2484/2484
f 2420/2420/2420 2484/2484/2484 2422/2422/2422
f 2468/2468/2468 2467/2467/2467 2391/2391/2391
f 2468/2468/2468 2391/2391/2391 2392/2392/2392
f 2482/2482/2482 2483/2483/2483 2420/2420/2420
f 2482/2482/2482 2420/2420/2420 2417/2417/2417
f 2471/2471/2471 2470/2470/2470 2394/2394/2394
f 2471/2471/2471 2394/2394/2394 2395/2395/2395
f 2391/2391/2391 2442/2442/2442 2443/2443/2443
f 2391/2391/2391 2443/2443/2443 2392/2392/2392
f 2472/2472/2472 2471/2471/2471 2395/2395/2395
f 2472/2472/2472 2395/2395/2395 2396/2396/2396
f 2475/2475/2475 2474/2474/2474 2398/2398/2398
f 2475/2475/2475 2398/2398/2398 2399/2399/2399
f 2421/2421/2421 2460/2460/2460 2459/2459/2459
f 2421/2421/2421 2459/2459/2459 2418/2418/2418
f 2406/2406/2406 2410/2410/2410 2443/2443/2443
f 2406/2406/2406 2443/2443/2443 2442/2442/2442
f 2429/2429/2429 2425/2425/2425 2485/2485/2485
f 2429/2429/2429 2485/2485/2485 2486/2486/2486
f 2400/2400/2400 2451/2451/2451 2452/2452/2452
f 2400/2400/2400 2452/2452/2452 2401/2401/2401
f 2474/2474/2474 2473/2473/2473 2397/2397/2397
f 2474/2474/2474 2397/2397/2397 2398/2398/2398
f 2478/2478/2478 2402/2402/2402 2391/2391/2391
f 2478/2478/2478 2391/2391/2391 2467/2467/2467
f 2488/2488/2488 2489/2489/2489 2436/2436/2436
f 2488/2488/2488 2436/2436/2436 2433/2433/2433
f 2402/2402/2402 2453/2453/2453 2442/2442/2442
f 2402/2402/2402 2442/2442/2442 2391/2391/2391
f 2476/2476/2476 2475/2475/2475 2399/2399/2399
f 2476/2476/2476 2399/2399/2399 2400/2400/2400
f 2481/2481/2481 2482/2482/2482 2417/2417/2417
f 2481/2481/2481 2417/2417/2417 2413/2413/2413
f 2477/2477/2477 2476/2476/2476 2400/2400/2400
f 2477/2477/2477 2400/2400/2400 2401/2401/2401
f 2478/2478/2478 2477/2477/2477 2401/2401/2401
f 2478/2478/2478 2401/2401/2401 2402/2402/2402
f 2480/2480/2480 2481/2481/2481 2413/2413/2413
f 2480/2480/2480 2413/2413/2413 2409/2409/2409
f 2487/2487/2487 2488/2488/2488 2433/2433/2433
f 2487/2487/2487 2433/2433/2433 2431/2431/2431
f 2396/2396/2396 2447/2447/2447 2448/2448/2448
f 2396/2396/2396 2448/2448/2448 2397/2397/2397
f 3465/3465/3465 3464/3464/3464 3392/3392/3392
f 3465/3465/3465 3392/3392/3392 3393/3393/3393
f 2439/2439/2439 2403/2403/2403 2406/2406/2406
f 2406/2406/2406 2442/2442/2442 2453/2453/2453
f 2406/2406/2406 2453/2453/2453 2439/2439/2439
f 2419/2419/2419 2423/2423/2423 2447/2447/2447
f 2419/2419/2419 2447/2447/2447 2446/2446/2446
f 2399/2399/2399 2450/2450/2450 2451/2451/2451
f 2399/2399/2399 2451/2451/2451 2400/2400/2400
f 2490/2490/2490 2489/2489/2489 2477/2477/2477
f 2490/2490/2490 2477/2477/2477 2478/2478/2478
f 2486/2486/2486 2485/2485/2485 2473/2473/2473
f 2486/2486/2486 2473/2473/2473 2474/2474/2474
f 2484/2484/2484 2483/2483/2483 2471/2471/2471
f 2484/2484/2484 2471/2471/2471 2472/2472/2472
f 2410/2410/2410 2412/2412/2412 2444/2444/2444
f 2410/2410/2410 2444/2444/2444 2443/2443/2443
f 2412/2412/2412 2415/2415/2415 2445/2445/2445
f 2412/2412/2412 2445/2445/2445 2444/2444/2444
f 2415/2415/2415 2419/2419/2419 2446/2446/2446
f 2415/2415/2415 2446/2446/2446 2445/2445/2445
f 2426/2426/2426 2428/2428/2428 2449/2449/2449
f 2426/2426/2426 2449/2449/2449 2448/2448/2448
f 2423/2423/2423 2426/2426/2426 2448/2448/2448
f 2423/2423/2423 2448/2448/2448 2447/2447/2447
f 2437/2437/2437 2439/2439/2439 2453/2453/2453
f 2437/2437/2437 2453/2453/2453 2452/2452/2452
f 2428/2428/2428 2430/2430/2430 2450/2450/2450
f 2428/2428/2428 2450/2450/2450 2449/2449/2449
f 2430/2430/2430 2434/2434/2434 2451/2451/2451
f 2430/2430/2430 2451/2451/2451 2450/2450/2450
f 2434/2434/2434 2437/2437/2437 2452/2452/2452
f 2434/2434/2434 2452/2452/2452 2451/2451/2451
f 2448/2448/2448 2449/2449/2449 2398/2398/2398
f 2448/2448/2448 2398/2398/2398 2397/2397/2397
f 2444/2444/2444 2445/2445/2445 2394/2394/2394
f 2444/2444/2444 2394/2394/2394 2393/2393/2393
f 2449/2449/2449 2450/2450/2450 2399/2399/2399
f 2449/2449/2449 2399/2399/2399 2398/2398/2398
f 2445/2445/2445 2446/2446/2446 2395/2395/2395
f 2445/2445/2445 2395/2395/2395 2394/2394/2394
f 2440/2440/2440 2466/2466/2466 2465/2465/2465
f 2440/2440/2440 2465/2465/2465 2438/2438/2438
f 2438/2438/2438 2465/2465/2465 2464/2464/2464
f 2438/2438/2438 2464/2464/2464 2435/2435/2435
f 2405/2405/2405 2454/2454/2454 2466/2466/2466
f 2405/2405/2405 2466/2466/2466 2440/2440/2440
f 2411/2411/2411 2456/2456/2456 2455/2455/2455
f 2411/2411/2411 2455/2455/2455 2408/2408/2408
f 2408/2408/2408 2455/2455/2455 2454/2454/2454
f 2408/2408/2408 2454/2454/2454 2405/2405/2405
f 2427/2427/2427 2462/2462/2462 2461/2461/2461
f 2427/2427/2427 2461/2461/2461 2424/2424/2424
f 2424/2424/2424 2461/2461/2461 2460/2460/2460
f 2424/2424/2424 2460/2460/2460 2421/2421/2421
f 2414/2414/2414 2457/2457/2457 2456/2456/2456
f 2414/2414/2414 2456/2456/2456 2411/2411/2411
f 2416/2416/2416 2458/2458/2458 2457/2457/2457
f 2416/2416/2416 2457/2457/2457 2414/2414/2414
f 2432/2432/2432 2463/2463/2463 2462/2462/2462
f 2432/2432/2432 2462/2462/2462 2427/2427/2427
f 2418/2418/2418 2459/2459/2459 2458/2458/2458
f 2418/2418/2418 2458/2458/2458 2416/2416/2416
f 2463/2463/2463 2432/2432/2432 2435/2435/2435
f 2463/2463/2463 2435/2435/2435 2464/2464/2464
f 2755/2755/2755 2756/2756/2756 2759/2759/2759
f 2755/2755/2755 2759/2759/2759 2758/2758/2758
f 3474/3474/3474 3475/3475/3475 3406/3406/3406
f 3474/3474/3474 3406/3406/3406 3402/3402/3402
f 2469/2469/2469 2468/2468/2468 2392/2392/2392
f 2469/2469/2469 2392/2392/2392 2393/2393/2393
f 2494/2494/2494 2496/2496/2496 2499/2499/2499
f 2494/2494/2494 2499/2499/2499 2498/2498/2498
f 2612/2612/2612 2608/2608/2608 2615/2615/2615
f 2612/2612/2612 2615/2615/2615 2616/2616/2616
f 2732/2732/2732 2733/2733/2733 2730/2730/2730
f 2732/2732/2732 2730/2730/2730 2727/2727/2727
f 2492/2492/2492 2493/2493/2493 2496/2496/2496
f 2492/2492/2492 2496/2496/2496 2494/2494/2494
f 2543/2543/2543 2544/2544/2544 2540/2540/2540
f 2543/2543/2543 2540/2540/2540 2538/2538/2538
f 2521/2521/2521 2524/2524/2524 2551/2551/2551
f 2521/2521/2521 2551/2551/2551 2548/2548/2548
f 2602/2602/2602 2605/2605/2605 2578/2578/2578
f 2602/2602/2602 2578/2578/2578 2575/2575/2575
f 2507/2507/2507 2503/2503/2503 2504/2504/2504
f 2507/2507/2507 2504/2504/2504 2509/2509/2509
f 2500/2500/2500 2527/2527/2527 2542/2542/2542
f 2500/2500/2500 2542/2542/2542 2515/2515/2515
f 2507/2507/2507 2533/2533/2533 2530/2530/2530
f 2507/2507/2507 2530/2530/2530 2503/2503/2503
f 2559/2559/2559 2568/2568/2568 2512/2512/2512
f 2559/2559/2559 2512/2512/2512 2505/2505/2505
f 2515/2515/2515 2542/2542/2542 2534/2534/2534
f 2515/2515/2515 2534/2534/2534 2508/2508/2508
f 2525/2525/2525 2526/2526/2526 2505/2505/2505
f 2525/2525/2525 2505/2505/2505 2504/2504/2504
f 2525/2525/2525 2504/2504/2504 2503/2503/2503
f 2525/2525/2525 2503/2503/2503 2524/2524/2524
f 2557/2557/2557 2558/2558/2558 2579/2579/2579
f 2557/2557/2557 2579/2579/2579 2578/2578/2578
f 2530/2530/2530 2531/2531/2531 2552/2552/2552
f 2530/2530/2530 2552/2552/2552 2551/2551/2551
f 2556/2556/2556 2502/2502/2502 2517/2517/2517
f 2556/2556/2556 2517/2517/2517 2571/2571/2571
f 2500/2500/2500 2515/2515/2515 2516/2516/2516
f 2500/2500/2500 2516/2516/2516 2501/2501/2501
f 2531/2531/2531 2530/2530/2530 2533/2533/2533
f 2531/2531/2531 2533/2533/2533 2537/2537/2537
f 2575/2575/2575 2554/2554/2554 2581/2581/2581
f 2575/2575/2575 2581/2581/2581 2602/2602/2602
f 2548/2548/2548 2527/2527/2527 2500/2500/2500
f 2548/2548/2548 2500/2500/2500 2521/2521/2521
f 2522/2522/2522 2523/2523/2523 2526/2526/2526
f 2522/2522/2522 2526/2526/2526 2525/2525/2525
f 2510/2510/2510 2513/2513/2513 2517/2517/2517
f 2510/2510/2510 2517/2517/2517 2516/2516/2516
f 2571/2571/2571 2517/2517/2517 2513/2513/2513
f 2571/2571/2571 2513/2513/2513 2567/2567/2567
f 2511/2511/2511 2519/2519/2519 2518/2518/2518
f 2511/2511/2511 2518/2518/2518 2506/2506/2506
f 2516/2516/2516 2517/2517/2517 2502/2502/2502
f 2516/2516/2516 2502/2502/2502 2501/2501/2501
f 2509/2509/2509 2504/2504/2504 2505/2505/2505
f 2509/2509/2509 2505/2505/2505 2512/2512/2512
f 2535/2535/2535 2506/2506/2506 2518/2518/2518
f 2535/2535/2535 2518/2518/2518 2545/2545/2545
f 2514/2514/2514 2520/2520/2520 2519/2519/2519
f 2514/2514/2514 2519/2519/2519 2511/2511/2511
f 2514/2514/2514 2566/2566/2566 2574/2574/2574
f 2514/2514/2514 2574/2574/2574 2520/2520/2520
f 2549/2549/2549 2548/2548/2548 2551/2551/2551
f 2549/2549/2549 2551/2551/2551 2552/2552/2552
f 2550/2550/2550 2529/2529/2529 2528/2528/2528
f 2550/2550/2550 2528/2528/2528 2549/2549/2549
f 2523/2523/2523 2522/2522/2522 2501/2501/2501
f 2523/2523/2523 2501/2501/2501 2502/2502/2502
f 2549/2549/2549 2528/2528/2528 2527/2527/2527
f 2549/2549/2549 2527/2527/2527 2548/2548/2548
f 2603/2603/2603 2602/2602/2602 2581/2581/2581
f 2603/2603/2603 2581/2581/2581 2582/2582/2582
f 2550/2550/2550 2549/2549/2549 2552/2552/2552
f 2550/2550/2550 2552/2552/2552 2553/2553/2553
f 2569/2569/2569 2570/2570/2570 2565/2565/2565
f 2569/2569/2569 2565/2565/2565 2561/2561/2561
f 2537/2537/2537 2539/2539/2539 2532/2532/2532
f 2537/2537/2537 2532/2532/2532 2531/2531/2531
f 2586/2586/2586 2532/2532/2532 2539/2539/2539
f 2586/2586/2586 2539/2539/2539 2595/2595/2595
f 2542/2542/2542 2543/2543/2543 2538/2538/2538
f 2542/2542/2542 2538/2538/2538 2534/2534/2534
f 2576/2576/2576 2555/2555/2555 2554/2554/2554
f 2576/2576/2576 2554/2554/2554 2575/2575/2575
f 2605/2605/2605 2584/2584/2584 2557/2557/2557
f 2605/2605/2605 2557/2557/2557 2578/2578/2578
f 2531/2531/2531 2532/2532/2532 2553/2553/2553
f 2531/2531/2531 2553/2553/2553 2552/2552/2552
f 2583/2583/2583 2598/2598/2598 2544/2544/2544
f 2583/2583/2583 2544/2544/2544 2529/2529/2529
f 2564/2564/2564 2560/2560/2560 2572/2572/2572
f 2564/2564/2564 2572/2572/2572 2573/2573/2573
f 2576/2576/2576 2575/2575/2575 2578/2578/2578
f 2576/2576/2576 2578/2578/2578 2579/2579/2579
f 2528/2528/2528 2529/2529/2529 2544/2544/2544
f 2528/2528/2528 2544/2544/2544 2543/2543/2543
f 2598/2598/2598 2594/2594/2594 2540/2540/2540
f 2598/2598/2598 2540/2540/2540 2544/2544/2544
f 2527/2527/2527 2528/2528/2528 2543/2543/2543
f 2527/2527/2527 2543/2543/2543 2542/2542/2542
f 2541/2541/2541 2536/2536/2536 2546/2546/2546
f 2541/2541/2541 2546/2546/2546 2547/2547/2547
f 2536/2536/2536 2535/2535/2535 2545/2545/2545
f 2536/2536/2536 2545/2545/2545 2546/2546/2546
f 2547/2547/2547 2601/2601/2601 2593/2593/2593
f 2547/2547/2547 2593/2593/2593 2541/2541/2541
f 2503/2503/2503 2530/2530/2530 2551/2551/2551
f 2503/2503/2503 2551/2551/2551 2524/2524/2524
f 2577/2577/2577 2556/2556/2556 2555/2555/2555
f 2577/2577/2577 2555/2555/2555 2576/2576/2576
f 2587/2587/2587 2591/2591/2591 2597/2597/2597
f 2587/2587/2587 2597/2597/2597 2596/2596/2596
f 2523/2523/2523 2577/2577/2577 2580/2580/2580
f 2523/2523/2523 2580/2580/2580 2526/2526/2526
f 2558/2558/2558 2557/2557/2557 2562/2562/2562
f 2558/2558/2558 2562/2562/2562 2563/2563/2563
f 2569/2569/2569 2596/2596/2596 2581/2581/2581
f 2569/2569/2569 2581/2581/2581 2554/2554/2554
f 2557/2557/2557 2584/2584/2584 2588/2588/2588
f 2557/2557/2557 2588/2588/2588 2562/2562/2562
f 2561/2561/2561 2587/2587/2587 2596/2596/2596
f 2561/2561/2561 2596/2596/2596 2569/2569/2569
f 2580/2580/2580 2579/2579/2579 2558/2558/2558
f 2580/2580/2580 2558/2558/2558 2559/2559/2559
f 2523/2523/2523 2502/2502/2502 2556/2556/2556
f 2523/2523/2523 2556/2556/2556 2577/2577/2577
f 2606/2606/2606 2585/2585/2585 2584/2584/2584
f 2606/2606/2606 2584/2584/2584 2605/2605/2605
f 2589/2589/2589 2599/2599/2599 2572/2572/2572
f 2589/2589/2589 2572/2572/2572 2560/2560/2560
f 2554/2554/2554 2555/2555/2555 2570/2570/2570
f 2554/2554/2554 2570/2570/2570 2569/2569/2569
f 2590/2590/2590 2600/2600/2600 2599/2599/2599
f 2590/2590/2590 2599/2599/2599 2589/2589/2589
f 2526/2526/2526 2580/2580/2580 2559/2559/2559
f 2526/2526/2526 2559/2559/2559 2505/2505/2505
f 2577/2577/2577 2576/2576/2576 2579/2579/2579
f 2577/2577/2577 2579/2579/2579 2580/2580/2580
f 2570/2570/2570 2571/2571/2571 2567/2567/2567
f 2570/2570/2570 2567/2567/2567 2565/2565/2565
f 2555/2555/2555 2556/2556/2556 2571/2571/2571
f 2555/2555/2555 2571/2571/2571 2570/2570/2570
f 2558/2558/2558 2563/2563/2563 2568/2568/2568
f 2558/2558/2558 2568/2568/2568 2559/2559/2559
f 2566/2566/2566 2564/2564/2564 2573/2573/2573
f 2566/2566/2566 2573/2573/2573 2574/2574/2574
f 2603/2603/2603 2606/2606/2606 2605/2605/2605
f 2603/2603/2603 2605/2605/2605 2602/2602/2602
f 2604/2604/2604 2603/2603/2603 2582/2582/2582
f 2604/2604/2604 2582/2582/2582 2583/2583/2583
f 2604/2604/2604 2550/2550/2550 2553/2553/2553
f 2604/2604/2604 2553/2553/2553 2607/2607/2607
f 2585/2585/2585 2592/2592/2592 2588/2588/2588
f 2585/2585/2585 2588/2588/2588 2584/2584/2584
f 2581/2581/2581 2596/2596/2596 2597/2597/2597
f 2581/2581/2581 2597/2597/2597 2582/2582/2582
f 2606/2606/2606 2607/2607/2607 2586/2586/2586
f 2606/2606/2606 2586/2586/2586 2585/2585/2585
f 2604/2604/2604 2583/2583/2583 2529/2529/2529
f 2604/2604/2604 2529/2529/2529 2550/2550/2550
f 2603/2603/2603 2604/2604/2604 2607/2607/2607
f 2603/2603/2603 2607/2607/2607 2606/2606/2606
f 2607/2607/2607 2553/2553/2553 2532/2532/2532
f 2607/2607/2607 2532/2532/2532 2586/2586/2586
f 2591/2591/2591 2594/2594/2594 2598/2598/2598
f 2591/2591/2591 2598/2598/2598 2597/2597/2597
f 2597/2597/2597 2598/2598/2598 2583/2583/2583
f 2597/2597/2597 2583/2583/2583 2582/2582/2582
f 2592/2592/2592 2585/2585/2585 2586/2586/2586
f 2592/2592/2592 2586/2586/2586 2595/2595/2595
f 2593/2593/2593 2601/2601/2601 2600/2600/2600
f 2593/2593/2593 2600/2600/2600 2590/2590/2590
f 2732/2732/2732 2725/2725/2725 2729/2729/2729
f 2732/2732/2732 2729/2729/2729 2733/2733/2733
f 2609/2609/2609 2612/2612/2612 2616/2616/2616
f 2609/2609/2609 2616/2616/2616 2614/2614/2614
f 2613/2613/2613 2611/2611/2611 2614/2614/2614
f 2613/2613/2613 2614/2614/2614 2616/2616/2616
f 2844/2844/2844 2847/2847/2847 2850/2850/2850
f 2844/2844/2844 2850/2850/2850 2849/2849/2849
f 2651/2651/2651 2654/2654/2654 2660/2660/2660
f 2651/2651/2651 2660/2660/2660 2659/2659/2659
f 2665/2665/2665 2668/2668/2668 2641/2641/2641
f 2665/2665/2665 2641/2641/2641 2638/2638/2638
f 2692/2692/2692 2695/2695/2695 2722/2722/2722
f 2692/2692/2692 2722/2722/2722 2719/2719/2719
f 2620/2620/2620 2624/2624/2624 2626/2626/2626
f 2620/2620/2620 2626/2626/2626 2621/2621/2621
f 2632/2632/2632 2659/2659/2659 2644/2644/2644
f 2632/2632/2632 2644/2644/2644 2617/2617/2617
f 2620/2620/2620 2647/2647/2647 2650/2650/2650
f 2620/2620/2620 2650/2650/2650 2624/2624/2624
f 2676/2676/2676 2622/2622/2622 2629/2629/2629
f 2676/2676/2676 2629/2629/2629 2684/2684/2684
f 2625/2625/2625 2651/2651/2651 2659/2659/2659
f 2625/2625/2625 2659/2659/2659 2632/2632/2632
f 2643/2643/2643 2642/2642/2642 2621/2621/2621
f 2643/2643/2643 2621/2621/2621 2622/2622/2622
f 2620/2620/2620 2621/2621/2621 2642/2642/2642
f 2620/2620/2620 2642/2642/2642 2641/2641/2641
f 2696/2696/2696 2675/2675/2675 2674/2674/2674
f 2696/2696/2696 2674/2674/2674 2695/2695/2695
f 2669/2669/2669 2648/2648/2648 2647/2647/2647
f 2669/2669/2669 2647/2647/2647 2668/2668/2668
f 2673/2673/2673 2688/2688/2688 2634/2634/2634
f 2673/2673/2673 2634/2634/2634 2619/2619/2619
f 2617/2617/2617 2618/2618/2618 2633/2633/2633
f 2617/2617/2617 2633/2633/2633 2632/2632/2632
f 2653/2653/2653 2663/2663/2663 2662/2662/2662
f 2653/2653/2653 2662/2662/2662 2652/2652/2652
f 2640/2640/2640 2639/2639/2639 2642/2642/2642
f 2640/2640/2640 2642/2642/2642 2643/2643/2643
f 2633/2633/2633 2634/2634/2634 2630/2630/2630
f 2633/2633/2633 2630/2630/2630 2628/2628/2628
f 2688/2688/2688 2683/2683/2683 2630/2630/2630
f 2688/2688/2688 2630/2630/2630 2634/2634/2634
f 2627/2627/2627 2623/2623/2623 2635/2635/2635
f 2627/2627/2627 2635/2635/2635 2636/2636/2636
f 2618/2618/2618 2619/2619/2619 2634/2634/2634
f 2618/2618/2618 2634/2634/2634 2633/2633/2633
f 2621/2621/2621 2626/2626/2626 2629/2629/2629
f 2621/2621/2621 2629/2629/2629 2622/2622/2622
f 2652/2652/2652 2662/2662/2662 2635/2635/2635
f 2652/2652/2652 2635/2635/2635 2623/2623/2623
f 2631/2631/2631 2627/2627/2627 2636/2636/2636
f 2631/2631/2631 2636/2636/2636 2637/2637/2637
f 2637/2637/2637 2691/2691/2691 2685/2685/2685
f 2637/2637/2637 2685/2685/2685 2631/2631/2631
f 2665/2665/2665 2666/2666/2666 2669/2669/2669
f 2665/2665/2665 2669/2669/2669 2668/2668/2668
f 2665/2665/2665 2638/2638/2638 2617/2617/2617
f 2665/2665/2665 2617/2617/2617 2644/2644/2644
f 2639/2639/2639 2618/2618/2618 2617/2617/2617
f 2639/2639/2639 2617/2617/2617 2638/2638/2638
f 2640/2640/2640 2619/2619/2619 2618/2618/2618
f 2640/2640/2640 2618/2618/2618 2639/2639/2639
f 2694/2694/2694 2673/2673/2673 2619/2619/2619
f 2694/2694/2694 2619/2619/2619 2640/2640/2640
f 2679/2679/2679 2681/2681/2681 2687/2687/2687
f 2679/2679/2679 2687/2687/2687 2686/2686/2686
f 2692/2692/2692 2693/2693/2693 2696/2696/2696
f 2692/2692/2692 2696/2696/2696 2695/2695/2695
f 3107/3107/3107 3106/3106/3106 3109/3109/3109
f 3107/3107/3107 3109/3109/3109 3110/3110/3110
f 2648/2648/2648 2655/2655/2655 2650/2650/2650
f 2648/2648/2648 2650/2650/2650 2647/2647/2647
f 2703/2703/2703 2711/2711/2711 2658/2658/2658
f 2703/2703/2703 2658/2658/2658 2649/2649/2649
f 2644/2644/2644 2659/2659/2659 2660/2660/2660
f 2644/2644/2644 2660/2660/2660 2645/2645/2645
f 2669/2669/2669 2670/2670/2670 2649/2649/2649
f 2669/2669/2669 2649/2649/2649 2648/2648/2648
f 2668/2668/2668 2647/2647/2647 2620/2620/2620
f 2668/2668/2668 2620/2620/2620 2641/2641/2641
f 2674/2674/2674 2701/2701/2701 2722/2722/2722
f 2674/2674/2674 2722/2722/2722 2695/2695/2695
f 2700/2700/2700 2646/2646/2646 2661/2661/2661
f 2700/2700/2700 2661/2661/2661 2715/2715/2715
f 2682/2682/2682 2690/2690/2690 2689/2689/2689
f 2682/2682/2682 2689/2689/2689 2678/2678/2678
f 2521/2521/2521 2500/2500/2500 2501/2501/2501
f 2521/2521/2521 2501/2501/2501 2522/2522/2522
f 2666/2666/2666 2667/2667/2667 2670/2670/2670
f 2666/2666/2666 2670/2670/2670 2669/2669/2669
f 2654/2654/2654 2657/2657/2657 2661/2661/2661
f 2654/2654/2654 2661/2661/2661 2660/2660/2660
f 2715/2715/2715 2661/2661/2661 2657/2657/2657
f 2715/2715/2715 2657/2657/2657 2712/2712/2712
f 2660/2660/2660 2661/2661/2661 2646/2646/2646
f 2660/2660/2660 2646/2646/2646 2645/2645/2645
f 2655/2655/2655 2648/2648/2648 2649/2649/2649
f 2655/2655/2655 2649/2649/2649 2658/2658/2658
f 2656/2656/2656 2664/2664/2664 2663/2663/2663
f 2656/2656/2656 2663/2663/2663 2653/2653/2653
f 2656/2656/2656 2710/2710/2710 2718/2718/2718
f 2656/2656/2656 2718/2718/2718 2664/2664/2664
f 2666/2666/2666 2665/2665/2665 2644/2644/2644
f 2666/2666/2666 2644/2644/2644 2645/2645/2645
f 2667/2667/2667 2666/2666/2666 2645/2645/2645
f 2667/2667/2667 2645/2645/2645 2646/2646/2646
f 2667/2667/2667 2646/2646/2646 2700/2700/2700
f 2667/2667/2667 2700/2700/2700 2721/2721/2721
f 2713/2713/2713 2714/2714/2714 2707/2707/2707
f 2713/2713/2713 2707/2707/2707 2705/2705/2705
f 2694/2694/2694 2640/2640/2640 2643/2643/2643
f 2694/2694/2694 2643/2643/2643 2697/2697/2697
f 2675/2675/2675 2680/2680/2680 2677/2677/2677
f 2675/2675/2675 2677/2677/2677 2674/2674/2674
f 2671/2671/2671 2698/2698/2698 2713/2713/2713
f 2671/2671/2671 2713/2713/2713 2686/2686/2686
f 2677/2677/2677 2704/2704/2704 2701/2701/2701
f 2677/2677/2677 2701/2701/2701 2674/2674/2674
f 2686/2686/2686 2713/2713/2713 2705/2705/2705
f 2686/2686/2686 2705/2705/2705 2679/2679/2679
f 2696/2696/2696 2697/2697/2697 2676/2676/2676
f 2696/2696/2696 2676/2676/2676 2675/2675/2675
f 2701/2701/2701 2702/2702/2702 2723/2723/2723
f 2701/2701/2701 2723/2723/2723 2722/2722/2722
f 2706/2706/2706 2678/2678/2678 2689/2689/2689
f 2706/2706/2706 2689/2689/2689 2716/2716/2716
f 2671/2671/2671 2686/2686/2686 2687/2687/2687
f 2671/2671/2671 2687/2687/2687 2672/2672/2672
f 2709/2709/2709 2706/2706/2706 2716/2716/2716
f 2709/2709/2709 2716/2716/2716 2717/2717/2717
f 2697/2697/2697 2643/2643/2643 2622/2622/2622
f 2697/2697/2697 2622/2622/2622 2676/2676/2676
f 2693/2693/2693 2694/2694/2694 2697/2697/2697
f 2693/2693/2693 2697/2697/2697 2696/2696/2696
f 2681/2681/2681 2683/2683/2683 2688/2688/2688
f 2681/2681/2681 2688/2688/2688 2687/2687/2687
f 2687/2687/2687 2688/2688/2688 2673/2673/2673
f 2687/2687/2687 2673/2673/2673 2672/2672/2672
f 2680/2680/2680 2675/2675/2675 2676/2676/2676
f 2680/2680/2680 2676/2676/2676 2684/2684/2684
f 2685/2685/2685 2691/2691/2691 2690/2690/2690
f 2685/2685/2685 2690/2690/2690 2682/2682/2682
f 2722/2722/2722 2723/2723/2723 2720/2720/2720
f 2722/2722/2722 2720/2720/2720 2719/2719/2719
f 2719/2719/2719 2698/2698/2698 2671/2671/2671
f 2719/2719/2719 2671/2671/2671 2692/2692/2692
f 2693/2693/2693 2692/2692/2692 2671/2671/2671
f 2693/2693/2693 2671/2671/2671 2672/2672/2672
f 2694/2694/2694 2693/2693/2693 2672/2672/2672
f 2694/2694/2694 2672/2672/2672 2673/2673/2673
f 1956/1956/1956 1957/1957/1957 2005/2005/2005
f 1956/1956/1956 2005/2005/2005 2004/2004/2004
f 2667/2667/2667 2721/2721/2721 2724/2724/2724
f 2667/2667/2667 2724/2724/2724 2670/2670/2670
f 2702/2702/2702 2701/2701/2701 2704/2704/2704
f 2702/2702/2702 2704/2704/2704 2708/2708/2708
f 2698/2698/2698 2699/2699/2699 2714/2714/2714
f 2698/2698/2698 2714/2714/2714 2713/2713/2713
f 2724/2724/2724 2723/2723/2723 2702/2702/2702
f 2724/2724/2724 2702/2702/2702 2703/2703/2703
f 2721/2721/2721 2720/2720/2720 2723/2723/2723
f 2721/2721/2721 2723/2723/2723 2724/2724/2724
f 2670/2670/2670 2724/2724/2724 2703/2703/2703
f 2670/2670/2670 2703/2703/2703 2649/2649/2649
f 2714/2714/2714 2715/2715/2715 2712/2712/2712
f 2714/2714/2714 2712/2712/2712 2707/2707/2707
f 2699/2699/2699 2700/2700/2700 2715/2715/2715
f 2699/2699/2699 2715/2715/2715 2714/2714/2714
f 2702/2702/2702 2708/2708/2708 2711/2711/2711
f 2702/2702/2702 2711/2711/2711 2703/2703/2703
f 2710/2710/2710 2709/2709/2709 2717/2717/2717
f 2710/2710/2710 2717/2717/2717 2718/2718/2718
f 2720/2720/2720 2699/2699/2699 2698/2698/2698
f 2720/2720/2720 2698/2698/2698 2719/2719/2719
f 2721/2721/2721 2700/2700/2700 2699/2699/2699
f 2721/2721/2721 2699/2699/2699 2720/2720/2720
f 2846/2846/2846 2842/2842/2842 2849/2849/2849
f 2846/2846/2846 2849/2849/2849 2850/2850/2850
f 2733/2733/2733 2729/2729/2729 2726/2726/2726
f 2733/2733/2733 2726/2726/2726 2731/2731/2731
f 2731/2731/2731 2728/2728/2728 2730/2730/2730
f 2731/2731/2731 2730/2730/2730 2733/2733/2733
f 2966/2966/2966 2967/2967/2967 2964/2964/2964
f 2966/2966/2966 2964/2964/2964 2961/2961/2961
f 2756/2756/2756 2757/2757/2757 2760/2760/2760
f 2756/2756/2756 2760/2760/2760 2759/2759/2759
f 2734/2734/2734 2761/2761/2761 2776/2776/2776
f 2734/2734/2734 2776/2776/2776 2749/2749/2749
f 2836/2836/2836 2839/2839/2839 2812/2812/2812
f 2836/2836/2836 2812/2812/2812 2809/2809/2809
f 2738/2738/2738 2739/2739/2739 2747/2747/2747
f 2738/2738/2738 2747/2747/2747 2743/2743/2743
f 2764/2764/2764 2737/2737/2737 2740/2740/2740
f 2764/2764/2764 2740/2740/2740 2768/2768/2768
f 2749/2749/2749 2776/2776/2776 2769/2769/2769
f 2749/2749/2749 2769/2769/2769 2741/2741/2741
f 2793/2793/2793 2802/2802/2802 2747/2747/2747
f 2793/2793/2793 2747/2747/2747 2739/2739/2739
f 2767/2767/2767 2742/2742/2742 2752/2752/2752
f 2767/2767/2767 2752/2752/2752 2779/2779/2779
f 2813/2813/2813 2812/2812/2812 2791/2791/2791
f 2813/2813/2813 2791/2791/2791 2792/2792/2792
f 2786/2786/2786 2785/2785/2785 2764/2764/2764
f 2786/2786/2786 2764/2764/2764 2765/2765/2765
f 2760/2760/2760 2739/2739/2739 2738/2738/2738
f 2760/2760/2760 2738/2738/2738 2759/2759/2759
f 2790/2790/2790 2736/2736/2736 2751/2751/2751
f 2790/2790/2790 2751/2751/2751 2805/2805/2805
f 2741/2741/2741 2745/2745/2745 2750/2750/2750
f 2741/2741/2741 2750/2750/2750 2749/2749/2749
f 2758/2758/2758 2785/2785/2785 2782/2782/2782
f 2758/2758/2758 2782/2782/2782 2755/2755/2755
f 2750/2750/2750 2751/2751/2751 2736/2736/2736
f 2750/2750/2750 2736/2736/2736 2735/2735/2735
f 2805/2805/2805 2751/2751/2751 2748/2748/2748
f 2805/2805/2805 2748/2748/2748 2800/2800/2800
f 2734/2734/2734 2749/2749/2749 2750/2750/2750
f 2734/2734/2734 2750/2750/2750 2735/2735/2735
f 2746/2746/2746 2754/2754/2754 2753/2753/2753
f 2746/2746/2746 2753/2753/2753 2744/2744/2744
f 2783/2783/2783 2782/2782/2782 2785/2785/2785
f 2783/2783/2783 2785/2785/2785 2786/2786/2786
f 2744/2744/2744 2753/2753/2753 2752/2752/2752
f 2744/2744/2744 2752/2752/2752 2742/2742/2742
f 2746/2746/2746 2801/2801/2801 2808/2808/2808
f 2746/2746/2746 2808/2808/2808 2754/2754/2754
f 2782/2782/2782 2761/2761/2761 2734/2734/2734
f 2782/2782/2782 2734/2734/2734 2755/2755/2755
f 2756/2756/2756 2755/2755/2755 2734/2734/2734
f 2756/2756/2756 2734/2734/2734 2735/2735/2735
f 2757/2757/2757 2756/2756/2756 2735/2735/2735
f 2757/2757/2757 2735/2735/2735 2736/2736/2736
f 2759/2759/2759 2738/2738/2738 2737/2737/2737
f 2759/2759/2759 2737/2737/2737 2758/2758/2758
f 2757/2757/2757 2736/2736/2736 2790/2790/2790
f 2757/2757/2757 2790/2790/2790 2811/2811/2811
f 2788/2788/2788 2803/2803/2803 2830/2830/2830
f 2788/2788/2788 2830/2830/2830 2815/2815/2815
f 2784/2784/2784 2783/2783/2783 2786/2786/2786
f 2784/2784/2784 2786/2786/2786 2787/2787/2787
f 2810/2810/2810 2809/2809/2809 2812/2812/2812
f 2810/2810/2810 2812/2812/2812 2813/2813/2813
f 3359/3359/3359 3287/3287/3287 3286/3286/3286
f 3359/3359/3359 3286/3286/3286 3358/3358/3358
f 2761/2761/2761 2762/2762/2762 2777/2777/2777
f 2761/2761/2761 2777/2777/2777 2776/2776/2776
f 2820/2820/2820 2766/2766/2766 2773/2773/2773
f 2820/2820/2820 2773/2773/2773 2828/2828/2828
f 2785/2785/2785 2758/2758/2758 2737/2737/2737
f 2785/2785/2785 2737/2737/2737 2764/2764/2764
f 2812/2812/2812 2839/2839/2839 2818/2818/2818
f 2812/2812/2812 2818/2818/2818 2791/2791/2791
f 2817/2817/2817 2832/2832/2832 2778/2778/2778
f 2817/2817/2817 2778/2778/2778 2763/2763/2763
f 2803/2803/2803 2794/2794/2794 2822/2822/2822
f 2803/2803/2803 2822/2822/2822 2830/2830/2830
f 2787/2787/2787 2786/2786/2786 2765/2765/2765
f 2787/2787/2787 2765/2765/2765 2766/2766/2766
f 2776/2776/2776 2777/2777/2777 2771/2771/2771
f 2776/2776/2776 2771/2771/2771 2769/2769/2769
f 2777/2777/2777 2778/2778/2778 2774/2774/2774
f 2777/2777/2777 2774/2774/2774 2771/2771/2771
f 2832/2832/2832 2827/2827/2827 2774/2774/2774
f 2832/2832/2832 2774/2774/2774 2778/2778/2778
f 2765/2765/2765 2764/2764/2764 2768/2768/2768
f 2765/2765/2765 2768/2768/2768 2770/2770/2770
f 2762/2762/2762 2763/2763/2763 2778/2778/2778
f 2762/2762/2762 2778/2778/2778 2777/2777/2777
f 2765/2765/2765 2770/2770/2770 2773/2773/2773
f 2765/2765/2765 2773/2773/2773 2766/2766/2766
f 2772/2772/2772 2767/2767/2767 2779/2779/2779
f 2772/2772/2772 2779/2779/2779 2780/2780/2780
f 2775/2775/2775 2772/2772/2772 2780/2780/2780
f 2775/2775/2775 2780/2780/2780 2781/2781/2781
f 2781/2781/2781 2835/2835/2835 2829/2829/2829
f 2781/2781/2781 2829/2829/2829 2775/2775/2775
f 2783/2783/2783 2762/2762/2762 2761/2761/2761
f 2783/2783/2783 2761/2761/2761 2782/2782/2782
f 2784/2784/2784 2763/2763/2763 2762/2762/2762
f 2784/2784/2784 2762/2762/2762 2783/2783/2783
f 2838/2838/2838 2817/2817/2817 2763/2763/2763
f 2838/2838/2838 2763/2763/2763 2784/2784/2784
f 2824/2824/2824 2827/2827/2827 2832/2832/2832
f 2824/2824/2824 2832/2832/2832 2831/2831/2831
f 2811/2811/2811 2810/2810/2810 2813/2813/2813
f 2811/2811/2811 2813/2813/2813 2814/2814/2814
f 2757/2757/2757 2811/2811/2811 2814/2814/2814
f 2757/2757/2757 2814/2814/2814 2760/2760/2760
f 2788/2788/2788 2789/2789/2789 2804/2804/2804
f 2788/2788/2788 2804/2804/2804 2803/2803/2803
f 2791/2791/2791 2818/2818/2818 2823/2823/2823
f 2791/2791/2791 2823/2823/2823 2795/2795/2795
f 2796/2796/2796 2821/2821/2821 2833/2833/2833
f 2796/2796/2796 2833/2833/2833 2806/2806/2806
f 2840/2840/2840 2819/2819/2819 2818/2818/2818
f 2840/2840/2840 2818/2818/2818 2839/2839/2839
f 2836/2836/2836 2837/2837/2837 2840/2840/2840
f 2836/2836/2836 2840/2840/2840 2839/2839/2839
f 2819/2819/2819 2826/2826/2826 2823/2823/2823
f 2819/2819/2819 2823/2823/2823 2818/2818/2818
f 2760/2760/2760 2814/2814/2814 2793/2793/2793
f 2760/2760/2760 2793/2793/2793 2739/2739/2739
f 2814/2814/2814 2813/2813/2813 2792/2792/2792
f 2814/2814/2814 2792/2792/2792 2793/2793/2793
f 2803/2803/2803 2804/2804/2804 2798/2798/2798
f 2803/2803/2803 2798/2798/2798 2794/2794/2794
f 2804/2804/2804 2805/2805/2805 2800/2800/2800
f 2804/2804/2804 2800/2800/2800 2798/2798/2798
f 2792/2792/2792 2791/2791/2791 2795/2795/2795
f 2792/2792/2792 2795/2795/2795 2799/2799/2799
f 2789/2789/2789 2790/2790/2790 2805/2805/2805
f 2789/2789/2789 2805/2805/2805 2804/2804/2804
f 2792/2792/2792 2799/2799/2799 2802/2802/2802
f 2792/2792/2792 2802/2802/2802 2793/2793/2793
f 2797/2797/2797 2796/2796/2796 2806/2806/2806
f 2797/2797/2797 2806/2806/2806 2807/2807/2807
f 2801/2801/2801 2797/2797/2797 2807/2807/2807
f 2801/2801/2801 2807/2807/2807 2808/2808/2808
f 2809/2809/2809 2788/2788/2788 2815/2815/2815
f 2809/2809/2809 2815/2815/2815 2836/2836/2836
f 2810/2810/2810 2789/2789/2789 2788/2788/2788
f 2810/2810/2810 2788/2788/2788 2809/2809/2809
f 2811/2811/2811 2790/2790/2790 2789/2789/2789
f 2811/2811/2811 2789/2789/2789 2810/2810/2810
f 2837/2837/2837 2838/2838/2838 2841/2841/2841
f 2837/2837/2837 2841/2841/2841 2840/2840/2840
f 2819/2819/2819 2820/2820/2820 2828/2828/2828
f 2819/2819/2819 2828/2828/2828 2826/2826/2826
f 2822/2822/2822 2824/2824/2824 2831/2831/2831
f 2822/2822/2822 2831/2831/2831 2830/2830/2830
f 2841/2841/2841 2787/2787/2787 2766/2766/2766
f 2841/2841/2841 2766/2766/2766 2820/2820/2820
f 2841/2841/2841 2820/2820/2820 2819/2819/2819
f 2841/2841/2841 2819/2819/2819 2840/2840/2840
f 2825/2825/2825 2834/2834/2834 2833/2833/2833
f 2825/2825/2825 2833/2833/2833 2821/2821/2821
f 2838/2838/2838 2784/2784/2784 2787/2787/2787
f 2838/2838/2838 2787/2787/2787 2841/2841/2841
f 2831/2831/2831 2832/2832/2832 2817/2817/2817
f 2831/2831/2831 2817/2817/2817 2816/2816/2816
f 2815/2815/2815 2830/2830/2830 2831/2831/2831
f 2815/2815/2815 2831/2831/2831 2816/2816/2816
f 2829/2829/2829 2835/2835/2835 2834/2834/2834
f 2829/2829/2829 2834/2834/2834 2825/2825/2825
f 2837/2837/2837 2836/2836/2836 2815/2815/2815
f 2837/2837/2837 2815/2815/2815 2816/2816/2816
f 2838/2838/2838 2837/2837/2837 2816/2816/2816
f 2838/2838/2838 2816/2816/2816 2817/2817/2817
f 2966/2966/2966 2959/2959/2959 2963/2963/2963
f 2966/2966/2966 2963/2963/2963 2967/2967/2967
f 2843/2843/2843 2846/2846/2846 2850/2850/2850
f 2843/2843/2843 2850/2850/2850 2848/2848/2848
f 2847/2847/2847 2845/2845/2845 2848/2848/2848
f 2847/2847/2847 2848/2848/2848 2850/2850/2850
f 3078/3078/3078 3081/3081/3081 3084/3084/3084
f 3078/3078/3078 3084/3084/3084 3083/3083/3083
f 2874/2874/2874 2873/2873/2873 2876/2876/2876
f 2874/2874/2874 2876/2876/2876 2877/2877/2877
f 2866/2866/2866 2893/2893/2893 2878/2878/2878
f 2866/2866/2866 2878/2878/2878 2851/2851/2851
f 2926/2926/2926 2929/2929/2929 2956/2956/2956
f 2926/2926/2926 2956/2956/2956 2953/2953/2953
f 2861/2861/2861 2863/2863/2863 2856/2856/2856
f 2861/2861/2861 2856/2856/2856 2855/2855/2855
f 2881/2881/2881 2884/2884/2884 2857/2857/2857
f 2881/2881/2881 2857/2857/2857 2854/2854/2854
f 2858/2858/2858 2885/2885/2885 2893/2893/2893
f 2858/2858/2858 2893/2893/2893 2866/2866/2866
f 2910/2910/2910 2856/2856/2856 2863/2863/2863
f 2910/2910/2910 2863/2863/2863 2918/2918/2918
f 2886/2886/2886 2896/2896/2896 2869/2869/2869
f 2886/2886/2886 2869/2869/2869 2859/2859/2859
f 2929/2929/2929 2930/2930/2930 2909/2909/2909
f 2929/2929/2929 2909/2909/2909 2908/2908/2908
f 2902/2902/2902 2903/2903/2903 2882/2882/2882
f 2902/2902/2902 2882/2882/2882 2881/2881/2881
f 2855/2855/2855 2856/2856/2856 2877/2877/2877
f 2855/2855/2855 2877/2877/2877 2876/2876/2876
f 2907/2907/2907 2922/2922/2922 2868/2868/2868
f 2907/2907/2907 2868/2868/2868 2853/2853/2853
f 2866/2866/2866 2867/2867/2867 2862/2862/2862
f 2866/2866/2866 2862/2862/2862 2858/2858/2858
f 2899/2899/2899 2902/2902/2902 2875/2875/2875
f 2899/2899/2899 2875/2875/2875 2872/2872/2872
f 2852/2852/2852 2853/2853/2853 2868/2868/2868
f 2852/2852/2852 2868/2868/2868 2867/2867/2867
f 2922/2922/2922 2917/2917/2917 2864/2864/2864
f 2922/2922/2922 2864/2864/2864 2868/2868/2868
f 2851/2851/2851 2852/2852/2852 2867/2867/2867
f 2851/2851/2851 2867/2867/2867 2866/2866/2866
f 2865/2865/2865 2860/2860/2860 2870/2870/2870
f 2865/2865/2865 2870/2870/2870 2871/2871/2871
f 2899/2899/2899 2900/2900/2900 2903/2903/2903
f 2899/2899/2899 2903/2903/2903 2902/2902/2902
f 2860/2860/2860 2859/2859/2859 2869/2869/2869
f 2860/2860/2860 2869/2869/2869 2870/2870/2870
f 2871/2871/2871 2925/2925/2925 2919/2919/2919
f 2871/2871/2871 2919/2919/2919 2865/2865/2865
f 2899/2899/2899 2872/2872/2872 2851/2851/2851
f 2899/2899/2899 2851/2851/2851 2878/2878/2878
f 2873/2873/2873 2852/2852/2852 2851/2851/2851
f 2873/2873/2873 2851/2851/2851 2872/2872/2872
f 2874/2874/2874 2853/2853/2853 2852/2852/2852
f 2874/2874/2874 2852/2852/2852 2873/2873/2873
f 2854/2854/2854 2855/2855/2855 2876/2876/2876
f 2854/2854/2854 2876/2876/2876 2875/2875/2875
f 2928/2928/2928 2907/2907/2907 2853/2853/2853
f 2928/2928/2928 2853/2853/2853 2874/2874/2874
f 2920/2920/2920 2905/2905/2905 2932/2932/2932
f 2920/2920/2920 2932/2932/2932 2947/2947/2947
f 2900/2900/2900 2901/2901/2901 2904/2904/2904
f 2900/2900/2900 2904/2904/2904 2903/2903/2903
f 2926/2926/2926 2927/2927/2927 2930/2930/2930
f 2926/2926/2926 2930/2930/2930 2929/2929/2929
f 2296/2296/2296 2295/2295/2295 2298/2298/2298
f 2296/2296/2296 2298/2298/2298 2299/2299/2299
f 2893/2893/2893 2894/2894/2894 2879/2879/2879
f 2893/2893/2893 2879/2879/2879 2878/2878/2878
f 2937/2937/2937 2946/2946/2946 2890/2890/2890
f 2937/2937/2937 2890/2890/2890 2883/2883/2883
f 2875/2875/2875 2902/2902/2902 2881/2881/2881
f 2875/2875/2875 2881/2881/2881 2854/2854/2854
f 2929/2929/2929 2908/2908/2908 2935/2935/2935
f 2929/2929/2929 2935/2935/2935 2956/2956/2956
f 2934/2934/2934 2880/2880/2880 2895/2895/2895
f 2934/2934/2934 2895/2895/2895 2949/2949/2949
f 2912/2912/2912 2920/2920/2920 2947/2947/2947
f 2912/2912/2912 2947/2947/2947 2940/2940/2940
f 2903/2903/2903 2904/2904/2904 2883/2883/2883
f 2903/2903/2903 2883/2883/2883 2882/2882/2882
f 2885/2885/2885 2888/2888/2888 2894/2894/2894
f 2885/2885/2885 2894/2894/2894 2893/2893/2893
f 2888/2888/2888 2891/2891/2891 2895/2895/2895
f 2888/2888/2888 2895/2895/2895 2894/2894/2894
f 2949/2949/2949 2895/2895/2895 2891/2891/2891
f 2949/2949/2949 2891/2891/2891 2945/2945/2945
f 2882/2882/2882 2887/2887/2887 2884/2884/2884
f 2882/2882/2882 2884/2884/2884 2881/2881/2881
f 2894/2894/2894 2895/2895/2895 2880/2880/2880
f 2894/2894/2894 2880/2880/2880 2879/2879/2879
f 2887/2887/2887 2882/2882/2882 2883/2883/2883
f 2887/2887/2887 2883/2883/2883 2890/2890/2890
f 2889/2889/2889 2897/2897/2897 2896/2896/2896
f 2889/2889/2889 2896/2896/2896 2886/2886/2886
f 2892/2892/2892 2898/2898/2898 2897/2897/2897
f 2892/2892/2892 2897/2897/2897 2889/2889/2889
f 2892/2892/2892 2944/2944/2944 2952/2952/2952
f 2892/2892/2892 2952/2952/2952 2898/2898/2898
f 2900/2900/2900 2899/2899/2899 2878/2878/2878
f 2900/2900/2900 2878/2878/2878 2879/2879/2879
f 2901/2901/2901 2900/2900/2900 2879/2879/2879
f 2901/2901/2901 2879/2879/2879 2880/2880/2880
f 2901/2901/2901 2880/2880/2880 2934/2934/2934
f 2901/2901/2901 2934/2934/2934 2955/2955/2955
f 2948/2948/2948 2949/2949/2949 2945/2945/2945
f 2948/2948/2948 2945/2945/2945 2941/2941/2941
f 2927/2927/2927 2928/2928/2928 2931/2931/2931
f 2927/2927/2927 2931/2931/2931 2930/2930/2930
f 2928/2928/2928 2874/2874/2874 2877/2877/2877
f 2928/2928/2928 2877/2877/2877 2931/2931/2931
f 2920/2920/2920 2921/2921/2921 2906/2906/2906
f 2920/2920/2920 2906/2906/2906 2905/2905/2905
f 2913/2913/2913 2939/2939/2939 2935/2935/2935
f 2913/2913/2913 2935/2935/2935 2908/2908/2908
f 2911/2911/2911 2923/2923/2923 2950/2950/2950
f 2911/2911/2911 2950/2950/2950 2938/2938/2938
f 2935/2935/2935 2936/2936/2936 2957/2957/2957
f 2935/2935/2935 2957/2957/2957 2956/2956/2956
f 2954/2954/2954 2953/2953/2953 2956/2956/2956
f 2954/2954/2954 2956/2956/2956 2957/2957/2957
f 2936/2936/2936 2935/2935/2935 2939/2939/2939
f 2936/2936/2936 2939/2939/2939 2943/2943/2943
f 2931/2931/2931 2877/2877/2877 2856/2856/2856
f 2931/2931/2931 2856/2856/2856 2910/2910/2910
f 2930/2930/2930 2931/2931/2931 2910/2910/2910
f 2930/2930/2930 2910/2910/2910 2909/2909/2909
f 2912/2912/2912 2915/2915/2915 2921/2921/2921
f 2912/2912/2912 2921/2921/2921 2920/2920/2920
f 2915/2915/2915 2917/2917/2917 2922/2922/2922
f 2915/2915/2915 2922/2922/2922 2921/2921/2921
f 2909/2909/2909 2916/2916/2916 2913/2913/2913
f 2909/2909/2909 2913/2913/2913 2908/2908/2908
f 2921/2921/2921 2922/2922/2922 2907/2907/2907
f 2921/2921/2921 2907/2907/2907 2906/2906/2906
f 2916/2916/2916 2909/2909/2909 2910/2910/2910
f 2916/2916/2916 2910/2910/2910 2918/2918/2918
f 2914/2914/2914 2924/2924/2924 2923/2923/2923
f 2914/2914/2914 2923/2923/2923 2911/2911/2911
f 2919/2919/2919 2925/2925/2925 2924/2924/2924
f 2919/2919/2919 2924/2924/2924 2914/2914/2914
f 2926/2926/2926 2953/2953/2953 2932/2932/2932
f 2926/2926/2926 2932/2932/2932 2905/2905/2905
f 2927/2927/2927 2926/2926/2926 2905/2905/2905
f 2927/2927/2927 2905/2905/2905 2906/2906/2906
f 2928/2928/2928 2927/2927/2927 2906/2906/2906
f 2928/2928/2928 2906/2906/2906 2907/2907/2907
f 2955/2955/2955 2954/2954/2954 2957/2957/2957
f 2955/2955/2955 2957/2957/2957 2958/2958/2958
f 3295/3295/3295 3296/3296/3296 3344/3344/3344
f 3295/3295/3295 3344/3344/3344 3343/3343/3343
f 2943/2943/2943 2946/2946/2946 2937/2937/2937
f 2943/2943/2943 2937/2937/2937 2936/2936/2936
f 2947/2947/2947 2948/2948/2948 2941/2941/2941
f 2947/2947/2947 2941/2941/2941 2940/2940/2940
f 2904/2904/2904 2958/2958/2958 2937/2937/2937
f 2904/2904/2904 2937/2937/2937 2883/2883/2883
f 2936/2936/2936 2937/2937/2937 2958/2958/2958
f 2936/2936/2936 2958/2958/2958 2957/2957/2957
f 2942/2942/2942 2938/2938/2938 2950/2950/2950
f 2942/2942/2942 2950/2950/2950 2951/2951/2951
f 2901/2901/2901 2955/2955/2955 2958/2958/2958
f 2901/2901/2901 2958/2958/2958 2904/2904/2904
f 2933/2933/2933 2934/2934/2934 2949/2949/2949
f 2933/2933/2933 2949/2949/2949 2948/2948/2948
f 2932/2932/2932 2933/2933/2933 2948/2948/2948
f 2932/2932/2932 2948/2948/2948 2947/2947/2947
f 2944/2944/2944 2942/2942/2942 2951/2951/2951
f 2944/2944/2944 2951/2951/2951 2952/2952/2952
f 2954/2954/2954 2933/2933/2933 2932/2932/2932
f 2954/2954/2954 2932/2932/2932 2953/2953/2953
f 2955/2955/2955 2934/2934/2934 2933/2933/2933
f 2955/2955/2955 2933/2933/2933 2954/2954/2954
f 3080/3080/3080 3076/3076/3076 3083/3083/3083
f 3080/3080/3080 3083/3083/3083 3084/3084/3084
f 2967/2967/2967 2963/2963/2963 2960/2960/2960
f 2967/2967/2967 2960/2960/2960 2965/2965/2965
f 2965/2965/2965 2962/2962/2962 2964/2964/2964
f 2965/2965/2965 2964/2964/2964 2967/2967/2967
f 3194/3194/3194 3196/3196/3196 3193/3193/3193
f 3194/3194/3194 3193/3193/3193 3195/3195/3195
f 3010/3010/3010 3011/3011/3011 3005/3005/3005
f 3010/3010/3010 3005/3005/3005 3003/3003/3003
f 2989/2989/2989 2992/2992/2992 3019/3019/3019
f 2989/2989/2989 3019/3019/3019 3016/3016/3016
f 3070/3070/3070 3073/3073/3073 3046/3046/3046
f 3070/3070/3070 3046/3046/3046 3043/3043/3043
f 2974/2974/2974 2971/2971/2971 2972/2972/2972
f 2974/2974/2974 2972/2972/2972 2977/2977/2977
f 2968/2968/2968 2995/2995/2995 3010/3010/3010
f 2968/2968/2968 3010/3010/3010 2983/2983/2983
f 2974/2974/2974 3001/3001/3001 2998/2998/2998
f 2974/2974/2974 2998/2998/2998 2971/2971/2971
f 3027/3027/3027 3034/3034/3034 2980/2980/2980
f 3027/3027/3027 2980/2980/2980 2973/2973/2973
f 2983/2983/2983 3010/3010/3010 3003/3003/3003
f 2983/2983/2983 3003/3003/3003 2975/2975/2975
f 2993/2993/2993 2994/2994/2994 2973/2973/2973
f 2993/2993/2993 2973/2973/2973 2972/2972/2972
f 2993/2993/2993 2972/2972/2972 2971/2971/2971
f 2993/2993/2993 2971/2971/2971 2992/2992/2992
f 3025/3025/3025 3026/3026/3026 3047/3047/3047
f 3025/3025/3025 3047/3047/3047 3046/3046/3046
f 2998/2998/2998 2999/2999/2999 3020/3020/3020
f 2998/2998/2998 3020/3020/3020 3019/3019/3019
f 3024/3024/3024 2970/2970/2970 2985/2985/2985
f 3024/3024/3024 2985/2985/2985 3039/3039/3039
f 2968/2968/2968 2983/2983/2983 2984/2984/2984
f 2968/2968/2968 2984/2984/2984 2969/2969/2969
f 3004/3004/3004 3002/3002/3002 3013/3013/3013
f 3004/3004/3004 3013/3013/3013 3014/3014/3014
f 2990/2990/2990 2991/2991/2991 2994/2994/2994
f 2990/2990/2990 2994/2994/2994 2993/2993/2993
f 2978/2978/2978 2981/2981/2981 2985/2985/2985
f 2978/2978/2978 2985/2985/2985 2984/2984/2984
f 3039/3039/3039 2985/2985/2985 2981/2981/2981
f 3039/3039/3039 2981/2981/2981 3035/3035/3035
f 2979/2979/2979 2987/2987/2987 2986/2986/2986
f 2979/2979/2979 2986/2986/2986 2976/2976/2976
f 2984/2984/2984 2985/2985/2985 2970/2970/2970
f 2984/2984/2984 2970/2970/2970 2969/2969/2969
f 2977/2977/2977 2972/2972/2972 2973/2973/2973
f 2977/2977/2977 2973/2973/2973 2980/2980/2980
f 3002/3002/3002 2976/2976/2976 2986/2986/2986
f 3002/3002/3002 2986/2986/2986 3013/3013/3013
f 2982/2982/2982 2988/2988/2988 2987/2987/2987
f 2982/2982/2982 2987/2987/2987 2979/2979/2979
f 2982/2982/2982 3036/3036/3036 3042/3042/3042
f 2982/2982/2982 3042/3042/3042 2988/2988/2988
f 3017/3017/3017 3016/3016/3016 3019/3019/3019
f 3017/3017/3017 3019/3019/3019 3020/3020/3020
f 3016/3016/3016 2995/2995/2995 2968/2968/2968
f 3016/3016/3016 2968/2968/2968 2989/2989/2989
f 2990/2990/2990 2989/2989/2989 2968/2968/2968
f 2990/2990/2990 2968/2968/2968 2969/2969/2969
f 2991/2991/2991 2990/2990/2990 2969/2969/2969
f 2991/2991/2991 2969/2969/2969 2970/2970/2970
f 2991/2991/2991 2970/2970/2970 3024/3024/3024
f 2991/2991/2991 3024/3024/3024 3045/3045/3045
f 3037/3037/3037 3038/3038/3038 3032/3032/3032
f 3037/3037/3037 3032/3032/3032 3028/3028/3028
f 3044/3044/3044 3043/3043/3043 3046/3046/3046
f 3044/3044/3044 3046/3046/3046 3047/3047/3047
f 2999/2999/2999 2998/2998/2998 3001/3001/3001
f 2999/2999/2999 3001/3001/3001 3006/3006/3006
f 3054/3054/3054 3000/3000/3000 3007/3007/3007
f 3054/3054/3054 3007/3007/3007 3061/3061/3061
f 2995/2995/2995 2996/2996/2996 3011/3011/3011
f 2995/2995/2995 3011/3011/3011 3010/3010/3010
f 3021/3021/3021 3020/3020/3020 2999/2999/2999
f 3021/3021/3021 2999/2999/2999 3000/3000/3000
f 2971/2971/2971 2998/2998/2998 3019/3019/3019
f 2971/2971/2971 3019/3019/3019 2992/2992/2992
f 3073/3073/3073 3052/3052/3052 3025/3025/3025
f 3073/3073/3073 3025/3025/3025 3046/3046/3046
f 3051/3051/3051 3066/3066/3066 3012/3012/3012
f 3051/3051/3051 3012/3012/3012 2997/2997/2997
f 3033/3033/3033 3029/3029/3029 3040/3040/3040
f 3033/3033/3033 3040/3040/3040 3041/3041/3041
f 3018/3018/3018 3017/3017/3017 3020/3020/3020
f 3018/3018/3018 3020/3020/3020 3021/3021/3021
f 3011/3011/3011 3012/3012/3012 3009/3009/3009
f 3011/3011/3011 3009/3009/3009 3005/3005/3005
f 3066/3066/3066 3063/3063/3063 3009/3009/3009
f 3066/3066/3066 3009/3009/3009 3012/3012/3012
f 2996/2996/2996 2997/2997/2997 3012/3012/3012
f 2996/2996/2996 3012/3012/3012 3011/3011/3011
f 2999/2999/2999 3006/3006/3006 3007/3007/3007
f 2999/2999/2999 3007/3007/3007 3000/3000/3000
f 3008/3008/3008 3004/3004/3004 3014/3014/3014
f 3008/3008/3008 3014/3014/3014 3015/3015/3015
f 3015/3015/3015 3069/3069/3069 3062/3062/3062
f 3015/3015/3015 3062/3062/3062 3008/3008/3008
f 3017/3017/3017 2996/2996/2996 2995/2995/2995
f 3017/3017/3017 2995/2995/2995 3016/3016/3016
f 3018/3018/3018 2997/2997/2997 2996/2996/2996
f 3018/3018/3018 2996/2996/2996 3017/3017/3017
f 3072/3072/3072 3051/3051/3051 2997/2997/2997
f 3072/3072/3072 2997/2997/2997 3018/3018/3018
f 3057/3057/3057 3059/3059/3059 3065/3065/3065
f 3057/3057/3057 3065/3065/3065 3064/3064/3064
f 2991/2991/2991 3045/3045/3045 3048/3048/3048
f 2991/2991/2991 3048/3048/3048 2994/2994/2994
f 3026/3026/3026 3025/3025/3025 3030/3030/3030
f 3026/3026/3026 3030/3030/3030 3031/3031/3031
f 3037/3037/3037 3064/3064/3064 3049/3049/3049
f 3037/3037/3037 3049/3049/3049 3022/3022/3022
f 3025/3025/3025 3052/3052/3052 3055/3055/3055
f 3025/3025/3025 3055/3055/3055 3030/3030/3030
f 3028/3028/3028 3057/3057/3057 3064/3064/3064
f 3028/3028/3028 3064/3064/3064 3037/3037/3037
f 3048/3048/3048 3047/3047/3047 3026/3026/3026
f 3048/3048/3048 3026/3026/3026 3027/3027/3027
f 3074/3074/3074 3053/3053/3053 3052/3052/3052
f 3074/3074/3074 3052/3052/3052 3073/3073/3073
f 3056/3056/3056 3067/3067/3067 3040/3040/3040
f 3056/3056/3056 3040/3040/3040 3029/3029/3029
f 3022/3022/3022 3023/3023/3023 3038/3038/3038
f 3022/3022/3022 3038/3038/3038 3037/3037/3037
f 3058/3058/3058 3068/3068/3068 3067/3067/3067
f 3058/3058/3058 3067/3067/3067 3056/3056/3056
f 2994/2994/2994 3048/3048/3048 3027/3027/3027
f 2994/2994/2994 3027/3027/3027 2973/2973/2973
f 3045/3045/3045 3044/3044/3044 3047/3047/3047
f 3045/3045/3045 3047/3047/3047 3048/3048/3048
f 3038/3038/3038 3039/3039/3039 3035/3035/3035
f 3038/3038/3038 3035/3035/3035 3032/3032/3032
f 3023/3023/3023 3024/3024/3024 3039/3039/3039
f 3023/3023/3023 3039/3039/3039 3038/3038/3038
f 3026/3026/3026 3031/3031/3031 3034/3034/3034
f 3026/3026/3026 3034/3034/3034 3027/3027/3027
f 3036/3036/3036 3033/3033/3033 3041/3041/3041
f 3036/3036/3036 3041/3041/3041 3042/3042/3042
f 3071/3071/3071 3074/3074/3074 3073/3073/3073
f 3071/3071/3071 3073/3073/3073 3070/3070/3070
f 3070/3070/3070 3043/3043/3043 3022/3022/3022
f 3070/3070/3070 3022/3022/3022 3049/3049/3049
f 3044/3044/3044 3023/3023/3023 3022/3022/3022
f 3044/3044/3044 3022/3022/3022 3043/3043/3043
f 3045/3045/3045 3024/3024/3024 3023/3023/3023
f 3045/3045/3045 3023/3023/3023 3044/3044/3044
f 3439/3439/3439 3440/3440/3440 3392/3392/3392
f 3439/3439/3439 3392/3392/3392 3391/3391/3391
f 3072/3072/3072 3018/3018/3018 3021/3021/3021
f 3072/3072/3072 3021/3021/3021 3075/3075/3075
f 3053/3053/3053 3060/3060/3060 3055/3055/3055
f 3053/3053/3053 3055/3055/3055 3052/3052/3052
f 3049/3049/3049 3064/3064/3064 3065/3065/3065
f 3049/3049/3049 3065/3065/3065 3050/3050/3050
f 3074/3074/3074 3075/3075/3075 3054/3054/3054
f 3074/3074/3074 3054/3054/3054 3053/3053/3053
f 3071/3071/3071 3072/3072/3072 3075/3075/3075
f 3071/3071/3071 3075/3075/3075 3074/3074/3074
f 3075/3075/3075 3021/3021/3021 3000/3000/3000
f 3075/3075/3075 3000/3000/3000 3054/3054/3054
f 3059/3059/3059 3063/3063/3063 3066/3066/3066
f 3059/3059/3059 3066/3066/3066 3065/3065/3065
f 3065/3065/3065 3066/3066/3066 3051/3051/3051
f 3065/3065/3065 3051/3051/3051 3050/3050/3050
f 3060/3060/3060 3053/3053/3053 3054/3054/3054
f 3060/3060/3060 3054/3054/3054 3061/3061/3061
f 3062/3062/3062 3069/3069/3069 3068/3068/3068
f 3062/3062/3062 3068/3068/3068 3058/3058/3058
f 3071/3071/3071 3070/3070/3070 3049/3049/3049
f 3071/3071/3071 3049/3049/3049 3050/3050/3050
f 3072/3072/3072 3071/3071/3071 3050/3050/3050
f 3072/3072/3072 3050/3050/3050 3051/3051/3051
f 3077/3077/3077 3080/3080/3080 3084/3084/3084
f 3077/3077/3077 3084/3084/3084 3082/3082/3082
f 3081/3081/3081 3079/3079/3079 3082/3082/3082
f 3081/3081/3081 3082/3082/3082 3084/3084/3084
f 3122/3122/3122 3125/3125/3125 3129/3129/3129
f 3122/3122/3122 3129/3129/3129 3128/3128/3128
f 3108/3108/3108 3107/3107/3107 3110/3110/3110
f 3108/3108/3108 3110/3110/3110 3111/3111/3111
f 3106/3106/3106 3133/3133/3133 3136/3136/3136
f 3106/3106/3106 3136/3136/3136 3109/3109/3109
f 3163/3163/3163 3190/3190/3190 3187/3187/3187
f 3163/3163/3163 3187/3187/3187 3160/3160/3160
f 3085/3085/3085 3086/3086/3086 3101/3101/3101
f 3085/3085/3085 3101/3101/3101 3100/3100/3100
f 3088/3088/3088 3115/3115/3115 3118/3118/3118
f 3088/3088/3088 3118/3118/3118 3092/3092/3092
f 3100/3100/3100 3093/3093/3093 3119/3119/3119
f 3100/3100/3100 3119/3119/3119 3127/3127/3127
f 3144/3144/3144 3090/3090/3090 3098/3098/3098
f 3144/3144/3144 3098/3098/3098 3152/3152/3152
f 3091/3091/3091 3120/3120/3120 3130/3130/3130
f 3091/3091/3091 3130/3130/3130 3103/3103/3103
f 3110/3110/3110 3109/3109/3109 3088/3088/3088
f 3110/3110/3110 3088/3088/3088 3089/3089/3089
f 3164/3164/3164 3143/3143/3143 3142/3142/3142
f 3164/3164/3164 3142/3142/3142 3163/3163/3163
f 3137/3137/3137 3116/3116/3116 3115/3115/3115
f 3137/3137/3137 3115/3115/3115 3136/3136/3136
f 3141/3141/3141 3156/3156/3156 3102/3102/3102
f 3141/3141/3141 3102/3102/3102 3087/3087/3087
f 3116/3116/3116 3121/3121/3121 3118/3118/3118
f 3116/3116/3116 3118/3118/3118 3115/3115/3115
f 3111/3111/3111 3110/3110/3110 3089/3089/3089
f 3111/3111/3111 3089/3089/3089 3090/3090/3090
f 3133/3133/3133 3134/3134/3134 3137/3137/3137
f 3133/3133/3133 3137/3137/3137 3136/3136/3136
f 3100/3100/3100 3101/3101/3101 3096/3096/3096
f 3100/3100/3100 3096/3096/3096 3093/3093/3093
f 3101/3101/3101 3102/3102/3102 3097/3097/3097
f 3101/3101/3101 3097/3097/3097 3096/3096/3096
f 3156/3156/3156 3151/3151/3151 3097/3097/3097
f 3156/3156/3156 3097/3097/3097 3102/3102/3102
f 3089/3089/3089 3088/3088/3088 3092/3092/3092
f 3089/3089/3089 3092/3092/3092 3094/3094/3094
f 3086/3086/3086 3087/3087/3087 3102/3102/3102
f 3086/3086/3086 3102/3102/3102 3101/3101/3101
f 3089/3089/3089 3094/3094/3094 3098/3098/3098
f 3089/3089/3089 3098/3098/3098 3090/3090/3090
f 3095/3095/3095 3091/3091/3091 3103/3103/3103
f 3095/3095/3095 3103/3103/3103 3104/3104/3104
f 3099/3099/3099 3095/3095/3095 3104/3104/3104
f 3099/3099/3099 3104/3104/3104 3105/3105/3105
f 3105/3105/3105 3159/3159/3159 3153/3153/3153
f 3105/3105/3105 3153/3153/3153 3099/3099/3099
f 3106/3106/3106 3085/3085/3085 3112/3112/3112
f 3106/3106/3106 3112/3112/3112 3133/3133/3133
f 3107/3107/3107 3086/3086/3086 3085/3085/3085
f 3107/3107/3107 3085/3085/3085 3106/3106/3106
f 3108/3108/3108 3087/3087/3087 3086/3086/3086
f 3108/3108/3108 3086/3086/3086 3107/3107/3107
f 3162/3162/3162 3141/3141/3141 3087/3087/3087
f 3162/3162/3162 3087/3087/3087 3108/3108/3108
f 3134/3134/3134 3135/3135/3135 3138/3138/3138
f 3134/3134/3134 3138/3138/3138 3137/3137/3137
f 3150/3150/3150 3151/3151/3151 3156/3156/3156
f 3150/3150/3150 3156/3156/3156 3155/3155/3155
f 3463/3463/3463 3391/3391/3391 3392/3392/3392
f 3463/3463/3463 3392/3392/3392 3464/3464/3464
f 3116/3116/3116 3117/3117/3117 3124/3124/3124
f 3116/3116/3116 3124/3124/3124 3121/3121/3121
f 3171/3171/3171 3179/3179/3179 3124/3124/3124
f 3171/3171/3171 3124/3124/3124 3117/3117/3117
f 3119/3119/3119 3122/3122/3122 3128/3128/3128
f 3119/3119/3119 3128/3128/3128 3127/3127/3127
f 3190/3190/3190 3163/3163/3163 3142/3142/3142
f 3190/3190/3190 3142/3142/3142 3169/3169/3169
f 3138/3138/3138 3117/3117/3117 3116/3116/3116
f 3138/3138/3138 3116/3116/3116 3137/3137/3137
f 3168/3168/3168 3114/3114/3114 3129/3129/3129
f 3168/3168/3168 3129/3129/3129 3183/3183/3183
f 3143/3143/3143 3149/3149/3149 3147/3147/3147
f 3143/3143/3143 3147/3147/3147 3142/3142/3142
f 3160/3160/3160 3161/3161/3161 3164/3164/3164
f 3160/3160/3160 3164/3164/3164 3163/3163/3163
f 3128/3128/3128 3129/3129/3129 3114/3114/3114
f 3128/3128/3128 3114/3114/3114 3113/3113/3113
f 3183/3183/3183 3129/3129/3129 3125/3125/3125
f 3183/3183/3183 3125/3125/3125 3178/3178/3178
f 3112/3112/3112 3127/3127/3127 3128/3128/3128
f 3112/3112/3112 3128/3128/3128 3113/3113/3113
f 3126/3126/3126 3132/3132/3132 3131/3131/3131
f 3126/3126/3126 3131/3131/3131 3123/3123/3123
f 3123/3123/3123 3131/3131/3131 3130/3130/3130
f 3123/3123/3123 3130/3130/3130 3120/3120/3120
f 3126/3126/3126 3180/3180/3180 3186/3186/3186
f 3126/3126/3126 3186/3186/3186 3132/3132/3132
f 3134/3134/3134 3133/3133/3133 3112/3112/3112
f 3134/3134/3134 3112/3112/3112 3113/3113/3113
f 3135/3135/3135 3134/3134/3134 3113/3113/3113
f 3135/3135/3135 3113/3113/3113 3114/3114/3114
f 3109/3109/3109 3136/3136/3136 3115/3115/3115
f 3109/3109/3109 3115/3115/3115 3088/3088/3088
f 3135/3135/3135 3114/3114/3114 3168/3168/3168
f 3135/3135/3135 3168/3168/3168 3189/3189/3189
f 3161/3161/3161 3162/3162/3162 3165/3165/3165
f 3161/3161/3161 3165/3165/3165 3164/3164/3164
f 3139/3139/3139 3166/3166/3166 3181/3181/3181
f 3139/3139/3139 3181/3181/3181 3154/3154/3154
f 3143/3143/3143 3144/3144/3144 3152/3152/3152
f 3143/3143/3143 3152/3152/3152 3149/3149/3149
f 3169/3169/3169 3142/3142/3142 3147/3147/3147
f 3169/3169/3169 3147/3147/3147 3173/3173/3173
f 3154/3154/3154 3181/3181/3181 3172/3172/3172
f 3154/3154/3154 3172/3172/3172 3146/3146/3146
f 3174/3174/3174 3145/3145/3145 3157/3157/3157
f 3174/3174/3174 3157/3157/3157 3184/3184/3184
f 3165/3165/3165 3111/3111/3111 3090/3090/3090
f 3165/3165/3165 3090/3090/3090 3144/3144/3144
f 3191/3191/3191 3190/3190/3190 3169/3169/3169
f 3191/3191/3191 3169/3169/3169 3170/3170/3170
f 3165/3165/3165 3144/3144/3144 3143/3143/3143
f 3165/3165/3165 3143/3143/3143 3164/3164/3164
f 3188/3188/3188 3187/3187/3187 3190/3190/3190
f 3188/3188/3188 3190/3190/3190 3191/3191/3191
f 3146/3146/3146 3150/3150/3150 3155/3155/3155
f 3146/3146/3146 3155/3155/3155 3154/3154/3154
f 3162/3162/3162 3108/3108/3108 3111/3111/3111
f 3162/3162/3162 3111/3111/3111 3165/3165/3165
f 3155/3155/3155 3156/3156/3156 3141/3141/3141
f 3155/3155/3155 3141/3141/3141 3140/3140/3140
f 3139/3139/3139 3154/3154/3154 3155/3155/3155
f 3139/3139/3139 3155/3155/3155 3140/3140/3140
f 3153/3153/3153 3159/3159/3159 3158/3158/3158
f 3153/3153/3153 3158/3158/3158 3148/3148/3148
f 3148/3148/3148 3158/3158/3158 3157/3157/3157
f 3148/3148/3148 3157/3157/3157 3145/3145/3145
f 3187/3187/3187 3166/3166/3166 3139/3139/3139
f 3187/3187/3187 3139/3139/3139 3160/3160/3160
f 3161/3161/3161 3160/3160/3160 3139/3139/3139
f 3161/3161/3161 3139/3139/3139 3140/3140/3140
f 3162/3162/3162 3161/3161/3161 3140/3140/3140
f 3162/3162/3162 3140/3140/3140 3141/3141/3141
f 2632/2632/2632 2633/2633/2633 2628/2628/2628
f 2632/2632/2632 2628/2628/2628 2625/2625/2625
f 3189/3189/3189 3188/3188/3188 3191/3191/3191
f 3189/3189/3189 3191/3191/3191 3192/3192/3192
f 3135/3135/3135 3189/3189/3189 3192/3192/3192
f 3135/3135/3135 3192/3192/3192 3138/3138/3138
f 3166/3166/3166 3167/3167/3167 3182/3182/3182
f 3166/3166/3166 3182/3182/3182 3181/3181/3181
f 3138/3138/3138 3192/3192/3192 3171/3171/3171
f 3138/3138/3138 3171/3171/3171 3117/3117/3117
f 3192/3192/3192 3191/3191/3191 3170/3170/3170
f 3192/3192/3192 3170/3170/3170 3171/3171/3171
f 3181/3181/3181 3182/3182/3182 3175/3175/3175
f 3181/3181/3181 3175/3175/3175 3172/3172/3172
f 3182/3182/3182 3183/3183/3183 3178/3178/3178
f 3182/3182/3182 3178/3178/3178 3175/3175/3175
f 3170/3170/3170 3169/3169/3169 3173/3173/3173
f 3170/3170/3170 3173/3173/3173 3177/3177/3177
f 3167/3167/3167 3168/3168/3168 3183/3183/3183
f 3167/3167/3167 3183/3183/3183 3182/3182/3182
f 3170/3170/3170 3177/3177/3177 3179/3179/3179
f 3170/3170/3170 3179/3179/3179 3171/3171/3171
f 3176/3176/3176 3174/3174/3174 3184/3184/3184
f 3176/3176/3176 3184/3184/3184 3185/3185/3185
f 3180/3180/3180 3176/3176/3176 3185/3185/3185
f 3180/3180/3180 3185/3185/3185 3186/3186/3186
f 3188/3188/3188 3167/3167/3167 3166/3166/3166
f 3188/3188/3188 3166/3166/3166 3187/3187/3187
f 3189/3189/3189 3168/3168/3168 3167/3167/3167
f 3189/3189/3189 3167/3167/3167 3188/3188/3188
f 3279/3279/3279 3281/3281/3281 3284/3284/3284
f 3279/3279/3279 3284/3284/3284 3280/3280/3280
f 2051/2051/2051 2049/2049/2049 2047/2047/2047
f 2051/2051/2051 2047/2047/2047 2048/2048/2048
f 3219/3219/3219 3271/3271/3271 3272/3272/3272
f 3219/3219/3219 3272/3272/3272 3223/3223/3223
f 3270/3270/3270 3269/3269/3269 3259/3259/3259
f 3270/3270/3270 3259/3259/3259 3260/3260/3260
f 3230/3230/3230 3227/3227/3227 3273/3273/3273
f 3230/3230/3230 3273/3273/3273 3274/3274/3274
f 3272/3272/3272 3271/3271/3271 3261/3261/3261
f 3272/3272/3272 3261/3261/3261 3262/3262/3262
f 3274/3274/3274 3275/3275/3275 3233/3233/3233
f 3274/3274/3274 3233/3233/3233 3230/3230/3230
f 3236/3236/3236 3276/3276/3276 3267/3267/3267
f 3236/3236/3236 3267/3267/3267 3207/3207/3207
f 3275/3275/3275 3274/3274/3274 3264/3264/3264
f 3275/3275/3275 3264/3264/3264 3265/3265/3265
f 3258/3258/3258 3257/3257/3257 3197/3197/3197
f 3258/3258/3258 3197/3197/3197 3198/3198/3198
f 3262/3262/3262 3261/3261/3261 3201/3201/3201
f 3262/3262/3262 3201/3201/3201 3202/3202/3202
f 3242/3242/3242 3243/3243/3243 3203/3203/3203
f 3242/3242/3242 3203/3203/3203 3202/3202/3202
f 3238/3238/3238 3239/3239/3239 3199/3199/3199
f 3238/3238/3238 3199/3199/3199 3198/3198/3198
f 3205/3205/3205 3245/3245/3245 3246/3246/3246
f 3205/3205/3205 3246/3246/3246 3206/3206/3206
f 3210/3210/3210 3268/3268/3268 3269/3269/3269
f 3210/3210/3210 3269/3269/3269 3213/3213/3213
f 3261/3261/3261 3260/3260/3260 3200/3200/3200
f 3261/3261/3261 3200/3200/3200 3201/3201/3201
f 3264/3264/3264 3263/3263/3263 3203/3203/3203
f 3264/3264/3264 3203/3203/3203 3204/3204/3204
f 3219/3219/3219 3217/3217/3217 3270/3270/3270
f 3219/3219/3219 3270/3270/3270 3271/3271/3271
f 3225/3225/3225 3253/3253/3253 3252/3252/3252
f 3225/3225/3225 3252/3252/3252 3222/3222/3222
f 3263/3263/3263 3262/3262/3262 3202/3202/3202
f 3263/3263/3263 3202/3202/3202 3203/3203/3203
f 3212/3212/3212 3214/3214/3214 3239/3239/3239
f 3212/3212/3212 3239/3239/3239 3238/3238/3238
f 3265/3265/3265 3264/3264/3264 3204/3204/3204
f 3265/3265/3265 3204/3204/3204 3205/3205/3205
f 3197/3197/3197 3237/3237/3237 3238/3238/3238
f 3197/3197/3197 3238/3238/3238 3198/3198/3198
f 3257/3257/3257 3266/3266/3266 3206/3206/3206
f 3257/3257/3257 3206/3206/3206 3197/3197/3197
f 3201/3201/3201 3241/3241/3241 3242/3242/3242
f 3201/3201/3201 3242/3242/3242 3202/3202/3202
f 3266/3266/3266 3265/3265/3265 3205/3205/3205
f 3266/3266/3266 3205/3205/3205 3206/3206/3206
f 3236/3236/3236 3233/3233/3233 3275/3275/3275
f 3236/3236/3236 3275/3275/3275 3276/3276/3276
f 3234/3234/3234 3256/3256/3256 3255/3255/3255
f 3234/3234/3234 3255/3255/3255 3231/3231/3231
f 3269/3269/3269 3270/3270/3270 3217/3217/3217
f 3269/3269/3269 3217/3217/3217 3213/3213/3213
f 3240/3240/3240 3241/3241/3241 3201/3201/3201
f 3240/3240/3240 3201/3201/3201 3200/3200/3200
f 3258/3258/3258 3198/3198/3198 3199/3199/3199
f 3258/3258/3258 3199/3199/3199 3259/3259/3259
f 3243/3243/3243 3244/3244/3244 3204/3204/3204
f 3243/3243/3243 3204/3204/3204 3203/3203/3203
f 3209/3209/3209 3212/3212/3212 3238/3238/3238
f 3209/3209/3209 3238/3238/3238 3237/3237/3237
f 3266/3266/3266 3257/3257/3257 3267/3267/3267
f 3266/3266/3266 3267/3267/3267 3276/3276/3276
f 3276/3276/3276 3275/3275/3275 3265/3265/3265
f 3276/3276/3276 3265/3265/3265 3266/3266/3266
f 3274/3274/3274 3273/3273/3273 3263/3263/3263
f 3274/3274/3274 3263/3263/3263 3264/3264/3264
f 3273/3273/3273 3272/3272/3272 3262/3262/3262
f 3273/3273/3273 3262/3262/3262 3263/3263/3263
f 3227/3227/3227 3223/3223/3223 3272/3272/3272
f 3227/3227/3227 3272/3272/3272 3273/3273/3273
f 3271/3271/3271 3270/3270/3270 3260/3260/3260
f 3271/3271/3271 3260/3260/3260 3261/3261/3261
f 3269/3269/3269 3268/3268/3268 3258/3258/3258
f 3269/3269/3269 3258/3258/3258 3259/3259/3259
f 3216/3216/3216 3220/3220/3220 3241/3241/3241
f 3216/3216/3216 3241/3241/3241 3240/3240/3240
f 3214/3214/3214 3216/3216/3216 3240/3240/3240
f 3214/3214/3214 3240/3240/3240 3239/3239/3239
f 3224/3224/3224 3226/3226/3226 3243/3243/3243
f 3224/3224/3224 3243/3243/3243 3242/3242/3242
f 3220/3220/3220 3224/3224/3224 3242/3242/3242
f 3220/3220/3220 3242/3242/3242 3241/3241/3241
f 3226/3226/3226 3229/3229/3229 3244/3244/3244
f 3226/3226/3226 3244/3244/3244 3243/3243/3243
f 3232/3232/3232 3235/3235/3235 3246/3246/3246
f 3232/3232/3232 3246/3246/3246 3245/3245/3245
f 3229/3229/3229 3232/3232/3232 3245/3245/3245
f 3229/3229/3229 3245/3245/3245 3244/3244/3244
f 3235/3235/3235 3209/3209/3209 3237/3237/3237
f 3235/3235/3235 3237/3237/3237 3246/3246/3246
f 3239/3239/3239 3240/3240/3240 3200/3200/3200
f 3239/3239/3239 3200/3200/3200 3199/3199/3199
f 3244/3244/3244 3245/3245/3245 3205/3205/3205
f 3244/3244/3244 3205/3205/3205 3204/3204/3204
f 3222/3222/3222 3252/3252/3252 3251/3251/3251
f 3222/3222/3222 3251/3251/3251 3221/3221/3221
f 3228/3228/3228 3254/3254/3254 3253/3253/3253
f 3228/3228/3228 3253/3253/3253 3225/3225/3225
f 3211/3211/3211 3248/3248/3248 3247/3247/3247
f 3211/3211/3211 3247/3247/3247 3208/3208/3208
f 3234/3234/3234 3208/3208/3208 3247/3247/3247
f 3234/3234/3234 3247/3247/3247 3256/3256/3256
f 3248/3248/3248 3211/3211/3211 3215/3215/3215
f 3248/3248/3248 3215/3215/3215 3249/3249/3249
f 3218/3218/3218 3221/3221/3221 3251/3251/3251
f 3218/3218/3218 3251/3251/3251 3250/3250/3250
f 3218/3218/3218 3250/3250/3250 3249/3249/3249
f 3218/3218/3218 3249/3249/3249 3215/3215/3215
f 3260/3260/3260 3259/3259/3259 3199/3199/3199
f 3260/3260/3260 3199/3199/3199 3200/3200/3200
f 3231/3231/3231 3255/3255/3255 3254/3254/3254
f 3231/3231/3231 3254/3254/3254 3228/3228/3228
f 3268/3268/3268 3267/3267/3267 3257/3257/3257
f 3268/3268/3268 3257/3257/3257 3258/3258/3258
f 3389/3389/3389 3387/3387/3387 3385/3385/3385
f 3389/3389/3389 3385/3385/3385 3386/3386/3386
f 3385/3385/3385 3381/3381/3381 3383/3383/3383
f 3385/3385/3385 3383/3383/3383 3386/3386/3386
f 3315/3315/3315 3375/3375/3375 3374/3374/3374
f 3315/3315/3315 3374/3374/3374 3313/3313/3313
f 3370/3370/3370 3371/3371/3371 3359/3359/3359
f 3370/3370/3370 3359/3359/3359 3358/3358/3358
f 3371/3371/3371 3372/3372/3372 3360/3360/3360
f 3371/3371/3371 3360/3360/3360 3359/3359/3359
f 3372/3372/3372 3373/3373/3373 3361/3361/3361
f 3372/3372/3372 3361/3361/3361 3360/3360/3360
f 3320/3320/3320 3323/3323/3323 3377/3377/3377
f 3320/3320/3320 3377/3377/3377 3376/3376/3376
f 3374/3374/3374 3375/3375/3375 3363/3363/3363
f 3374/3374/3374 3363/3363/3363 3362/3362/3362
f 3297/3297/3297 3369/3369/3369 3380/3380/3380
f 3297/3297/3297 3380/3380/3380 3331/3331/3331
f 3376/3376/3376 3377/3377/3377 3365/3365/3365
f 3376/3376/3376 3365/3365/3365 3364/3364/3364
f 3377/3377/3377 3378/3378/3378 3366/3366/3366
f 3377/3377/3377 3366/3366/3366 3365/3365/3365
f 3378/3378/3378 3379/3379/3379 3367/3367/3367
f 3378/3378/3378 3367/3367/3367 3366/3366/3366
f 2745/2745/2745 2748/2748/2748 2751/2751/2751
f 2745/2745/2745 2751/2751/2751 2750/2750/2750
f 3380/3380/3380 3369/3369/3369 3357/3357/3357
f 3380/3380/3380 3357/3357/3357 3368/3368/3368
f 3363/3363/3363 3291/3291/3291 3290/3290/3290
f 3363/3363/3363 3290/3290/3290 3362/3362/3362
f 3289/3289/3289 3290/3290/3290 3338/3338/3338
f 3289/3289/3289 3338/3338/3338 3337/3337/3337
f 3286/3286/3286 3287/3287/3287 3335/3335/3335
f 3286/3286/3286 3335/3335/3335 3334/3334/3334
f 3303/3303/3303 3371/3371/3371 3370/3370/3370
f 3303/3303/3303 3370/3370/3370 3300/3300/3300
f 3291/3291/3291 3292/3292/3292 3340/3340/3340
f 3291/3291/3291 3340/3340/3340 3339/3339/3339
f 3361/3361/3361 3289/3289/3289 3288/3288/3288
f 3361/3361/3361 3288/3288/3288 3360/3360/3360
f 3329/3329/3329 3331/3331/3331 3380/3380/3380
f 3329/3329/3329 3380/3380/3380 3379/3379/3379
f 3362/3362/3362 3290/3290/3290 3289/3289/3289
f 3362/3362/3362 3289/3289/3289 3361/3361/3361
f 3290/3290/3290 3291/3291/3291 3339/3339/3339
f 3290/3290/3290 3339/3339/3339 3338/3338/3338
f 3365/3365/3365 3293/3293/3293 3292/3292/3292
f 3365/3365/3365 3292/3292/3292 3364/3364/3364
f 3309/3309/3309 3373/3373/3373 3372/3372/3372
f 3309/3309/3309 3372/3372/3372 3306/3306/3306
f 3327/3327/3327 3325/3325/3325 3354/3354/3354
f 3327/3327/3327 3354/3354/3354 3355/3355/3355
f 3285/3285/3285 3286/3286/3286 3334/3334/3334
f 3285/3285/3285 3334/3334/3334 3333/3333/3333
f 3364/3364/3364 3292/3292/3292 3291/3291/3291
f 3364/3364/3364 3291/3291/3291 3363/3363/3363
f 3368/3368/3368 3357/3357/3357 3285/3285/3285
f 3368/3368/3368 3285/3285/3285 3296/3296/3296
f 3315/3315/3315 3320/3320/3320 3376/3376/3376
f 3315/3315/3315 3376/3376/3376 3375/3375/3375
f 3333/3333/3333 3334/3334/3334 3301/3301/3301
f 3333/3333/3333 3301/3301/3301 3298/3298/3298
f 3366/3366/3366 3294/3294/3294 3293/3293/3293
f 3366/3366/3366 3293/3293/3293 3365/3365/3365
f 3367/3367/3367 3295/3295/3295 3294/3294/3294
f 3367/3367/3367 3294/3294/3294 3366/3366/3366
f 3329/3329/3329 3379/3379/3379 3378/3378/3378
f 3329/3329/3329 3378/3378/3378 3326/3326/3326
f 3368/3368/3368 3296/3296/3296 3295/3295/3295
f 3368/3368/3368 3295/3295/3295 3367/3367/3367
f 3285/3285/3285 3357/3357/3357 3358/3358/3358
f 3285/3285/3285 3358/3358/3358 3286/3286/3286
f 3294/3294/3294 3295/3295/3295 3343/3343/3343
f 3294/3294/3294 3343/3343/3343 3342/3342/3342
f 3306/3306/3306 3372/3372/3372 3371/3371/3371
f 3306/3306/3306 3371/3371/3371 3303/3303/3303
f 3309/3309/3309 3313/3313/3313 3374/3374/3374
f 3309/3309/3309 3374/3374/3374 3373/3373/3373
f 3337/3337/3337 3338/3338/3338 3312/3312/3312
f 3337/3337/3337 3312/3312/3312 3310/3310/3310
f 3369/3369/3369 3370/3370/3370 3358/3358/3358
f 3369/3369/3369 3358/3358/3358 3357/3357/3357
f 3379/3379/3379 3380/3380/3380 3368/3368/3368
f 3379/3379/3379 3368/3368/3368 3367/3367/3367
f 3326/3326/3326 3378/3378/3378 3377/3377/3377
f 3326/3326/3326 3377/3377/3377 3323/3323/3323
f 3375/3375/3375 3376/3376/3376 3364/3364/3364
f 3375/3375/3375 3364/3364/3364 3363/3363/3363
f 3373/3373/3373 3374/3374/3374 3362/3362/3362
f 3373/3373/3373 3362/3362/3362 3361/3361/3361
f 3334/3334/3334 3335/3335/3335 3304/3304/3304
f 3334/3334/3334 3304/3304/3304 3301/3301/3301
f 3335/3335/3335 3336/3336/3336 3307/3307/3307
f 3335/3335/3335 3307/3307/3307 3304/3304/3304
f 3336/3336/3336 3337/3337/3337 3310/3310/3310
f 3336/3336/3336 3310/3310/3310 3307/3307/3307
f 3339/3339/3339 3340/3340/3340 3319/3319/3319
f 3339/3339/3339 3319/3319/3319 3317/3317/3317
f 3338/3338/3338 3339/3339/3339 3317/3317/3317
f 3338/3338/3338 3317/3317/3317 3312/3312/3312
f 3343/3343/3343 3344/3344/3344 3332/3332/3332
f 3343/3343/3343 3332/3332/3332 3328/3328/3328
f 3340/3340/3340 3341/3341/3341 3322/3322/3322
f 3340/3340/3340 3322/3322/3322 3319/3319/3319
f 3341/3341/3341 3342/3342/3342 3324/3324/3324
f 3341/3341/3341 3324/3324/3324 3322/3322/3322
f 3342/3342/3342 3343/3343/3343 3328/3328/3328
f 3342/3342/3342 3328/3328/3328 3324/3324/3324
f 3344/3344/3344 3333/3333/3333 3298/3298/3298
f 3344/3344/3344 3298/3298/3298 3332/3332/3332
f 3296/3296/3296 3285/3285/3285 3333/3333/3333
f 3296/3296/3296 3333/3333/3333 3344/3344/3344
f 3287/3287/3287 3288/3288/3288 3336/3336/3336
f 3287/3287/3287 3336/3336/3336 3335/3335/3335
f 3311/3311/3311 3349/3349/3349 3350/3350/3350
f 3311/3311/3311 3350/3350/3350 3314/3314/3314
f 3292/3292/3292 3293/3293/3293 3341/3341/3341
f 3292/3292/3292 3341/3341/3341 3340/3340/3340
f 3288/3288/3288 3289/3289/3289 3337/3337/3337
f 3288/3288/3288 3337/3337/3337 3336/3336/3336
f 3293/3293/3293 3294/3294/3294 3342/3342/3342
f 3293/3293/3293 3342/3342/3342 3341/3341/3341
f 3330/3330/3330 3327/3327/3327 3355/3355/3355
f 3330/3330/3330 3355/3355/3355 3356/3356/3356
f 3302/3302/3302 3299/3299/3299 3345/3345/3345
f 3302/3302/3302 3345/3345/3345 3346/3346/3346
f 3305/3305/3305 3302/3302/3302 3346/3346/3346
f 3305/3305/3305 3346/3346/3346 3347/3347/3347
f 3318/3318/3318 3316/3316/3316 3351/3351/3351
f 3318/3318/3318 3351/3351/3351 3352/3352/3352
f 3316/3316/3316 3314/3314/3314 3350/3350/3350
f 3316/3316/3316 3350/3350/3350 3351/3351/3351
f 3330/3330/3330 3356/3356/3356 3345/3345/3345
f 3330/3330/3330 3345/3345/3345 3299/3299/3299
f 3308/3308/3308 3305/3305/3305 3347/3347/3347
f 3308/3308/3308 3347/3347/3347 3348/3348/3348
f 3321/3321/3321 3318/3318/3318 3352/3352/3352
f 3321/3321/3321 3352/3352/3352 3353/3353/3353
f 3311/3311/3311 3308/3308/3308 3348/3348/3348
f 3311/3311/3311 3348/3348/3348 3349/3349/3349
f 3325/3325/3325 3321/3321/3321 3353/3353/3353
f 3325/3325/3325 3353/3353/3353 3354/3354/3354
f 2873/2873/2873 2872/2872/2872 2875/2875/2875
f 2873/2873/2873 2875/2875/2875 2876/2876/2876
f 3389/3389/3389 3386/3386/3386 3384/3384/3384
f 3389/3389/3389 3384/3384/3384 3388/3388/3388
f 3486/3486/3486 3488/3488/3488 3489/3489/3489
f 3486/3486/3486 3489/3489/3489 3487/3487/3487
f 3386/3386/3386 3383/3383/3383 3382/3382/3382
f 3386/3386/3386 3382/3382/3382 3384/3384/3384
f 3479/3479/3479 3480/3480/3480 3422/3422/3422
f 3479/3479/3479 3422/3422/3422 3418/3418/3418
f 3477/3477/3477 3476/3476/3476 3464/3464/3464
f 3477/3477/3477 3464/3464/3464 3465/3465/3465
f 3478/3478/3478 3477/3477/3477 3465/3465/3465
f 3478/3478/3478 3465/3465/3465 3466/3466/3466
f 3428/3428/3428 3425/3425/3425 3481/3481/3481
f 3428/3428/3428 3481/3481/3481 3482/3482/3482
f 3480/3480/3480 3479/3479/3479 3467/3467/3467
f 3480/3480/3480 3467/3467/3467 3468/3468/3468
f 3436/3436/3436 3485/3485/3485 3474/3474/3474
f 3436/3436/3436 3474/3474/3474 3402/3402/3402
f 3482/3482/3482 3481/3481/3481 3469/3469/3469
f 3482/3482/3482 3469/3469/3469 3470/3470/3470
f 3483/3483/3483 3482/3482/3482 3470/3470/3470
f 3483/3483/3483 3470/3470/3470 3471/3471/3471
f 3484/3484/3484 3483/3483/3483 3471/3471/3471
f 3484/3484/3484 3471/3471/3471 3472/3472/3472
f 3485/3485/3485 3473/3473/3473 3462/3462/3462
f 3485/3485/3485 3462/3462/3462 3474/3474/3474
f 3468/3468/3468 3467/3467/3467 3395/3395/3395
f 3468/3468/3468 3395/3395/3395 3396/3396/3396
f 3400/3400/3400 3448/3448/3448 3449/3449/3449
f 3400/3400/3400 3449/3449/3449 3401/3401/3401
f 3396/3396/3396 3444/3444/3444 3445/3445/3445
f 3396/3396/3396 3445/3445/3445 3397/3397/3397
f 3406/3406/3406 3475/3475/3475 3476/3476/3476
f 3406/3406/3406 3476/3476/3476 3408/3408/3408
f 3466/3466/3466 3465/3465/3465 3393/3393/3393
f 3466/3466/3466 3393/3393/3393 3394/3394/3394
f 3436/3436/3436 3433/3433/3433 3484/3484/3484
f 3436/3436/3436 3484/3484/3484 3485/3485/3485
f 3467/3467/3467 3466/3466/3466 3394/3394/3394
f 3467/3467/3467 3394/3394/3394 3395/3395/3395
f 3395/3395/3395 3443/3443/3443 3444/3444/3444
f 3395/3395/3395 3444/3444/3444 3396/3396/3396
f 3470/3470/3470 3469/3469/3469 3397/3397/3397
f 3470/3470/3470 3397/3397/3397 3398/3398/3398
f 3477/3477/3477 3478/3478/3478 3415/3415/3415
f 3477/3477/3477 3415/3415/3415 3411/3411/3411
f 3434/3434/3434 3460/3460/3460 3459/3459/3459
f 3434/3434/3434 3459/3459/3459 3429/3429/3429
f 3394/3394/3394 3442/3442/3442 3443/3443/3443
f 3394/3394/3394 3443/3443/3443 3395/3395/3395
f 3469/3469/3469 3468/3468/3468 3396/3396/3396
f 3469/3469/3469 3396/3396/3396 3397/3397/3397
f 3473/3473/3473 3401/3401/3401 3390/3390/3390
f 3473/3473/3473 3390/3390/3390 3462/3462/3462
f 3390/3390/3390 3438/3438/3438 3439/3439/3439
f 3390/3390/3390 3439/3439/3439 3391/3391/3391
f 3425/3425/3425 3422/3422/3422 3480/3480/3480
f 3425/3425/3425 3480/3480/3480 3481/3481/3481
f 3407/3407/3407 3409/3409/3409 3440/3440/3440
f 3407/3407/3407 3440/3440/3440 3439/3439/3439
f 3471/3471/3471 3470/3470/3470 3398/3398/3398
f 3471/3471/3471 3398/3398/3398 3399/3399/3399
f 3472/3472/3472 3471/3471/3471 3399/3399/3399
f 3472/3472/3472 3399/3399/3399 3400/3400/3400
f 3483/3483/3483 3484/3484/3484 3433/3433/3433
f 3483/3483/3483 3433/3433/3433 3431/3431/3431
f 3473/3473/3473 3472/3472/3472 3400/3400/3400
f 3473/3473/3473 3400/3400/3400 3401/3401/3401
f 3462/3462/3462 3390/3390/3390 3391/3391/3391
f 3462/3462/3462 3391/3391/3391 3463/3463/3463
f 3476/3476/3476 3477/3477/3477 3411/3411/3411
f 3476/3476/3476 3411/3411/3411 3408/3408/3408
f 3399/3399/3399 3447/3447/3447 3448/3448/3448
f 3399/3399/3399 3448/3448/3448 3400/3400/3400
f 3454/3454/3454 3416/3416/3416 3419/3419/3419
f 3454/3454/3454 3419/3419/3419 3455/3455/3455
f 3418/3418/3418 3415/3415/3415 3478/3478/3478
f 3418/3418/3418 3478/3478/3478 3479/3479/3479
f 3403/3403/3403 3407/3407/3407 3439/3439/3439
f 3403/3403/3403 3439/3439/3439 3438/3438/3438
f 3485/3485/3485 3484/3484/3484 3472/3472/3472
f 3485/3485/3485 3472/3472/3472 3473/3473/3473
f 3482/3482/3482 3483/3483/3483 3431/3431/3431
f 3482/3482/3482 3431/3431/3431 3428/3428/3428
f 3481/3481/3481 3480/3480/3480 3468/3468/3468
f 3481/3481/3481 3468/3468/3468 3469/3469/3469
f 3479/3479/3479 3478/3478/3478 3466/3466/3466
f 3479/3479/3479 3466/3466/3466 3467/3467/3467
f 3476/3476/3476 3475/3475/3475 3463/3463/3463
f 3476/3476/3476 3463/3463/3463 3464/3464/3464
f 3414/3414/3414 3417/3417/3417 3443/3443/3443
f 3414/3414/3414 3443/3443/3443 3442/3442/3442
f 3409/3409/3409 3412/3412/3412 3441/3441/3441
f 3409/3409/3409 3441/3441/3441 3440/3440/3440
f 3412/3412/3412 3414/3414/3414 3442/3442/3442
f 3412/3412/3412 3442/3442/3442 3441/3441/3441
f 3421/3421/3421 3424/3424/3424 3445/3445/3445
f 3421/3421/3421 3445/3445/3445 3444/3444/3444
f 3417/3417/3417 3421/3421/3421 3444/3444/3444
f 3417/3417/3417 3444/3444/3444 3443/3443/3443
f 3432/3432/3432 3437/3437/3437 3449/3449/3449
f 3432/3432/3432 3449/3449/3449 3448/3448/3448
f 3424/3424/3424 3427/3427/3427 3446/3446/3446
f 3424/3424/3424 3446/3446/3446 3445/3445/3445
f 3427/3427/3427 3430/3430/3430 3447/3447/3447
f 3427/3427/3427 3447/3447/3447 3446/3446/3446
f 3430/3430/3430 3432/3432/3432 3448/3448/3448
f 3430/3430/3430 3448/3448/3448 3447/3447/3447
f 3449/3449/3449 3437/3437/3437 3403/3403/3403
f 3449/3449/3449 3403/3403/3403 3438/3438/3438
f 3449/3449/3449 3438/3438/3438 3390/3390/3390
f 3449/3449/3449 3390/3390/3390 3401/3401/3401
f 3440/3440/3440 3441/3441/3441 3393/3393/3393
f 3440/3440/3440 3393/3393/3393 3392/3392/3392
f 3445/3445/3445 3446/3446/3446 3398/3398/3398
f 3445/3445/3445 3398/3398/3398 3397/3397/3397
f 3441/3441/3441 3442/3442/3442 3394/3394/3394
f 3441/3441/3441 3394/3394/3394 3393/3393/3393
f 3446/3446/3446 3447/3447/3447 3399/3399/3399
f 3446/3446/3446 3399/3399/3399 3398/3398/3398
f 3435/3435/3435 3461/3461/3461 3460/3460/3460
f 3435/3435/3435 3460/3460/3460 3434/3434/3434
f 3451/3451/3451 3405/3405/3405 3410/3410/3410
f 3451/3451/3451 3410/3410/3410 3452/3452/3452
f 3423/3423/3423 3457/3457/3457 3456/3456/3456
f 3423/3423/3423 3456/3456/3456 3420/3420/3420
f 3405/3405/3405 3451/3451/3451 3450/3450/3450
f 3405/3405/3405 3450/3450/3450 3404/3404/3404
f 3420/3420/3420 3456/3456/3456 3455/3455/3455
f 3420/3420/3420 3455/3455/3455 3419/3419/3419
f 3461/3461/3461 3435/3435/3435 3404/3404/3404
f 3461/3461/3461 3404/3404/3404 3450/3450/3450
f 3413/3413/3413 3453/3453/3453 3452/3452/3452
f 3413/3413/3413 3452/3452/3452 3410/3410/3410
f 3426/3426/3426 3458/3458/3458 3457/3457/3457
f 3426/3426/3426 3457/3457/3457 3423/3423/3423
f 3416/3416/3416 3454/3454/3454 3453/3453/3453
f 3416/3416/3416 3453/3453/3453 3413/3413/3413
f 3429/3429/3429 3459/3459/3459 3458/3458/3458
f 3429/3429/3429 3458/3458/3458 3426/3426/3426
f 3475/3475/3475 3474/3474/3474 3462/3462/3462
f 3475/3475/3475 3462/3462/3462 3463/3463/3463
f 2989/2989/2989 2990/2990/2990 2993/2993/2993
f 2989/2989/2989 2993/2993/2993 2992/2992/2992
f 1959/1959/1959 1962/1962/1962 2032/2032/2032
f 1959/1959/1959 2032/2032/2032 2031/2031/2031
f 2161/2161/2161 2166/2166/2166 2163/2163/2163
f 2161/2161/2161 2163/2163/2163 2160/2160/2160
f 2855/2855/2855 2854/2854/2854 2857/2857/2857
f 2855/2855/2855 2857/2857/2857 2861/2861/2861
f 2738/2738/2738 2743/2743/2743 2740/2740/2740
f 2738/2738/2738 2740/2740/2740 2737/2737/2737
f 1957/1957/1957 1958/1958/1958 2006/2006/2006
f 1957/1957/1957 2006/2006/2006 2005/2005/2005
f 2047/2047/2047 2043/2043/2043 2045/2045/2045
f 2047/2047/2047 2045/2045/2045 2048/2048/2048
f 2267/2267/2267 2270/2270/2270 2273/2273/2273
f 2267/2267/2267 2273/2273/2273 2272/2272/2272
f 2156/2156/2156 2154/2154/2154 2152/2152/2152
f 2156/2156/2156 2152/2152/2152 2153/2153/2153
f 3246/3246/3246 3237/3237/3237 3197/3197/3197
f 3246/3246/3246 3197/3197/3197 3206/3206/3206
f 2508/2508/2508 2510/2510/2510 2516/2516/2516
f 2508/2508/2508 2516/2516/2516 2515/2515/2515
f 2171/2171/2171 2162/2162/2162 2216/2216/2216
f 2171/2171/2171 2216/2216/2216 2223/2223/2223
f 2289/2289/2289 2290/2290/2290 2283/2283/2283
f 2289/2289/2289 2283/2283/2283 2281/2281/2281
f 2452/2452/2452 2453/2453/2453 2402/2402/2402
f 2452/2452/2452 2402/2402/2402 2401/2401/2401
f 2975/2975/2975 2978/2978/2978 2984/2984/2984
f 2975/2975/2975 2984/2984/2984 2983/2983/2983
f 3085/3085/3085 3100/3100/3100 3127/3127/3127
f 3085/3085/3085 3127/3127/3127 3112/3112/3112
f 2521/2521/2521 2522/2522/2522 2525/2525/2525
f 2521/2521/2521 2525/2525/2525 2524/2524/2524
f 2639/2639/2639 2638/2638/2638 2641/2641/2641
f 2639/2639/2639 2641/2641/2641 2642/2642/2642
f 88/88/88 90/90/90 94/94/94
f 88/88/88 94/94/94 104/104/104
f 637/637/637 579/579/579 577/577/577
f 637/637/637 577/577/577 636/636/636
f 581/581/581 583/583/583 924/924/924
f 581/581/581 924/924/924 922/922/922
f 1250/1250/1250 1275/1275/1275 1277/1277/1277
f 1250/1250/1250 1277/1277/1277 1251/1251/1251
f 1902/1902/1902 1910/1910/1910 1906/1906/1906
f 1902/1902/1902 1906/1906/1906 1894/1894/1894
f 1941/1941/1941 1920/1920/1920 1932/1932/1932
f 1941/1941/1941 1932/1932/1932 1944/1944/1944
f 1926/1926/1926 1943/1943/1943 1939/1939/1939
f 1926/1926/1926 1939/1939/1939 1914/1914/1914
f 1881/1881/1881 1890/1890/1890 1901/1901/1901
f 1881/1881/1881 1901/1901/1901 1889/1889/1889
f 394/394/394 393/393/393 406/406/406
f 394/394/394 406/406/406 410/410/410
f 394/394/394 380/380/380 379/379/379
f 394/394/394 379/379/379 393/393/393
f 1651/1651/1651 1600/1600/1600 1601/1601/1601
f 1651/1651/1651 1601/1601/1601 1652/1652/1652
f 3300/3300/3300 3370/3370/3370 3369/3369/3369
f 3300/3300/3300 3369/3369/3369 3297/3297/3297
f 2409/2409/2409 2407/2407/2407 2479/2479/2479
f 2409/2409/2409 2479/2479/2479 2480/2480/2480
f 3279/3279/3279 3277/3277/3277 3281/3281/3281
f 3278/3278/3278 3279/3279/3279 3280/3280/3280
f 3283/3283/3283 3280/3280/3280 3284/3284/3284
f 3281/3281/3281 3282/3282/3282 3284/3284/3284
f 10/10/10 3491/3491/3491 3494/3494/3494
f 10/10/10 3494/3494/3494 41/41/41
f 18/18/18 3490/3490/3490 3492/3492/3492
f 18/18/18 3492/3492/3492 53/53/53
f 54/54/54 3493/3493/3493 3494/3494/3494
f 54/54/54 3494/3494/3494 61/61/61
f 18/18/18 22/22/22 3491/3491/3491
f 18/18/18 3491/3491/3491 3490/3490/3490
f 12/12/12 3496/3496/3496 3499/3499/3499
f 12/12/12 3499/3499/3499 44/44/44
f 6/6/6 3495/3495/3495 3497/3497/3497
f 6/6/6 3497/3497/3497 34/34/34
f 31/31/31 44/44/44 3499/3499/3499
f 31/31/31 3499/3499/3499 3498/3498/3498
f 4/4/4 3495/3495/3495 3496/3496/3496
f 4/4/4 3496/3496/3496 12/12/12
